customerID,gender,SeniorCitizen,Partner,Dependents,tenure,PhoneService,MultipleLines,InternetService,OnlineSecurity,OnlineBackup,DeviceProtection,TechSupport,StreamingTV,StreamingMovies,Contract,PaperlessBilling,PaymentMethod,MonthlyCharges,TotalCharges,Churn
CUST-104458,Male,0,No,Yes,57,Yes,Yes,Fiber optic,No,Yes,Yes,No,No,Yes,Month-to-month,Yes,Electronic check,86.91,4997.62,No
CUST-103023,Male,0,Yes,Yes,30,Yes,No,DSL,No,No,Yes,No,Yes,No,Month-to-month,Yes,Bank transfer (automatic),58.43,1771.84,No
CUST-105347,Male,0,Yes,No,5,Yes,No,No,No internet service,No internet service,No internet service,No internet service,No internet service,No internet service,Month-to-month,Yes,Bank transfer (automatic),23.52,117.11,No
CUST-100830,Male,0,No,No,40,Yes,Yes,DSL,No,No,No,No,Yes,Yes,Two year,Yes,Mailed check,68.1,2703.63,No
CUST-105915,Male,0,No,No,7,Yes,Yes,Fiber optic,No,Yes,No,No,No,Yes,Month-to-month,No,Bank transfer (automatic),77.82,545.87,Yes
CUST-100131,Female,1,Yes,No,71,Yes,No,Fiber optic,No,No,No,Yes,No,No,Two year,No,Bank transfer (automatic),70.39,4998.3,No
CUST-103666,Female,0,No,No,11,Yes,Yes,No,No internet service,No internet service,No internet service,No internet service,No internet service,No internet service,Two year,No,Bank transfer (automatic),25.4,302.04,No
CUST-102142,Female,0,Yes,Yes,31,Yes,Yes,DSL,No,No,No,No,Yes,Yes,Two year,Yes,Mailed check,63.15,1969.88,No
CUST-105137,Female,0,Yes,Yes,45,Yes,Yes,Fiber optic,No,No,Yes,No,Yes,Yes,One year,Yes,Mailed check,90.51,4091.7,No
CUST-102242,Male,0,Yes,Yes,59,Yes,No,Fiber optic,No,Yes,Yes,No,No,No,One year,No,Bank transfer (automatic),77.9,4615.91,No
CUST-106838,Male,0,No,No,5,Yes,No,Fiber optic,Yes,No,Yes,Yes,No,No,Month-to-month,Yes,Bank transfer (automatic),83.14,393.1,Yes
CUST-102395,Female,0,No,No,51,Yes,Yes,No,No internet service,No internet service,No internet service,No internet service,No internet service,No internet service,Month-to-month,Yes,Electronic check,33.08,1665.8,Yes
CUST-106660,Male,0,No,No,5,Yes,Yes,Fiber optic,No,No,No,Yes,No,Yes,Month-to-month,Yes,Mailed check,76.18,396.96,Yes
CUST-102333,Female,0,Yes,Yes,52,Yes,No,No,No internet service,No internet service,No internet service,No internet service,No internet service,No internet service,Month-to-month,No,Bank transfer (automatic),23.55,1251.17,No
CUST-104842,Male,0,No,No,66,Yes,No,No,No internet service,No internet service,No internet service,No internet service,No internet service,No internet service,Two year,Yes,Mailed check,22.79,1524.78,No
CUST-106715,Male,0,No,No,15,Yes,No,Fiber optic,Yes,Yes,Yes,No,Yes,No,Two year,No,Mailed check,92.64,1367.36,No
CUST-106557,Male,0,No,No,29,Yes,No,DSL,Yes,Yes,Yes,No,No,Yes,Month-to-month,Yes,Bank transfer (automatic),68.42,1963.0,No
CUST-100905,Female,0,Yes,No,5,Yes,Yes,Fiber optic,No,No,Yes,No,No,Yes,One year,Yes,Credit card (automatic),78.4,364.4,No
CUST-104705,Male,0,No,No,10,Yes,No,Fiber optic,No,No,Yes,Yes,No,No,Month-to-month,Yes,Electronic check,76.16,779.04,No
CUST-103925,Female,0,Yes,No,4,No,No phone service,No,No internet service,No internet service,No internet service,No internet service,No internet service,No internet service,One year,No,Credit card (automatic),18.0,78.67,No
CUST-100213,Male,0,Yes,Yes,5,Yes,No,No,No internet service,No internet service,No internet service,No internet service,No internet service,No internet service,Month-to-month,No,Electronic check,21.63,99.73,No
CUST-100563,Male,0,Yes,Yes,57,Yes,No,Fiber optic,No,No,Yes,No,Yes,No,Month-to-month,No,Mailed check,75.55,4308.32,No
CUST-105888,Female,0,No,No,64,Yes,No,Fiber optic,No,No,Yes,Yes,No,No,Two year,Yes,Bank transfer (automatic),75.96,4869.84,No
CUST-106942,Female,1,No,Yes,13,Yes,Yes,DSL,No,No,Yes,Yes,Yes,No,Two year,Yes,Credit card (automatic),68.87,892.12,No
CUST-100712,Female,0,Yes,Yes,0,Yes,No,Fiber optic,No,Yes,Yes,No,Yes,No,Month-to-month,Yes,Electronic check,78.78,78.78,Yes
CUST-105164,Male,0,Yes,Yes,22,Yes,No,DSL,No,No,Yes,Yes,No,No,One year,No,Electronic check,54.89,1237.23,No
CUST-103971,Female,0,Yes,No,23,Yes,Yes,DSL,Yes,Yes,Yes,Yes,No,No,Two year,No,Mailed check,74.87,1713.25,No
CUST-104673,Female,0,No,Yes,3,Yes,Yes,No,No internet service,No internet service,No internet service,No internet service,No internet service,No internet service,Month-to-month,No,Electronic check,28.06,127.94,No
CUST-105480,Female,0,Yes,No,17,Yes,Yes,Fiber optic,No,No,Yes,No,Yes,No,Month-to-month,No,Electronic check,84.28,1445.19,Yes
CUST-100162,Male,1,No,No,37,Yes,Yes,No,No internet service,No internet service,No internet service,No internet service,No internet service,No internet service,One year,Yes,Credit card (automatic),24.61,935.77,Yes
CUST-101796,Female,1,No,No,30,No,No phone service,DSL,No,No,Yes,No,No,Yes,One year,No,Electronic check,52.6,1583.17,No
CUST-105549,Female,0,No,No,22,Yes,No,DSL,No,No,Yes,Yes,Yes,Yes,One year,Yes,Bank transfer (automatic),71.84,1577.48,Yes
CUST-100221,Male,0,Yes,Yes,40,No,No phone service,No,No internet service,No internet service,No internet service,No internet service,No internet service,No internet service,One year,Yes,Mailed check,19.91,824.83,No
CUST-105636,Male,0,No,No,70,Yes,Yes,DSL,No,No,No,Yes,No,No,Month-to-month,Yes,Mailed check,56.2,3898.51,No
CUST-105176,Male,0,No,No,71,Yes,No,No,No internet service,No internet service,No internet service,No internet service,No internet service,No internet service,Two year,No,Mailed check,19.63,1385.65,No
CUST-105637,Male,0,Yes,Yes,30,Yes,Yes,No,No internet service,No internet service,No internet service,No internet service,No internet service,No internet service,Month-to-month,Yes,Bank transfer (automatic),22.07,667.39,No
CUST-102746,Male,1,No,No,51,Yes,No,Fiber optic,No,No,Yes,Yes,Yes,No,Two year,Yes,Credit card (automatic),82.04,4191.8,No
CUST-106479,Male,0,No,No,22,Yes,No,Fiber optic,No,No,No,Yes,Yes,Yes,Month-to-month,Yes,Mailed check,87.78,1935.4,Yes
CUST-105298,Male,0,Yes,Yes,41,Yes,No,DSL,No,Yes,Yes,No,No,No,Month-to-month,No,Mailed check,56.24,2301.05,No
CUST-104745,Male,0,No,No,20,Yes,Yes,DSL,Yes,No,No,Yes,No,Yes,Month-to-month,Yes,Bank transfer (automatic),63.6,1275.33,No
CUST-104600,Female,0,No,No,46,Yes,Yes,No,No internet service,No internet service,No internet service,No internet service,No internet service,No internet service,Month-to-month,No,Bank transfer (automatic),24.88,1140.67,Yes
CUST-101350,Male,0,Yes,Yes,56,No,No phone service,Fiber optic,Yes,Yes,No,Yes,No,No,One year,Yes,Bank transfer (automatic),74.06,4128.17,No
CUST-101419,Male,0,Yes,Yes,34,No,No phone service,DSL,Yes,No,Yes,Yes,Yes,Yes,Two year,Yes,Electronic check,72.3,2470.13,No
CUST-101059,Male,0,No,Yes,24,Yes,No,Fiber optic,No,No,Yes,Yes,No,No,Month-to-month,Yes,Bank transfer (automatic),76.26,1854.32,Yes
CUST-105723,Female,0,No,No,18,Yes,Yes,Fiber optic,No,No,No,No,Yes,No,Month-to-month,Yes,Mailed check,77.69,1379.68,No
CUST-106849,Male,0,Yes,Yes,50,Yes,No,DSL,No,No,No,Yes,Yes,No,Two year,Yes,Mailed check,59.66,2989.51,No
CUST-102522,Male,0,No,No,67,Yes,No,DSL,Yes,No,Yes,Yes,No,Yes,Month-to-month,No,Credit card (automatic),68.74,4626.7,No
CUST-102516,Female,0,No,No,23,Yes,Yes,DSL,No,Yes,Yes,No,Yes,No,Two year,Yes,Electronic check,64.5,1472.31,No
CUST-104355,female ,0,No,No,19,Yes,No,No,No internet service,No internet service,No internet service,No internet service,No internet service,No internet service,One year,Yes,Electronic check,26.88,533.23,Yes
CUST-100885,Female,1,Yes,Yes,5,Yes,Yes,Fiber optic,No,No,Yes,Yes,No,No,Month-to-month,Yes,Mailed check,81.9,411.34,Yes
CUST-101915,Female,0,No,No,53,Yes,Yes,DSL,Yes,Yes,Yes,Yes,Yes,Yes,Month-to-month,No,Electronic check,79.96,4257.11,No
CUST-106918,Male,0,Yes,No,35,Yes,Yes,No,No internet service,No internet service,No internet service,No internet service,No internet service,No internet service,Two year,No,Bank transfer (automatic),22.01,783.19,No
CUST-106113,Female,0,No,No,65,No,No phone service,DSL,No,Yes,Yes,Yes,Yes,No,Month-to-month,No,Mailed check,64.68,4199.18,No
CUST-104243,Male,1,No,No,53,Yes,No,No,No internet service,No internet service,No internet service,No internet service,No internet service,No internet service,Month-to-month,No,Bank transfer (automatic),23.17,1185.51,No
CUST-104543,Female,0,No,No,72,Yes,Yes,Fiber optic,No,Yes,Yes,No,No,No,Two year,Yes,Bank transfer (automatic),86.43,6219.82,No
CUST-105677,Male,0,No,No,40,Yes,Yes,DSL,Yes,Yes,Yes,Yes,Yes,Yes,Two year,Yes,Electronic check,87.54,3528.29,No
CUST-102959,Male,0,No,No,9,Yes,Yes,Fiber optic,No,No,No,No,No,No,Month-to-month,No,Mailed check,64.52,543.25,Yes
CUST-101647,Female,0,No,Yes,10,Yes,Yes,No,No internet service,No internet service,No internet service,No internet service,No internet service,No internet service,Month-to-month,No,Bank transfer (automatic),30.32,293.34,Yes
CUST-100739,Female,0,Yes,Yes,46,Yes,Yes,DSL,No,Yes,No,No,Yes,No,One year,Yes,Bank transfer (automatic),59.13,2729.92,No
CUST-100786,Male,1,No,No,22,Yes,Yes,DSL,No,No,No,No,Yes,No,One year,Yes,Bank transfer (automatic),56.51,1222.02,No
CUST-102587,Male,0,Yes,Yes,28,Yes,No,No,No internet service,No internet service,No internet service,No internet service,No internet service,No internet service,Two year,Yes,Credit card (automatic),18.38,533.78,No
CUST-105552,Female,1,No,No,48,No,No phone service,No,No internet service,No internet service,No internet service,No internet service,No internet service,No internet service,One year,No,Electronic check,18.22,913.7,No
CUST-103174,Female,0,No,No,15,Yes,No,No,No internet service,No internet service,No internet service,No internet service,No internet service,No internet service,One year,Yes,Credit card (automatic),21.59,334.22,No
CUST-105260,Female,0,Yes,No,23,Yes,Yes,Fiber optic,Yes,No,Yes,Yes,No,Yes,One year,Yes,Electronic check,91.74,2111.13,Yes
CUST-101707,female ,1,Yes,No,61,Yes,No,Fiber optic,No,No,No,No,Yes,No,Month-to-month,Yes,Credit card (automatic),73.74,4506.29,Yes
CUST-103021,Male,0,No,No,63,Yes,No,Fiber optic,Yes,No,No,No,No,Yes,Month-to-month,No,Credit card (automatic),85.18,5344.61,Yes
CUST-105797,Female,1,No,No,51,Yes,Yes,DSL,No,No,Yes,Yes,No,No,One year,Yes,Electronic check,59.66,3061.97,No
CUST-103618,Male,0,No,No,54,Yes,No,DSL,No,Yes,Yes,No,No,No,Month-to-month,No,Bank transfer (automatic),54.25,2918.14,Yes
CUST-106808,Male,0,No,No,35,Yes,Yes,DSL,No,Yes,Yes,No,Yes,Yes,Month-to-month,No,Bank transfer (automatic),78.12,2754.62,No
CUST-106560,Female,1,No,No,16,Yes,No,DSL,No,No,No,No,Yes,Yes,One year,Yes,Bank transfer (automatic),61.99,975.3,Yes
CUST-105920,Male,0,No,No,4,Yes,No,Fiber optic,No,No,No,No,No,Yes,Month-to-month,Yes,Electronic check,69.46,275.41,Yes
CUST-104035,Male,1,No,No,41,Yes,No,Fiber optic,Yes,No,Yes,No,No,Yes,Month-to-month,No,Mailed check,83.68,3436.35,No
CUST-106986,Female,0,No,No,33,Yes,No,No,No internet service,No internet service,No internet service,No internet service,No internet service,No internet service,One year,No,Electronic check,19.39,629.4,No
CUST-100275,Male,0,Yes,Yes,70,Yes,No,Fiber optic,Yes,No,No,No,No,No,Month-to-month,Yes,Bank transfer (automatic),68.84,4846.76,No
CUST-101260,Male,0,Yes,Yes,0,Yes,Yes,Fiber optic,No,Yes,No,No,Yes,No,One year,No,Electronic check,83.03,83.03,Yes
CUST-102976,Male,0,Yes,No,24,Yes,Yes,Fiber optic,No,Yes,Yes,No,No,No,Month-to-month,Yes,Credit card (automatic),84.21,2024.97,Yes
CUST-103556,Female,1,No,No,58,Yes,Yes,Fiber optic,No,Yes,No,Yes,Yes,Yes,Two year,Yes,Electronic check,99.55,5776.94,No
CUST-103977,Female,0,No,Yes,11,Yes,Yes,Fiber optic,Yes,Yes,No,No,No,Yes,Month-to-month,Yes,Bank transfer (automatic),87.35,981.6,No
CUST-106282,Female,0,Yes,Yes,57,Yes,No,DSL,No,Yes,No,No,Yes,No,Month-to-month,Yes,Mailed check,58.44,3364.22,Yes
CUST-101841,Male,0,No,No,21,No,No phone service,DSL,No,Yes,Yes,Yes,No,Yes,One year,Yes,Credit card (automatic),63.54,1312.25,No
CUST-100266,Male,0,Yes,Yes,9,Yes,Yes,Fiber optic,Yes,No,No,No,No,No,Month-to-month,No,Electronic check,77.37,698.3,No
CUST-106923,Female,0,Yes,No,70,Yes,No,Fiber optic,Yes,No,No,Yes,No,No,Month-to-month,No,Credit card (automatic),72.82,5099.54,No
CUST-100706,Male,0,No,No,29,No,No phone service,DSL,No,No,No,Yes,Yes,Yes,Two year,Yes,Mailed check,60.32,1714.0,No
CUST-101257,Female,1,Yes,Yes,37,Yes,No,DSL,No,Yes,Yes,No,Yes,No,Two year,Yes,Bank transfer (automatic),62.95,2320.61,No
CUST-101830,Male,0,Yes,No,47,Yes,No,No,No internet service,No internet service,No internet service,No internet service,No internet service,No internet service,One year,No,Mailed check,21.15,960.98,No
CUST-100948,Female,0,No,No,60,Yes,Yes,No,No internet service,No internet service,No internet service,No internet service,No internet service,No internet service,Month-to-month,Yes,Electronic check,29.82,1815.98,No
CUST-102518,Male,0,Yes,No,55,Yes,Yes,Fiber optic,Yes,No,Yes,No,No,Yes,One year,Yes,Mailed check,88.73,4886.35,No
CUST-104282,Male,0,No,No,13,Yes,Yes,No,No internet service,No internet service,No internet service,No internet service,No internet service,No internet service,Month-to-month,No,Credit card (automatic),25.74,322.6,Yes
CUST-103408,Female,1,Yes,Yes,70,Yes,No,DSL,No,Yes,Yes,Yes,No,Yes,Two year,No,Credit card (automatic),66.57,4671.31,No
CUST-101741,Female,0,Yes,No,20,No,No phone service,No,No internet service,No internet service,No internet service,No internet service,No internet service,No internet service,Month-to-month,Yes,Bank transfer (automatic),25.43,503.55,No
CUST-104670,Male,1,Yes,No,49,Yes,No,DSL,Yes,Yes,Yes,No,No,Yes,Month-to-month,No,Credit card (automatic),67.54,3351.53,Yes
CUST-100740,Female,0,No,No,40,Yes,Yes,Fiber optic,No,Yes,No,Yes,Yes,Yes,Month-to-month,Yes,Mailed check,95.15,3803.4,Yes
CUST-101854,Male,1,Yes,No,19,Yes,No,DSL,Yes,No,No,Yes,No,Yes,Month-to-month,No,Mailed check,61.25,1164.76,No
CUST-100332,Male,0,Yes,Yes,43,Yes,Yes,DSL,Yes,No,Yes,No,No,Yes,Month-to-month,Yes,Credit card (automatic),68.89,2953.61,No
CUST-105612,Female,0,No,No,34,Yes,No,Fiber optic,No,No,No,Yes,Yes,No,One year,Yes,Bank transfer (automatic),75.86,2623.89,No
CUST-100500,Male,0,No,No,55,Yes,No,Fiber optic,Yes,Yes,Yes,No,No,Yes,Two year,Yes,Mailed check,85.04,4655.47,No
CUST-100650,Male,0,Yes,No,65,Yes,No,DSL,Yes,No,No,No,Yes,No,Two year,Yes,Bank transfer (automatic),61.24,3990.15,No
CUST-105747,Male,0,Yes,No,71,Yes,Yes,No,No internet service,No internet service,No internet service,No internet service,No internet service,No internet service,One year,Yes,Electronic check,29.34,2112.26,No
CUST-104882,Male,0,No,No,46,Yes,Yes,DSL,Yes,Yes,Yes,No,No,No,One year,No,Mailed check,64.4,2928.42,No
CUST-106312,Male,0,No,No,2,Yes,No,DSL,No,Yes,Yes,No,No,Yes,One year,No,Credit card (automatic),62.76,138.5,No
CUST-105724,Male,0,Yes,Yes,34,Yes,Yes,Fiber optic,No,No,No,Yes,No,No,Month-to-month,Yes,Credit card (automatic),74.12,2549.91,Yes
CUST-105373,Male,0,No,No,32,Yes,No,Fiber optic,Yes,No,Yes,Yes,Yes,No,Two year,Yes,Credit card (automatic),88.47,2832.03,Yes
CUST-106338,Female,1,Yes,No,44,Yes,No,Fiber optic,No,No,Yes,No,Yes,No,Month-to-month,No,Credit card (automatic),77.54,3419.23,Yes
CUST-102483,Male,0,No,No,65,Yes,Yes,No,No internet service,No internet service,No internet service,No internet service,No internet service,No internet service,One year,Yes,Bank transfer (automatic),32.98,2144.57,No
CUST-101555,Male,0,No,Yes,54,Yes,No,No,No internet service,No internet service,No internet service,No internet service,No internet service,No internet service,Month-to-month,No,Electronic check,22.03,1180.88,No
CUST-100596,Female,0,Yes,Yes,11,No,No phone service,DSL,No,Yes,No,Yes,No,No,One year,Yes,Electronic check,54.34,627.07,No
CUST-103641,Female,0,Yes,No,69,Yes,Yes,No,No internet service,No internet service,No internet service,No internet service,No internet service,No internet service,Month-to-month,No,Credit card (automatic),23.08,1633.46,No
CUST-100947,Male,0,Yes,Yes,14,Yes,No,No,No internet service,No internet service,No internet service,No internet service,No internet service,No internet service,Month-to-month,Yes,Electronic check,24.19,326.71,No
CUST-102905,Female,0,No,No,47,Yes,Yes,DSL,No,Yes,Yes,Yes,Yes,No,Month-to-month,No,Electronic check,69.52,3278.53,Yes
CUST-105276,Male,0,Yes,No,5,Yes,No,DSL,No,No,Yes,Yes,No,No,Two year,Yes,Credit card (automatic),52.78,274.41,No
CUST-102805,Female,0,Yes,No,44,Yes,Yes,DSL,No,Yes,Yes,No,Yes,No,One year,No,Credit card (automatic),74.29,3252.41,No
CUST-105611,Male,0,No,No,53,Yes,Yes,Fiber optic,Yes,Yes,No,Yes,Yes,Yes,Two year,No,Bank transfer (automatic),102.74,5422.6,No
CUST-103240,Male,0,No,No,8,Yes,Yes,DSL,Yes,Yes,No,No,No,No,Two year,No,Mailed check,54.71,447.67,No
CUST-104196,Female,0,Yes,Yes,39,Yes,No,Fiber optic,No,No,Yes,No,Yes,No,One year,No,Bank transfer (automatic),77.44,3024.77,No
CUST-102101,Female,0,No,No,38,Yes,No,DSL,Yes,No,No,No,No,No,One year,No,Electronic check,49.57,1899.49,No
CUST-101409,Male,0,No,No,45,Yes,Yes,DSL,Yes,Yes,No,Yes,Yes,Yes,One year,No,Bank transfer (automatic),79.39,3579.9,No
CUST-102461,Male,0,No,No,60,Yes,Yes,Fiber optic,No,No,No,Yes,Yes,Yes,Month-to-month,No,Credit card (automatic),90.32,5419.04,No
CUST-101269,Male,0,Yes,No,22,Yes,No,No,No internet service,No internet service,No internet service,No internet service,No internet service,No internet service,Two year,Yes,Credit card (automatic),21.31,478.21,No
CUST-100962,Female,0,No,No,38,Yes,No,No,No internet service,No internet service,No internet service,No internet service,No internet service,No internet service,Month-to-month,Yes,Credit card (automatic),22.02,830.19,No
CUST-106757,Male,0,Yes,No,30,Yes,No,DSL,Yes,Yes,No,Yes,No,No,One year,Yes,Mailed check,53.13,1583.73,No
CUST-101955,Male,0,No,No,24,Yes,No,Fiber optic,Yes,No,No,Yes,Yes,No,One year,Yes,Mailed check,81.25,1952.83,No
CUST-100351,Male,0,Yes,No,46,Yes,Yes,DSL,Yes,No,No,No,Yes,No,Month-to-month,Yes,Electronic check,63.87,2956.61,No
CUST-100915,Male,0,No,No,31,Yes,No,Fiber optic,No,No,No,Yes,No,No,Month-to-month,No,Bank transfer (automatic),70.21,2184.71,No
CUST-101242,Female,0,No,No,4,Yes,No,Fiber optic,Yes,Yes,No,No,Yes,Yes,Month-to-month,Yes,Credit card (automatic),95.22,404.83,Yes
CUST-102744,Male,0,Yes,No,17,Yes,Yes,Fiber optic,No,No,Yes,No,Yes,No,Month-to-month,No,Bank transfer (automatic),82.05,1401.05,No
CUST-103628,Female,1,No,No,31,Yes,No,No,No internet service,No internet service,No internet service,No internet service,No internet service,No internet service,Month-to-month,Yes,Electronic check,26.26,817.95,No
CUST-102547,Female,0,No,No,35,Yes,Yes,No,No internet service,No internet service,No internet service,No internet service,No internet service,No internet service,Two year,Yes,Credit card (automatic),25.35,875.62,No
CUST-100762,Female,0,No,No,68,Yes,No,No,No internet service,No internet service,No internet service,No internet service,No internet service,No internet service,Month-to-month,Yes,Mailed check,18.66,1272.9,No
CUST-106716,Female,0,Yes,Yes,21,Yes,No,No,No internet service,No internet service,No internet service,No internet service,No internet service,No internet service,Month-to-month,No,Credit card (automatic),20.48,423.49,Yes
CUST-105277,Female,0,No,No,35,Yes,Yes,Fiber optic,No,No,No,Yes,No,No,One year,No,Bank transfer (automatic),70.6,2456.12,No
CUST-101772,Male,0,Yes,No,29,Yes,Yes,Fiber optic,No,Yes,Yes,No,No,Yes,One year,No,Bank transfer (automatic),81.69,2362.55,No
CUST-103759,Female,0,No,No,27,Yes,No,No,No internet service,No internet service,No internet service,No internet service,No internet service,No internet service,Month-to-month,Yes,Mailed check,19.2,483.24,No
CUST-101795,Male,0,No,No,2,Yes,No,No,No internet service,No internet service,No internet service,No internet service,No internet service,No internet service,Two year,Yes,Credit card (automatic),21.01,51.45,No
CUST-100008,Male,0,Yes,No,31,Yes,No,DSL,No,No,Yes,Yes,Yes,Yes,One year,Yes,Credit card (automatic),74.27,2337.33,No
CUST-100687,Female,0,No,No,51,Yes,No,No,No internet service,No internet service,No internet service,No internet service,No internet service,No internet service,One year,No,Mailed check,28.42,1469.12,No
CUST-101634,Male,1,No,No,40,Yes,No,No,No internet service,No internet service,No internet service,No internet service,No internet service,No internet service,Month-to-month,Yes,Electronic check,21.87,847.57,No
CUST-102043,Female,0,No,No,63,Yes,Yes,Fiber optic,No,Yes,Yes,No,Yes,No,Month-to-month,Yes,Mailed check,90.1,5653.46,No
CUST-105688,Female,0,No,No,29,Yes,Yes,Fiber optic,No,No,Yes,No,No,No,One year,Yes,Electronic check,75.31,2195.51,No
CUST-104552,Male,1,No,Yes,52,Yes,No,DSL,Yes,No,No,Yes,Yes,No,One year,Yes,Electronic check,60.98,3170.78,Yes
CUST-105836,Female,0,Yes,No,3,Yes,Yes,DSL,No,Yes,Yes,No,Yes,Yes,Month-to-month,Yes,Credit card (automatic),79.5,224.06,No
CUST-102711,Male,0,Yes,No,65,Yes,No,DSL,No,No,No,Yes,Yes,No,Month-to-month,No,Credit card (automatic),61.81,4042.97,No
CUST-104466,Female,0,No,No,58,Yes,Yes,Fiber optic,No,Yes,No,No,No,No,Month-to-month,No,Electronic check,69.75,4041.83,No
CUST-102190,Male,0,Yes,No,14,Yes,No,DSL,Yes,No,No,No,No,Yes,Two year,No,Electronic check,58.48,835.21,Yes
CUST-102688,Female,0,Yes,No,65,Yes,No,No,No internet service,No internet service,No internet service,No internet service,No internet service,No internet service,Month-to-month,Yes,Electronic check,25.88,1670.1,No
CUST-102130,Female,0,Yes,No,21,Yes,Yes,DSL,No,No,No,No,No,No,One year,Yes,Mailed check,50.25,1088.45,No
CUST-101034,Male,0,Yes,Yes,30,Yes,Yes,No,No internet service,No internet service,No internet service,No internet service,No internet service,No internet service,One year,No,Credit card (automatic),28.53,877.78,No
CUST-104950,Male,1,Yes,Yes,46,Yes,No,No,No internet service,No internet service,No internet service,No internet service,No internet service,No internet service,One year,No,Mailed check,22.12,992.11,No
CUST-103340,Female,0,Yes,Yes,23,Yes,Yes,Fiber optic,No,No,No,No,Yes,Yes,Month-to-month,No,Mailed check,82.75,1877.58,Yes
CUST-100863,Female,1,Yes,No,32,Yes,Yes,Fiber optic,No,No,Yes,Yes,No,No,Two year,Yes,Electronic check,83.99,2706.78,Yes
CUST-103708,Male,0,Yes,No,24,Yes,Yes,Fiber optic,Yes,No,No,No,Yes,Yes,One year,No,Electronic check,93.98,2248.94,No
CUST-101872,Female,0,Yes,No,26,Yes,No,Fiber optic,No,No,No,No,No,Yes,One year,Yes,Credit card (automatic),67.98,1780.12,No
CUST-104448,Female,0,No,No,12,No,No phone service,Fiber optic,No,No,Yes,No,Yes,No,One year,No,Bank transfer (automatic),72.97,849.61,Yes
CUST-106729,Male,0,No,No,30,Yes,Yes,Fiber optic,Yes,No,Yes,No,No,Yes,Month-to-month,No,Credit card (automatic),88.65,2642.27,No
CUST-102420,Male,0,No,No,22,Yes,No,No,No internet service,No internet service,No internet service,No internet service,No internet service,No internet service,Month-to-month,Yes,Bank transfer (automatic),19.73,471.95,No
CUST-102930,Male,0,No,No,29,Yes,No,DSL,No,Yes,No,No,No,No,Two year,Yes,Electronic check,52.49,1528.88,No
CUST-100101,Male,0,No,Yes,59,Yes,Yes,No,No internet service,No internet service,No internet service,No internet service,No internet service,No internet service,Month-to-month,No,Electronic check,33.12,1925.38,No
CUST-105510,Male,0,Yes,Yes,31,No,No phone service,DSL,No,No,No,No,Yes,No,One year,Yes,Credit card (automatic),50.78,1604.95,No
CUST-103359,Female,0,No,No,15,Yes,No,Fiber optic,No,Yes,Yes,Yes,No,No,Month-to-month,Yes,Electronic check,81.44,1241.11,Yes
CUST-106381,Male,0,Yes,Yes,54,Yes,No,DSL,No,No,No,Yes,No,No,Month-to-month,No,Mailed check,52.91,2857.61,No
CUST-102466,Male,0,No,No,65,Yes,No,DSL,No,Yes,Yes,No,Yes,Yes,One year,Yes,Bank transfer (automatic),73.79,4827.05,Yes
CUST-105800,Male,0,Yes,Yes,58,Yes,No,DSL,No,No,Yes,No,Yes,No,One year,Yes,Bank transfer (automatic),57.55,3365.46,No
CUST-103222,Female,0,No,Yes,12,Yes,Yes,Fiber optic,Yes,No,No,No,Yes,Yes,Month-to-month,No,Bank transfer (automatic),91.04,1076.68,No
CUST-102203,Male,0,No,No,18,Yes,No,No,No internet service,No internet service,No internet service,No internet service,No internet service,No internet service,Month-to-month,No,Mailed check,30.23,488.35,Yes
CUST-102039,Male,0,No,No,69,Yes,No,Fiber optic,No,No,No,No,No,Yes,Two year,Yes,Mailed check,71.73,4959.59,No
CUST-101683,Female,0,No,No,9,Yes,No,Fiber optic,No,Yes,Yes,No,Yes,Yes,Month-to-month,No,Mailed check,93.14,820.76,No
CUST-103274,Male,0,No,No,16,Yes,Yes,DSL,Yes,No,No,No,No,No,Two year,Yes,Bank transfer (automatic),54.17,893.35,Yes
CUST-101811,Female,0,No,Yes,70,Yes,No,Fiber optic,No,No,No,No,Yes,Yes,Month-to-month,Yes,Mailed check,76.8,5378.58,No
CUST-101739,Male,0,No,No,1,Yes,Yes,Fiber optic,Yes,Yes,No,Yes,Yes,Yes,Two year,Yes,Credit card (automatic),100.36,128.21,Yes
CUST-100974,Male,0,Yes,No,40,No,No phone service,DSL,No,No,No,No,Yes,Yes,Month-to-month,Yes,Electronic check,57.81,2298.65,No
CUST-103610,Female,1,No,No,68,Yes,No,DSL,No,No,No,Yes,Yes,No,Two year,No,Credit card (automatic),60.87,4124.57,No
CUST-106648,Female,0,Yes,Yes,17,Yes,Yes,Fiber optic,Yes,Yes,No,No,No,Yes,Month-to-month,Yes,Credit card (automatic),88.88,1563.21,No
CUST-101899,Male,0,No,No,5,Yes,No,Fiber optic,Yes,No,No,Yes,No,Yes,Two year,No,Bank transfer (automatic),86.93,425.51,No
CUST-105093,Female,0,No,No,1,Yes,No,DSL,No,Yes,No,No,No,No,Month-to-month,No,Bank transfer (automatic),45.56,82.91,Yes
CUST-104542,Female,1,Yes,Yes,39,Yes,Yes,Fiber optic,No,No,No,No,Yes,No,Two year,No,Electronic check,76.76,2987.44,No
CUST-106870,Male,0,Yes,Yes,70,Yes,No,Fiber optic,No,Yes,No,No,Yes,No,Month-to-month,No,Credit card (automatic),78.66,5480.43,No
CUST-100013,Female,1,Yes,Yes,29,Yes,No,Fiber optic,No,No,Yes,No,Yes,No,One year,No,Bank transfer (automatic),79.02,2310.79,No
CUST-105973,Male,0,No,No,28,Yes,No,No,No internet service,No internet service,No internet service,No internet service,No internet service,No internet service,One year,Yes,Bank transfer (automatic),20.76,577.29,No
CUST-105109,Male,0,No,No,4,Yes,No,Fiber optic,No,No,No,No,No,Yes,One year,No,Credit card (automatic),76.26,312.5,Yes
CUST-105160,Male,0,No,Yes,9,Yes,Yes,Fiber optic,No,No,Yes,No,No,No,Two year,Yes,Electronic check,76.6,704.28,No
CUST-103411,Female,0,Yes,No,11,Yes,Yes,DSL,No,No,No,Yes,No,No,Month-to-month,Yes,Mailed check,59.42,668.12,No
CUST-100140,Female,0,No,No,24,Yes,No,No,No internet service,No internet service,No internet service,No internet service,No internet service,No internet service,Month-to-month,Yes,Mailed check,25.03,613.26,No
CUST-105324,Female,1,Yes,Yes,29,Yes,Yes,No,No internet service,No internet service,No internet service,No internet service,No internet service,No internet service,One year,Yes,Mailed check,24.7,693.03,No
CUST-103552,Female,0,No,Yes,9,Yes,Yes,Fiber optic,Yes,No,Yes,No,Yes,Yes,Month-to-month,Yes,Electronic check,103.67,945.28,Yes
CUST-105559,Male,0,Yes,No,47,Yes,Yes,DSL,No,No,Yes,Yes,Yes,No,One year,No,Bank transfer (automatic),65.0,3055.48,No
CUST-103676,Male,0,No,No,11,Yes,No,DSL,No,No,Yes,No,No,Yes,Month-to-month,Yes,Electronic check,54.89,600.21,No
CUST-101753,Male,0,Yes,Yes,56,Yes,No,No,No internet service,No internet service,No internet service,No internet service,No internet service,No internet service,One year,Yes,Bank transfer (automatic),19.7,1090.45,No
CUST-106335,Male,0,No,No,35,Yes,Yes,Fiber optic,Yes,Yes,No,No,No,Yes,Month-to-month,No,Mailed check,78.64,2751.23,No
CUST-102408,Male,0,Yes,No,69,Yes,No,DSL,No,No,No,No,Yes,Yes,Month-to-month,Yes,Mailed check,58.9,4066.75,No
CUST-100000,Male,0,Yes,Yes,29,Yes,Yes,DSL,No,No,No,No,Yes,No,Month-to-month,Yes,Electronic check,57.55,1675.1,No
CUST-105615,Female,1,Yes,No,17,Yes,No,Fiber optic,Yes,No,No,No,Yes,Yes,Two year,No,Electronic check,86.61,1448.92,No
CUST-103640,Female,0,No,No,64,Yes,Yes,Fiber optic,No,No,Yes,No,No,No,Month-to-month,No,Electronic check,75.07,4798.57,No
CUST-102381,Male,0,No,No,1,Yes,No,Fiber optic,No,No,No,Yes,No,No,Two year,No,Mailed check,68.99,59.44,No
CUST-104913,Female,0,No,No,27,Yes,Yes,Fiber optic,Yes,No,No,Yes,Yes,No,Two year,Yes,Credit card (automatic),89.07,2385.71,No
CUST-100183,Female,0,No,No,14,Yes,Yes,DSL,No,No,No,No,No,No,Month-to-month,Yes,Bank transfer (automatic),45.22,640.15,Yes
CUST-106692,Female,0,Yes,Yes,16,Yes,Yes,No,No internet service,No internet service,No internet service,No internet service,No internet service,No internet service,Month-to-month,No,Electronic check,23.0,355.23,No
CUST-105448,Male,0,Yes,No,49,Yes,No,No,No internet service,No internet service,No internet service,No internet service,No internet service,No internet service,Month-to-month,No,Electronic check,23.26,1172.34,No
CUST-104683,Male,0,No,No,39,Yes,No,DSL,No,Yes,No,Yes,No,No,One year,Yes,Bank transfer (automatic),56.49,2191.77,No
CUST-104339,Female,0,Yes,No,48,Yes,No,DSL,No,Yes,Yes,No,No,No,Two year,No,Bank transfer (automatic),54.06,2603.07,No
CUST-103324,Male,0,Yes,Yes,53,Yes,Yes,DSL,No,No,No,No,No,No,Month-to-month,No,Mailed check,52.71,2751.94,No
CUST-102958,Female,0,No,No,27,No,No phone service,DSL,No,No,Yes,No,Yes,No,Month-to-month,Yes,Mailed check,52.81,1426.75,Yes
CUST-105794,Male,0,Yes,Yes,56,Yes,No,DSL,No,No,Yes,No,No,No,Two year,Yes,Mailed check,47.71,2660.02,No
CUST-102370,Male,0,No,No,66,Yes,No,Fiber optic,No,No,No,No,Yes,Yes,Month-to-month,Yes,Electronic check,78.35,5143.05,No
CUST-102455,Male,0,Yes,No,17,Yes,Yes,Fiber optic,Yes,Yes,No,Yes,No,Yes,Month-to-month,Yes,Credit card (automatic),96.46,1665.66,No
CUST-105841,Female,0,No,No,37,Yes,No,Fiber optic,No,No,Yes,No,No,No,Two year,Yes,Bank transfer (automatic),73.03,2661.71,No
CUST-100616,Male,0,Yes,Yes,17,Yes,Yes,No,No internet service,No internet service,No internet service,No internet service,No internet service,No internet service,Two year,Yes,Electronic check,26.61,476.26,No
CUST-101289,Female,0,Yes,No,54,No,No phone service,DSL,No,No,Yes,No,Yes,No,One year,Yes,Bank transfer (automatic),55.3,2992.47,No
CUST-105803,Female,0,Yes,Yes,19,Yes,No,Fiber optic,Yes,Yes,Yes,No,Yes,No,One year,No,Mailed check,89.52,1706.02,No
CUST-104296,Male,0,No,No,39,Yes,No,DSL,No,Yes,No,No,Yes,No,One year,No,Electronic check,57.12,2237.49,No
CUST-106186,Male,1,No,Yes,72,Yes,No,No,No internet service,No internet service,No internet service,No internet service,No internet service,No internet service,Month-to-month,Yes,Bank transfer (automatic),26.07,1886.25,No
CUST-103959,Male,0,Yes,Yes,53,Yes,Yes,Fiber optic,No,No,Yes,No,No,No,Month-to-month,No,Electronic check,72.88,3851.75,Yes
CUST-103242,Female,0,No,Yes,5,No,No phone service,Fiber optic,Yes,No,No,No,No,No,One year,Yes,Bank transfer (automatic),66.55,355.09,No
CUST-100582,Male,0,Yes,No,20,Yes,Yes,DSL,No,No,Yes,No,Yes,No,Month-to-month,Yes,Bank transfer (automatic),67.73,1351.31,Yes
CUST-101680,Female,0,Yes,No,71,Yes,No,DSL,Yes,Yes,No,No,Yes,No,Two year,Yes,Mailed check,63.52,4553.42,No
CUST-106324,Female,0,Yes,No,41,Yes,Yes,DSL,No,Yes,Yes,No,No,No,Month-to-month,Yes,Credit card (automatic),59.78,2431.19,Yes
CUST-101436,Male,0,No,No,68,Yes,No,No,No internet service,No internet service,No internet service,No internet service,No internet service,No internet service,Month-to-month,Yes,Credit card (automatic),20.69,1391.99,No
CUST-100571,Male,0,Yes,No,30,Yes,No,Fiber optic,No,Yes,No,No,Yes,No,One year,No,Bank transfer (automatic),76.18,2261.91,Yes
CUST-104646,Female,0,No,No,30,Yes,No,No,No internet service,No internet service,No internet service,No internet service,No internet service,No internet service,One year,Yes,Mailed check,26.15,769.77,No
CUST-100842,Female,0,Yes,Yes,58,No,No phone service,DSL,No,Yes,Yes,No,No,Yes,Two year,No,Bank transfer (automatic),63.09,3664.39,No
CUST-104599,Female,1,Yes,Yes,64,Yes,Yes,Fiber optic,No,No,No,Yes,No,Yes,Month-to-month,Yes,Mailed check,84.04,5401.2,No
CUST-100507,Male,0,No,No,46,Yes,Yes,DSL,Yes,Yes,Yes,No,Yes,No,Month-to-month,Yes,Mailed check,70.6,3260.89,No
CUST-106385,Female,1,Yes,Yes,20,Yes,No,Fiber optic,No,No,Yes,No,Yes,Yes,One year,No,Credit card (automatic),88.52,1763.26,No
CUST-106021,Male,0,Yes,No,70,Yes,Yes,Fiber optic,No,No,Yes,No,No,Yes,One year,Yes,Electronic check,79.94,5581.05,No
CUST-106091,Female,0,No,No,58,Yes,Yes,Fiber optic,No,No,No,Yes,Yes,Yes,One year,Yes,Mailed check,93.6,5436.46,No
CUST-102513,Female,0,Yes,Yes,45,Yes,Yes,Fiber optic,Yes,Yes,No,No,No,No,Month-to-month,Yes,Credit card (automatic),79.18,3547.61,No
CUST-100788,Female,1,Yes,Yes,11,Yes,Yes,No,No internet service,No internet service,No internet service,No internet service,No internet service,No internet service,Month-to-month,Yes,Electronic check,26.67,285.23,No
CUST-100194,Female,0,No,No,9,Yes,Yes,Fiber optic,No,No,No,Yes,Yes,No,Month-to-month,No,Mailed check,78.86,711.2,Yes
CUST-106088,Male,0,No,No,47,No,No phone service,Fiber optic,No,No,No,No,No,No,One year,No,Mailed check,62.14,2934.23,No
CUST-106002,Female,0,Yes,Yes,57,Yes,No,DSL,No,No,Yes,No,Yes,Yes,One year,Yes,Bank transfer (automatic),67.26,3818.4,No
CUST-105121,Female,0,Yes,Yes,66,Yes,No,DSL,Yes,No,No,No,Yes,No,Month-to-month,Yes,Bank transfer (automatic),54.98,3631.08,No
CUST-106957,Female,0,No,No,23,Yes,No,Fiber optic,No,No,No,No,Yes,Yes,Month-to-month,Yes,Credit card (automatic),88.63,2042.77,No
CUST-100053,Male,0,Yes,Yes,27,Yes,Yes,Fiber optic,No,No,No,No,Yes,Yes,Month-to-month,No,Electronic check,93.17,2532.41,No
CUST-100561,Male,0,No,No,61,Yes,Yes,DSL,No,Yes,Yes,Yes,Yes,No,Month-to-month,Yes,Credit card (automatic),75.75,4618.09,No
CUST-105988,Female,1,No,No,24,Yes,No,DSL,No,Yes,Yes,No,Yes,No,Month-to-month,No,Credit card (automatic),74.16,1772.37,No
CUST-106110,Female,1,Yes,No,56,Yes,Yes,Fiber optic,No,Yes,Yes,Yes,No,Yes,One year,Yes,Mailed check,91.65,5146.54,No
CUST-105687,Male,0,No,No,52,Yes,Yes,No,No internet service,No internet service,No internet service,No internet service,No internet service,No internet service,Month-to-month,Yes,Mailed check,20.43,1059.57,No
CUST-100412,Male,1,No,No,23,Yes,No,DSL,No,Yes,Yes,No,Yes,Yes,One year,Yes,Mailed check,73.43,1721.07,Yes
CUST-100102,Female,0,No,No,35,Yes,Yes,Fiber optic,Yes,No,No,Yes,No,No,One year,No,Mailed check,73.76,2559.32,No
CUST-106366,Female,0,Yes,No,30,Yes,Yes,Fiber optic,No,Yes,No,Yes,No,Yes,One year,Yes,Electronic check,84.51,2510.27,No
CUST-100059,Female,0,No,No,70,Yes,No,No,No internet service,No internet service,No internet service,No internet service,No internet service,No internet service,Month-to-month,Yes,Electronic check,18.0,1273.05,No
CUST-103643,Male,0,No,Yes,5,Yes,No,DSL,No,No,No,Yes,No,Yes,Two year,Yes,Mailed check,57.2,284.08,No
CUST-104486,Female,1,No,No,38,No,No phone service,Fiber optic,No,No,No,No,No,No,Month-to-month,Yes,Mailed check,61.39,2305.0,Yes
CUST-104988,Female,0,Yes,No,42,Yes,No,DSL,Yes,No,No,No,No,No,Month-to-month,Yes,Mailed check,43.51,1833.3,No
CUST-105309,Male,1,Yes,Yes,66,Yes,Yes,DSL,Yes,No,No,Yes,No,Yes,One year,No,Electronic check,69.16,4555.92,No
CUST-100244,Female,0,No,No,24,Yes,Yes,No,No internet service,No internet service,No internet service,No internet service,No internet service,No internet service,Month-to-month,Yes,Mailed check,27.71,695.94,No
CUST-102017,Female,0,Yes,Yes,17,Yes,No,DSL,Yes,No,No,Yes,No,Yes,Two year,Yes,Electronic check,56.61,961.86,No
CUST-100921,Female,0,Yes,Yes,72,Yes,Yes,DSL,No,Yes,No,Yes,No,Yes,Month-to-month,Yes,Electronic check,68.72,4916.13,Yes
CUST-105682,Male,0,Yes,Yes,8,Yes,No,DSL,No,No,Yes,Yes,Yes,No,Two year,No,Credit card (automatic),59.83,487.17,No
CUST-103742,Female,0,No,No,29,Yes,Yes,DSL,Yes,No,No,Yes,No,Yes,Two year,Yes,Electronic check,67.28,1954.27,No
CUST-101224,Male,0,Yes,Yes,31,Yes,Yes,DSL,Yes,Yes,No,No,No,No,Month-to-month,Yes,Electronic check,61.97,1950.16,No
CUST-105793,Female,0,No,No,53,Yes,Yes,Fiber optic,No,No,Yes,Yes,Yes,No,Two year,Yes,Electronic check,91.18,4842.85,No
CUST-102123,Female,0,No,No,3,Yes,No,DSL,No,Yes,Yes,No,No,No,One year,Yes,Credit card (automatic),58.61,203.17,Yes
CUST-104787,Male,1,Yes,Yes,67,Yes,No,DSL,No,Yes,No,Yes,Yes,No,Month-to-month,Yes,Electronic check,60.62,4039.22,No
CUST-101115,Male,0,Yes,Yes,16,Yes,No,DSL,No,Yes,Yes,Yes,Yes,No,Two year,No,Credit card (automatic),63.27,1004.2,No
CUST-106813,Female,1,No,No,38,Yes,No,Fiber optic,Yes,Yes,No,Yes,No,No,Month-to-month,Yes,Electronic check,81.15,3072.68,No
CUST-103249,Male,0,No,No,32,No,No phone service,Fiber optic,No,No,No,Yes,Yes,Yes,Month-to-month,Yes,Credit card (automatic),82.49,2688.12,Yes
CUST-105770,Male,0,No,Yes,58,Yes,No,Fiber optic,Yes,Yes,No,Yes,Yes,No,Month-to-month,Yes,Mailed check,86.95,5016.46,No
CUST-104512,Male,0,No,No,71,Yes,No,Fiber optic,Yes,Yes,Yes,No,No,Yes,Two year,Yes,Credit card (automatic),86.79,6159.69,No
CUST-106979,Male,1,No,No,72,Yes,Yes,Fiber optic,No,No,Yes,No,No,No,Month-to-month,No,Electronic check,70.97,5133.17,No
CUST-105444,Male,0,Yes,No,33,No,No phone service,DSL,Yes,Yes,Yes,No,No,Yes,Two year,No,Electronic check,66.99,2214.48,No
CUST-106621,Female,0,Yes,Yes,1,Yes,Yes,DSL,No,No,No,Yes,Yes,Yes,Month-to-month,No,Mailed check,69.97,67.26,No
CUST-106321,Female,1,No,No,29,Yes,Yes,DSL,Yes,Yes,Yes,Yes,Yes,Yes,One year,Yes,Mailed check,81.77,2368.94,No
CUST-100996,Female,0,Yes,Yes,50,Yes,Yes,No,No internet service,No internet service,No internet service,No internet service,No internet service,No internet service,Month-to-month,Yes,Mailed check,28.4,1420.59,No
CUST-101682,Male,0,No,No,8,Yes,Yes,Fiber optic,No,Yes,No,Yes,No,No,One year,Yes,Bank transfer (automatic),80.83,646.07,No
CUST-101227,female ,0,No,No,20,Yes,No,No,No internet service,No internet service,No internet service,No internet service,No internet service,No internet service,One year,Yes,Bank transfer (automatic),26.28,559.92,No
CUST-105822,Female,0,Yes,Yes,52,Yes,Yes,DSL,No,Yes,No,Yes,No,Yes,Month-to-month,No,Mailed check,69.4,3574.49,Yes
CUST-105606,Male,0,Yes,Yes,21,Yes,Yes,DSL,No,No,Yes,Yes,Yes,Yes,One year,Yes,Electronic check,76.27,1595.34,No
CUST-106379,Male,0,No,No,46,Yes,Yes,No,No internet service,No internet service,No internet service,No internet service,No internet service,No internet service,Month-to-month,No,Bank transfer (automatic),29.16,1364.2,No
CUST-103698,Male,0,No,No,55,Yes,No,Fiber optic,No,Yes,No,No,No,No,Month-to-month,Yes,Bank transfer (automatic),74.12,4069.58,No
CUST-105632,Female,0,Yes,No,5,Yes,No,Fiber optic,Yes,Yes,Yes,No,No,Yes,Month-to-month,Yes,Mailed check,85.12,453.12,Yes
CUST-101078,Male,0,No,No,68,No,No phone service,Fiber optic,No,Yes,No,No,No,Yes,Month-to-month,Yes,Mailed check,75.98,5198.64,No
CUST-106436,Female,0,No,No,1,Yes,No,No,No internet service,No internet service,No internet service,No internet service,No internet service,No internet service,Two year,No,Electronic check,20.35,0.0,No
CUST-105757,Female,1,Yes,No,5,Yes,No,No,No internet service,No internet service,No internet service,No internet service,No internet service,No internet service,One year,No,Electronic check,22.42,99.25,No
CUST-101591,Male,0,Yes,Yes,4,Yes,No,Fiber optic,No,Yes,Yes,No,No,No,Month-to-month,No,Electronic check,77.52,290.74,Yes
CUST-100402,Male,0,Yes,No,53,Yes,No,DSL,No,No,Yes,Yes,Yes,No,One year,Yes,Credit card (automatic),61.81,3266.43,Yes
CUST-102419,Male,0,No,No,15,Yes,Yes,Fiber optic,No,No,Yes,Yes,No,No,One year,Yes,Electronic check,79.12,1175.27,No
CUST-101719,Female,0,No,No,28,Yes,No,DSL,No,Yes,No,No,No,No,Month-to-month,No,Credit card (automatic),49.16,1379.52,No
CUST-105353,Male,0,Yes,Yes,36,Yes,Yes,No,No internet service,No internet service,No internet service,No internet service,No internet service,No internet service,Month-to-month,Yes,Electronic check,26.33,934.93,No
CUST-104465,Male,0,No,No,25,Yes,No,Fiber optic,Yes,Yes,No,Yes,No,No,Two year,Yes,Mailed check,81.25,2030.72,Yes
CUST-103349,Female,1,Yes,Yes,22,No,No phone service,No,No internet service,No internet service,No internet service,No internet service,No internet service,No internet service,Two year,Yes,Credit card (automatic),20.26,477.48,No
CUST-101326,Female,0,Yes,No,39,Yes,No,Fiber optic,Yes,No,Yes,No,No,No,One year,No,Mailed check,74.67,2930.82,No
CUST-102789,Female,1,No,Yes,40,Yes,No,DSL,No,Yes,No,Yes,No,Yes,Month-to-month,Yes,Mailed check,65.13,2623.0,No
CUST-104082,Female,0,Yes,No,29,Yes,Yes,Fiber optic,No,No,Yes,Yes,Yes,No,Month-to-month,No,Mailed check,88.13,2557.44,No
CUST-106888,Male,0,No,No,24,Yes,No,DSL,No,Yes,No,Yes,Yes,Yes,Month-to-month,Yes,Mailed check,68.89,1665.33,No
CUST-100079,Female,0,Yes,Yes,7,Yes,Yes,DSL,Yes,No,No,Yes,No,Yes,Month-to-month,No,Electronic check,71.87,506.84,No
CUST-103219,Male,0,Yes,Yes,0,Yes,No,No,No internet service,No internet service,No internet service,No internet service,No internet service,No internet service,One year,Yes,Electronic check,22.36,22.36,No
CUST-104315,Male,0,Yes,No,10,Yes,Yes,Fiber optic,Yes,No,No,No,No,Yes,Month-to-month,No,Bank transfer (automatic),83.21,851.12,No
CUST-106909,Female,0,No,No,16,Yes,No,Fiber optic,Yes,No,No,Yes,Yes,Yes,Month-to-month,Yes,Mailed check,93.96,1495.9,No
CUST-101144,Male,0,No,No,3,Yes,No,DSL,Yes,No,Yes,No,No,Yes,Month-to-month,Yes,Bank transfer (automatic),65.98,220.2,No
CUST-104230,Male,0,No,Yes,60,Yes,Yes,DSL,Yes,Yes,No,No,No,Yes,Two year,Yes,Credit card (automatic),71.09,4245.35,No
CUST-104886,Female,1,Yes,Yes,1,Yes,No,Fiber optic,Yes,No,Yes,Yes,No,No,Month-to-month,Yes,Credit card (automatic),80.98,72.4,No
CUST-102785,Male,0,No,No,5,Yes,No,DSL,No,No,Yes,Yes,Yes,Yes,One year,No,Bank transfer (automatic),73.07,371.81,No
CUST-101670,Female,0,No,No,36,No,No phone service,Fiber optic,Yes,No,No,No,Yes,No,One year,No,Credit card (automatic),68.22,2425.91,No
CUST-103151,Male,1,Yes,Yes,54,Yes,No,Fiber optic,Yes,Yes,No,No,Yes,Yes,Month-to-month,Yes,Mailed check,90.84,4921.05,Yes
CUST-106769,Male,0,No,No,51,Yes,Yes,DSL,Yes,No,Yes,No,Yes,Yes,Month-to-month,Yes,Bank transfer (automatic),72.94,3723.24,Yes
CUST-103399,Female,1,No,No,19,Yes,Yes,No,No internet service,No internet service,No internet service,No internet service,No internet service,No internet service,Month-to-month,Yes,Electronic check,22.61,422.37,No
CUST-103015,Male,0,No,No,9,Yes,No,DSL,Yes,No,Yes,Yes,No,No,Two year,No,Bank transfer (automatic),63.35,575.8,No
CUST-101023,Female,1,Yes,Yes,29,Yes,No,DSL,No,No,Yes,No,No,Yes,Month-to-month,No,Electronic check,61.54,1801.24,Yes
CUST-101283,Female,0,No,No,37,Yes,No,Fiber optic,No,No,No,Yes,Yes,No,Month-to-month,No,Electronic check,77.8,2875.73,Yes
CUST-103283,Male,0,Yes,Yes,52,Yes,No,No,No internet service,No internet service,No internet service,No internet service,No internet service,No internet service,Month-to-month,Yes,Bank transfer (automatic),21.07,1095.83,No
CUST-103452,Male,0,No,No,25,Yes,No,DSL,No,No,No,No,Yes,No,Month-to-month,No,Bank transfer (automatic),51.82,1300.28,No
CUST-103929,Female,1,No,No,2,Yes,No,DSL,No,Yes,Yes,No,Yes,Yes,One year,No,Electronic check,69.27,113.17,Yes
CUST-102376,Female,0,No,No,3,No,No phone service,DSL,Yes,No,Yes,Yes,No,No,Month-to-month,No,Electronic check,46.67,111.35,No
CUST-101157,Female,0,No,No,39,Yes,Yes,No,No internet service,No internet service,No internet service,No internet service,No internet service,No internet service,Two year,Yes,Credit card (automatic),27.27,1059.16,No
CUST-106731,Male,0,No,No,1,Yes,Yes,DSL,Yes,Yes,Yes,Yes,No,Yes,Two year,Yes,Electronic check,81.3,120.15,No
CUST-106189,Male,0,No,No,20,Yes,Yes,DSL,No,Yes,No,No,Yes,Yes,Month-to-month,Yes,Electronic check,70.4,1434.78,Yes
CUST-104876,Male,0,No,No,69,Yes,No,No,No internet service,No internet service,No internet service,No internet service,No internet service,No internet service,One year,Yes,Bank transfer (automatic),19.15,1320.56,No
CUST-101858,Female,0,No,No,18,Yes,No,Fiber optic,Yes,No,No,No,No,Yes,Month-to-month,Yes,Credit card (automatic),77.05,1422.96,No
CUST-101981,Female,0,No,No,62,Yes,No,DSL,Yes,Yes,No,Yes,Yes,Yes,One year,No,Electronic check,72.51,4464.93,No
CUST-103061,Male,0,Yes,No,3,Yes,Yes,No,No internet service,No internet service,No internet service,No internet service,No internet service,No internet service,One year,Yes,Bank transfer (automatic),24.25,73.69,No
CUST-106450,Female,0,No,No,38,Yes,No,DSL,No,No,No,Yes,Yes,No,Month-to-month,No,Mailed check,59.94,2288.4,No
CUST-103126,Female,0,No,No,0,Yes,Yes,DSL,No,Yes,Yes,No,Yes,Yes,Two year,Yes,Electronic check,76.65,76.65,No
CUST-106471,Male,0,No,No,36,Yes,Yes,Fiber optic,No,Yes,Yes,No,No,No,Month-to-month,No,Bank transfer (automatic),80.72,2912.87,No
CUST-100892,Female,0,No,No,69,Yes,Yes,No,No internet service,No internet service,No internet service,No internet service,No internet service,No internet service,Month-to-month,Yes,Credit card (automatic),29.16,1988.44,No
CUST-104384,Male,0,No,No,33,Yes,Yes,Fiber optic,No,No,No,Yes,No,No,Month-to-month,No,Electronic check,74.72,2450.26,No
CUST-100730,Female,1,Yes,Yes,7,Yes,No,Fiber optic,Yes,Yes,No,Yes,No,Yes,Month-to-month,No,Credit card (automatic),95.51,667.67,No
CUST-101583,Male,0,No,No,3,Yes,Yes,Fiber optic,Yes,No,Yes,No,No,No,Month-to-month,Yes,Credit card (automatic),79.57,243.66,No
CUST-100187,Male,1,No,No,64,Yes,Yes,DSL,Yes,No,No,No,No,Yes,Month-to-month,No,Bank transfer (automatic),61.07,3898.71,No
CUST-104553,Female,0,No,No,16,Yes,Yes,Fiber optic,Yes,No,No,No,No,Yes,Two year,Yes,Credit card (automatic),83.37,1354.74,No
CUST-106406,Female,0,Yes,No,39,Yes,No,No,No internet service,No internet service,No internet service,No internet service,No internet service,No internet service,Month-to-month,No,Bank transfer (automatic),19.55,754.96,No
CUST-100094,Female,0,No,No,49,Yes,Yes,No,No internet service,No internet service,No internet service,No internet service,No internet service,No internet service,One year,Yes,Mailed check,30.28,1472.14,No
CUST-100721,Female,0,No,No,6,Yes,No,No,No internet service,No internet service,No internet service,No internet service,No internet service,No internet service,Month-to-month,Yes,Credit card (automatic),21.59,127.92,No
CUST-101457,Male,0,Yes,Yes,8,Yes,No,No,No internet service,No internet service,No internet service,No internet service,No internet service,No internet service,Two year,No,Electronic check,19.97,142.15,No
CUST-104247,Male,0,Yes,No,6,Yes,No,No,No internet service,No internet service,No internet service,No internet service,No internet service,No internet service,Month-to-month,No,Bank transfer (automatic),25.99,177.11,Yes
CUST-103278,Female,0,Yes,Yes,39,Yes,Yes,No,No internet service,No internet service,No internet service,No internet service,No internet service,No internet service,One year,No,Credit card (automatic),27.28,1080.98,No
CUST-101673,Female,0,No,No,45,Yes,Yes,DSL,No,No,Yes,No,Yes,Yes,Two year,Yes,Mailed check,72.08,3203.32,No
CUST-102040,Male,1,Yes,Yes,67,Yes,Yes,Fiber optic,Yes,Yes,Yes,Yes,No,Yes,Month-to-month,Yes,Bank transfer (automatic),101.74,6782.15,Yes
CUST-106520,Male,0,No,No,12,Yes,Yes,Fiber optic,No,No,Yes,No,Yes,No,Two year,Yes,Mailed check,84.85,1034.1,No
CUST-101766,Female,0,No,No,26,Yes,Yes,DSL,Yes,No,No,No,No,No,Month-to-month,No,Bank transfer (automatic),55.94,1450.99,No
CUST-101538,Female,1,No,No,6,Yes,Yes,No,No internet service,No internet service,No internet service,No internet service,No internet service,No internet service,Month-to-month,Yes,Credit card (automatic),30.43,210.1,No
CUST-101971,Female,0,Yes,No,49,Yes,Yes,Fiber optic,No,No,Yes,No,No,No,One year,Yes,Electronic check,72.79,3564.32,No
CUST-105068,Male,0,Yes,No,6,Yes,Yes,Fiber optic,No,Yes,No,Yes,No,No,Month-to-month,Yes,Electronic check,83.53,499.72,Yes
CUST-106609,Female,0,No,Yes,58,Yes,No,Fiber optic,No,Yes,No,Yes,No,No,Two year,Yes,Credit card (automatic),78.81,4575.11,No
CUST-100979,Female,1,No,No,18,Yes,No,DSL,Yes,No,No,Yes,Yes,No,One year,No,Electronic check,66.3,1205.33,Yes
CUST-101422,Female,0,No,No,25,Yes,Yes,No,No internet service,No internet service,No internet service,No internet service,No internet service,No internet service,Month-to-month,Yes,Credit card (automatic),26.3,620.21,No
CUST-105426,Female,0,No,Yes,7,Yes,No,Fiber optic,Yes,No,Yes,No,Yes,No,Two year,No,Bank transfer (automatic),79.02,509.84,Yes
CUST-101587,Male,0,Yes,Yes,16,Yes,No,No,No internet service,No internet service,No internet service,No internet service,No internet service,No internet service,Month-to-month,No,Electronic check,25.8,423.38,Yes
CUST-101487,Male,0,Yes,Yes,0,Yes,No,DSL,Yes,No,Yes,No,Yes,Yes,One year,Yes,Credit card (automatic),71.96,71.96,No
CUST-105412,Female,0,Yes,Yes,12,Yes,Yes,DSL,Yes,Yes,Yes,Yes,No,Yes,Two year,Yes,Electronic check,78.62,950.0,Yes
CUST-100121,Female,0,Yes,Yes,36,Yes,No,Fiber optic,No,Yes,Yes,No,No,No,Two year,Yes,Mailed check,78.81,2843.69,No
CUST-101797,Male,0,Yes,Yes,65,Yes,No,DSL,No,No,Yes,No,Yes,Yes,Two year,Yes,Mailed check,65.31,4209.45,No
CUST-101421,Female,0,No,No,70,Yes,No,DSL,Yes,Yes,No,No,Yes,No,Two year,Yes,Bank transfer (automatic),67.01,4696.27,No
CUST-101430,Male,0,No,Yes,41,Yes,No,Fiber optic,No,Yes,No,Yes,No,No,Month-to-month,Yes,Bank transfer (automatic),76.61,3126.68,Yes
CUST-104079,Female,0,Yes,Yes,2,Yes,Yes,Fiber optic,No,Yes,No,No,No,No,Month-to-month,Yes,Electronic check,74.76,171.98,No
CUST-103381,Female,0,Yes,Yes,41,Yes,No,Fiber optic,Yes,No,No,No,No,Yes,One year,No,Credit card (automatic),81.42,3350.07,No
CUST-106866,Male,0,No,No,29,No,No phone service,Fiber optic,No,No,No,No,No,No,Two year,No,Credit card (automatic),59.47,1711.6,No
CUST-105071,Female,1,No,No,70,Yes,No,DSL,Yes,No,No,No,Yes,No,Month-to-month,Yes,Electronic check,60.48,4235.24,No
CUST-100831,Male,1,No,No,20,Yes,No,Fiber optic,No,No,No,Yes,No,Yes,Month-to-month,Yes,Bank transfer (automatic),79.62,1559.21,No
CUST-103745,Female,1,No,No,65,Yes,No,DSL,No,Yes,No,Yes,No,No,One year,Yes,Bank transfer (automatic),54.34,3494.88,No
CUST-103491,Female,0,Yes,No,55,Yes,Yes,No,No internet service,No internet service,No internet service,No internet service,No internet service,No internet service,Two year,No,Credit card (automatic),28.49,1556.32,No
CUST-101406,Male,1,No,No,60,Yes,Yes,Fiber optic,No,No,Yes,No,No,No,One year,No,Bank transfer (automatic),71.72,4344.22,Yes
CUST-100665,Female,0,No,No,40,Yes,Yes,Fiber optic,Yes,No,No,Yes,Yes,Yes,One year,Yes,Bank transfer (automatic),96.14, ,No
CUST-100621,Male,0,No,No,16,Yes,No,DSL,No,No,Yes,No,No,No,Two year,No,Bank transfer (automatic),48.13,757.53,No
CUST-106371,Male,0,No,No,9,Yes,Yes,Fiber optic,Yes,No,No,No,No,Yes,Two year,No,Electronic check,80.96,744.74,No
CUST-103375,Female,0,Yes,Yes,69,Yes,Yes,Fiber optic,Yes,Yes,No,Yes,No,Yes,One year,Yes,Electronic check,92.47,6388.54,No
CUST-100623,Male,0,Yes,Yes,54,Yes,Yes,Fiber optic,Yes,No,No,No,No,No,Two year,No,Bank transfer (automatic),72.62,3911.63,No
CUST-105812,Male,0,No,No,67,Yes,No,No,No internet service,No internet service,No internet service,No internet service,No internet service,No internet service,Month-to-month,Yes,Mailed check,27.19,1822.22,No
CUST-103526,Male,0,No,No,2,Yes,No,Fiber optic,No,No,No,No,No,No,Month-to-month,Yes,Credit card (automatic),60.3,132.79,Yes
CUST-100797,Male,0,No,Yes,56,Yes,No,No,No internet service,No internet service,No internet service,No internet service,No internet service,No internet service,Two year,Yes,Mailed check,26.51,1488.47,No
CUST-104298,Male,0,No,No,40,Yes,No,Fiber optic,Yes,Yes,No,No,No,Yes,Two year,Yes,Electronic check,80.97,3207.14,No
CUST-104228,Male,0,No,No,29,No,No phone service,Fiber optic,Yes,No,No,Yes,No,No,Month-to-month,Yes,Mailed check,75.81,2193.82,No
CUST-103286,Male,0,No,No,10,Yes,Yes,Fiber optic,Yes,Yes,No,No,No,Yes,Month-to-month,No,Electronic check,86.13,875.3,Yes
CUST-102264,Male,0,Yes,Yes,68,Yes,No,No,No internet service,No internet service,No internet service,No internet service,No internet service,No internet service,Month-to-month,No,Bank transfer (automatic),25.33,1727.5,No
CUST-100054,Male,0,No,No,35,Yes,Yes,No,No internet service,No internet service,No internet service,No internet service,No internet service,No internet service,Month-to-month,No,Mailed check,31.38,1095.89,No
CUST-103906,Female,1,Yes,Yes,51,Yes,Yes,DSL,No,No,Yes,Yes,No,Yes,Month-to-month,Yes,Electronic check,74.17,3799.99,Yes
CUST-101777,Male,0,No,No,22,Yes,No,Fiber optic,Yes,Yes,No,No,No,Yes,Two year,No,Mailed check,80.28,1745.03,No
CUST-105660,male ,0,Yes,Yes,38,Yes,Yes,Fiber optic,No,No,No,No,Yes,No,One year,No,Bank transfer (automatic),75.02,2847.17,No
CUST-106295,Female,0,No,No,25,Yes,Yes,DSL,Yes,No,Yes,No,No,Yes,Month-to-month,Yes,Bank transfer (automatic),70.15,1753.38,Yes
CUST-104623,Male,0,No,No,51,Yes,Yes,Fiber optic,No,No,Yes,No,Yes,Yes,Two year,No,Electronic check,89.72,4584.37,No
CUST-103841,Male,0,Yes,Yes,64,Yes,No,DSL,Yes,No,No,No,Yes,Yes,One year,No,Credit card (automatic),66.85,4305.38,No
CUST-101640,Female,0,Yes,No,35,Yes,No,No,No internet service,No internet service,No internet service,No internet service,No internet service,No internet service,Month-to-month,Yes,Electronic check,22.02,792.52,No
CUST-101453,Male,1,No,No,55,Yes,No,No,No internet service,No internet service,No internet service,No internet service,No internet service,No internet service,Month-to-month,Yes,Mailed check,20.47,1136.34,No
CUST-103143,Female,0,Yes,Yes,11,Yes,No,DSL,Yes,Yes,Yes,No,No,No,One year,Yes,Mailed check,57.59,641.44,No
CUST-100912,Male,0,No,No,17,No,No phone service,DSL,No,No,No,Yes,No,No,Month-to-month,Yes,Credit card (automatic),45.7,761.01,No
CUST-101730,Female,0,No,No,2,Yes,No,Fiber optic,No,Yes,Yes,No,Yes,Yes,Month-to-month,Yes,Bank transfer (automatic),89.8,234.19,Yes
CUST-105782,Female,0,Yes,No,65,Yes,Yes,Fiber optic,No,No,No,No,No,Yes,Month-to-month,No,Credit card (automatic),80.46,5205.99,Yes
CUST-100473,Male,0,Yes,No,30,Yes,Yes,No,No internet service,No internet service,No internet service,No internet service,No internet service,No internet service,Month-to-month,No,Credit card (automatic),26.52,786.54,Yes
CUST-102092,Female,0,No,No,0,Yes,Yes,DSL,No,No,No,Yes,No,Yes,Month-to-month,Yes,Bank transfer (automatic),66.38,66.38,No
CUST-102592,Female,0,No,No,24,Yes,Yes,Fiber optic,Yes,Yes,Yes,No,No,Yes,Month-to-month,No,Electronic check,89.9,2134.51,Yes
CUST-103712,Female,0,Yes,Yes,29,Yes,Yes,No,No internet service,No internet service,No internet service,No internet service,No internet service,No internet service,Month-to-month,No,Mailed check,24.67,714.97,No
CUST-102501,Male,0,No,No,30,Yes,Yes,Fiber optic,Yes,No,No,No,No,Yes,One year,Yes,Bank transfer (automatic),83.22,2476.9,No
CUST-104809,Female,1,Yes,No,2,Yes,Yes,No,No internet service,No internet service,No internet service,No internet service,No internet service,No internet service,Two year,Yes,Electronic check,33.11,80.17,No
CUST-103029,Female,0,No,No,6,Yes,No,DSL,No,No,Yes,No,Yes,Yes,Two year,Yes,Credit card (automatic),61.23,390.51,No
CUST-103532,Male,0,Yes,Yes,40,Yes,Yes,No,No internet service,No internet service,No internet service,No internet service,No internet service,No internet service,One year,No,Credit card (automatic),28.1,1118.64,No
CUST-102024,Male,0,No,Yes,11,Yes,No,No,No internet service,No internet service,No internet service,No internet service,No internet service,No internet service,One year,No,Mailed check,29.59,306.65,No
CUST-103194,Female,0,Yes,No,69,Yes,No,DSL,No,Yes,Yes,Yes,Yes,Yes,Month-to-month,Yes,Mailed check,74.36,5084.39,No
CUST-101901,Female,0,No,No,31,No,No phone service,DSL,No,No,No,Yes,No,No,Month-to-month,Yes,Bank transfer (automatic),47.42,1440.67,Yes
CUST-100741,Female,0,Yes,Yes,37,Yes,Yes,No,No internet service,No internet service,No internet service,No internet service,No internet service,No internet service,Month-to-month,Yes,Mailed check,30.92,1161.64,No
CUST-106865,Female,0,Yes,Yes,2,Yes,No,Fiber optic,Yes,Yes,Yes,Yes,Yes,No,Month-to-month,Yes,Electronic check,98.5,209.2,Yes
CUST-102317,Male,0,No,Yes,50,No,No phone service,DSL,No,No,Yes,No,Yes,Yes,Month-to-month,Yes,Electronic check,62.11,3104.73,Yes
CUST-102840,Male,1,Yes,Yes,26,Yes,No,Fiber optic,Yes,No,No,Yes,No,No,One year,Yes,Bank transfer (automatic),76.26,1961.07,Yes
CUST-106086,Male,0,No,No,14,Yes,No,Fiber optic,No,No,No,No,No,Yes,Month-to-month,Yes,Electronic check,69.3,943.9,Yes
CUST-102535,Female,1,No,No,59,No,No phone service,Fiber optic,No,No,No,Yes,Yes,Yes,Two year,Yes,Credit card (automatic),79.56,4689.02,No
CUST-103529,Male,1,No,No,9,No,No phone service,Fiber optic,Yes,No,Yes,No,No,Yes,Month-to-month,No,Bank transfer (automatic),78.68,665.92,Yes
CUST-100129,Female,0,No,Yes,48,Yes,Yes,Fiber optic,Yes,Yes,Yes,Yes,No,No,Two year,Yes,Credit card (automatic),94.0,4485.1,No
CUST-101015,Female,0,Yes,No,50,Yes,Yes,Fiber optic,Yes,Yes,Yes,No,No,Yes,Month-to-month,Yes,Credit card (automatic),91.33,4593.57,Yes
CUST-103716,Male,0,No,No,10,Yes,No,No,No internet service,No internet service,No internet service,No internet service,No internet service,No internet service,Month-to-month,No,Mailed check,24.9,223.29,No
CUST-101661,Female,1,No,No,13,Yes,Yes,DSL,No,No,No,Yes,Yes,No,Two year,Yes,Bank transfer (automatic),69.75,890.5,No
CUST-101132,Female,0,Yes,No,13,Yes,Yes,Fiber optic,Yes,Yes,Yes,No,No,Yes,One year,Yes,Mailed check,93.04,1226.24,No
CUST-102287,Female,0,No,No,10,Yes,No,No,No internet service,No internet service,No internet service,No internet service,No internet service,No internet service,Two year,No,Electronic check,25.22,269.65,No
CUST-103634,Female,0,No,No,30,No,No phone service,DSL,No,No,No,No,Yes,Yes,Month-to-month,No,Electronic check,56.14,1689.12,Yes
CUST-102667,Female,0,Yes,Yes,48,No,No phone service,Fiber optic,No,No,No,No,No,Yes,Month-to-month,No,Electronic check,67.34,3236.45,No
CUST-101167,Male,0,No,No,67,Yes,No,Fiber optic,Yes,Yes,No,No,Yes,No,Month-to-month,Yes,Electronic check,86.59,5826.28,No
CUST-102195,Female,0,No,No,39,Yes,Yes,DSL,No,Yes,No,Yes,No,No,One year,Yes,Mailed check,63.17,2463.09,No
CUST-100046,Male,0,No,No,71,Yes,No,DSL,No,No,No,Yes,Yes,Yes,Month-to-month,Yes,Bank transfer (automatic),67.52,4790.65,No
CUST-103624,Female,0,No,Yes,69,Yes,Yes,No,No internet service,No internet service,No internet service,No internet service,No internet service,No internet service,Month-to-month,Yes,Credit card (automatic),19.59,1372.81,No
CUST-102773,Female,0,Yes,Yes,28,Yes,No,Fiber optic,Yes,No,No,Yes,No,Yes,Month-to-month,Yes,Bank transfer (automatic),84.04,2326.33,No
CUST-100521,Male,0,No,No,50,Yes,Yes,Fiber optic,Yes,No,No,Yes,No,Yes,One year,Yes,Mailed check,91.96,4600.35,No
CUST-104972,Female,0,No,No,48,No,No phone service,Fiber optic,Yes,No,No,No,No,Yes,Month-to-month,Yes,Electronic check,77.03,3669.2,Yes
CUST-103473,Female,1,Yes,Yes,5,Yes,Yes,No,No internet service,No internet service,No internet service,No internet service,No internet service,No internet service,Month-to-month,Yes,Electronic check,23.6,147.54,No
CUST-101106,Male,1,No,No,56,Yes,Yes,No,No internet service,No internet service,No internet service,No internet service,No internet service,No internet service,Month-to-month,Yes,Credit card (automatic),28.31,1581.48,No
CUST-100971,Male,0,Yes,No,15,No,No phone service,No,No internet service,No internet service,No internet service,No internet service,No internet service,No internet service,Two year,Yes,Electronic check,18.0,286.85,No
CUST-101874,Male,0,Yes,Yes,25,Yes,No,No,No internet service,No internet service,No internet service,No internet service,No internet service,No internet service,Month-to-month,Yes,Bank transfer (automatic),22.71,585.17,No
CUST-102979,Male,0,No,No,35,No,No phone service,Fiber optic,Yes,No,No,No,No,No,Month-to-month,Yes,Credit card (automatic),59.07,2081.25,No
CUST-101083,Female,1,Yes,No,59,Yes,Yes,Fiber optic,No,No,No,Yes,No,No,One year,No,Electronic check,69.62,4125.4,No
CUST-102566,Female,0,No,No,53,Yes,Yes,DSL,No,No,Yes,Yes,No,Yes,Two year,Yes,Electronic check,67.83,3623.37,No
CUST-102208,Male,0,Yes,Yes,31,Yes,No,No,No internet service,No internet service,No internet service,No internet service,No internet service,No internet service,One year,Yes,Bank transfer (automatic),20.34,593.64,Yes
CUST-101032,Female,0,Yes,Yes,50,Yes,Yes,DSL,No,Yes,Yes,Yes,No,Yes,Month-to-month,No,Electronic check,72.7,3641.76,No
CUST-102698,Male,0,Yes,Yes,41,Yes,No,No,No internet service,No internet service,No internet service,No internet service,No internet service,No internet service,One year,Yes,Electronic check,26.61,1084.03,No
CUST-105207,Female,0,No,No,9,Yes,No,Fiber optic,No,No,Yes,Yes,No,Yes,Month-to-month,Yes,Mailed check,82.5,757.7,No
CUST-100350,Female,0,Yes,Yes,51,Yes,No,Fiber optic,No,No,No,Yes,Yes,Yes,Month-to-month,Yes,Credit card (automatic),82.46,4210.35,No
CUST-104319,Male,0,Yes,No,30,Yes,No,Fiber optic,No,No,No,No,Yes,Yes,Month-to-month,No,Electronic check,78.89,2367.42,No
CUST-100985,Female,0,No,No,49,Yes,No,Fiber optic,No,Yes,Yes,No,Yes,Yes,Month-to-month,Yes,Bank transfer (automatic),91.15,4469.3,No
CUST-105560,Male,1,No,No,7,Yes,Yes,DSL,Yes,No,Yes,No,Yes,No,One year,Yes,Electronic check,70.61,479.38,Yes
CUST-106470,Male,0,No,No,44,Yes,Yes,Fiber optic,No,No,No,No,No,No,Month-to-month,No,Credit card (automatic),65.83,2895.09,No
CUST-104644,Male,0,Yes,No,47,Yes,No,Fiber optic,Yes,No,No,Yes,No,Yes,Month-to-month,No,Mailed check,79.39,3732.77,Yes
CUST-106906,Male,0,Yes,Yes,60,Yes,No,Fiber optic,No,Yes,No,No,No,No,Two year,Yes,Mailed check,72.46,4394.93,No
CUST-100578,Female,0,Yes,Yes,57,No,No phone service,Fiber optic,No,No,Yes,No,Yes,No,Month-to-month,Yes,Mailed check,77.81,4454.59,No
CUST-105537,Female,0,Yes,No,7,Yes,Yes,Fiber optic,No,Yes,No,No,No,No,One year,No,Mailed check,74.27,528.13,Yes
CUST-106857,Female,0,No,No,28,Yes,No,Fiber optic,Yes,No,Yes,No,No,No,One year,No,Credit card (automatic),77.83,2193.73,No
CUST-105692,Female,0,No,No,28,Yes,Yes,DSL,No,No,Yes,No,No,Yes,Month-to-month,No,Electronic check,64.11,1815.93,No
CUST-100192,Female,0,Yes,No,32,No,No phone service,DSL,No,No,Yes,No,No,No,Month-to-month,No,Mailed check,39.79,1269.4,No
CUST-102431,Female,0,No,No,35,Yes,Yes,No,No internet service,No internet service,No internet service,No internet service,No internet service,No internet service,Month-to-month,No,Mailed check,30.64,1083.42,No
CUST-106943,Male,0,No,No,67,Yes,Yes,DSL,Yes,No,No,No,Yes,Yes,Two year,Yes,Credit card (automatic),74.91,5056.19,No
CUST-105430,Female,0,No,No,19,Yes,Yes,Fiber optic,No,No,No,No,No,No,One year,No,Electronic check,68.4,1297.2,No
CUST-100965,Female,0,No,No,38,Yes,Yes,DSL,Yes,Yes,No,No,No,No,Month-to-month,Yes,Mailed check,62.94,2374.0,No
CUST-105719,Male,0,No,No,17,Yes,Yes,DSL,No,No,Yes,No,Yes,Yes,One year,No,Electronic check,69.83,1169.98,No
CUST-100095,Male,1,Yes,Yes,31,No,No phone service,Fiber optic,Yes,No,Yes,No,No,No,Month-to-month,Yes,Credit card (automatic),69.49,2166.95,No
CUST-100445,Female,1,No,Yes,70,No,No phone service,Fiber optic,Yes,Yes,No,No,Yes,Yes,Month-to-month,No,Mailed check,82.99,5827.98,No
CUST-105972,Male,0,Yes,No,59,Yes,No,Fiber optic,Yes,No,Yes,No,Yes,No,Month-to-month,Yes,Credit card (automatic),83.39,4910.95,No
CUST-104188,Male,0,No,Yes,11,Yes,Yes,Fiber optic,No,Yes,Yes,Yes,No,Yes,Month-to-month,Yes,Mailed check,92.71,1011.98,No
CUST-105270,Male,0,No,No,41,Yes,Yes,No,No internet service,No internet service,No internet service,No internet service,No internet service,No internet service,Month-to-month,Yes,Mailed check,28.23,1149.47,No
CUST-106449,Male,0,Yes,No,61,Yes,Yes,No,No internet service,No internet service,No internet service,No internet service,No internet service,No internet service,Month-to-month,Yes,Credit card (automatic),30.7,1850.23,No
CUST-100738,Female,0,No,No,48,Yes,Yes,Fiber optic,Yes,No,Yes,No,Yes,No,Two year,Yes,Electronic check,90.97,4369.29,No
CUST-101225,Female,0,Yes,No,7,Yes,No,Fiber optic,Yes,No,Yes,No,No,Yes,Month-to-month,Yes,Electronic check,87.57,626.86,Yes
CUST-101524,Female,0,No,Yes,28,Yes,No,No,No internet service,No internet service,No internet service,No internet service,No internet service,No internet service,One year,No,Mailed check,20.58,573.66,No
CUST-101966,Male,0,Yes,Yes,40,Yes,No,Fiber optic,Yes,No,Yes,No,Yes,No,One year,Yes,Credit card (automatic),82.5,3296.19,No
CUST-103576,Female,0,Yes,Yes,69,No,No phone service,Fiber optic,No,No,Yes,No,Yes,No,Month-to-month,Yes,Mailed check,67.98,4685.94,No
CUST-103637,Male,0,No,No,37,Yes,Yes,Fiber optic,No,Yes,Yes,No,Yes,No,Two year,No,Mailed check,86.3,3225.82,No
CUST-101268,Female,0,Yes,No,39,Yes,No,Fiber optic,Yes,No,No,No,Yes,Yes,Month-to-month,No,Electronic check,82.06,3187.38,Yes
CUST-105839,Female,0,Yes,No,47,Yes,No,Fiber optic,Yes,Yes,Yes,No,No,No,One year,Yes,Mailed check,80.48,3790.94,No
CUST-101172,Male,0,Yes,Yes,60,Yes,Yes,Fiber optic,No,Yes,Yes,Yes,Yes,No,Two year,Yes,Mailed check,96.0,5732.06,No
CUST-105827,Female,0,No,No,61,Yes,Yes,DSL,No,No,No,No,Yes,No,Two year,No,Bank transfer (automatic),57.65,3506.43,No
CUST-104580,Male,0,Yes,No,7,Yes,Yes,Fiber optic,Yes,Yes,Yes,No,No,No,Month-to-month,Yes,Bank transfer (automatic),87.73,591.52,No
CUST-100860,Female,0,No,No,39,Yes,No,Fiber optic,No,No,Yes,Yes,No,No,Month-to-month,Yes,Credit card (automatic),78.64,3048.95,Yes
CUST-100026,Male,0,No,No,26,Yes,Yes,No,No internet service,No internet service,No internet service,No internet service,No internet service,No internet service,Two year,Yes,Bank transfer (automatic),28.27,741.82,No
CUST-103190,Male,0,Yes,No,10,Yes,Yes,No,No internet service,No internet service,No internet service,No internet service,No internet service,No internet service,Month-to-month,No,Credit card (automatic),27.8,263.0,No
CUST-104835,Female,0,Yes,Yes,51,Yes,Yes,Fiber optic,No,Yes,No,No,No,Yes,Two year,Yes,Electronic check,80.85,4155.46,No
CUST-101925,Male,0,Yes,Yes,26,Yes,No,Fiber optic,No,No,No,No,Yes,No,Month-to-month,Yes,Electronic check,69.6,1800.24,No
CUST-100718,Male,1,No,No,32,Yes,Yes,Fiber optic,No,Yes,No,Yes,Yes,Yes,Month-to-month,No,Mailed check,96.11,3077.07,Yes
CUST-100479,Male,0,No,No,49,Yes,No,Fiber optic,Yes,Yes,No,No,Yes,No,Month-to-month,Yes,Mailed check,80.02,3937.61,No
CUST-104780,Female,0,No,No,7,Yes,Yes,Fiber optic,No,Yes,Yes,No,Yes,Yes,One year,Yes,Mailed check,97.18,717.57,No
CUST-106148,Male,0,No,No,5,Yes,No,DSL,No,No,No,No,No,Yes,Two year,Yes,Bank transfer (automatic),52.89,245.93,Yes
CUST-103409,Male,0,Yes,No,8,Yes,No,Fiber optic,No,No,Yes,Yes,No,No,One year,No,Mailed check,76.12,608.07,No
CUST-104166,Male,0,Yes,No,12,Yes,Yes,Fiber optic,No,No,No,No,Yes,No,Month-to-month,No,Bank transfer (automatic),78.71,955.91,No
CUST-104554,Female,1,No,No,23,Yes,Yes,DSL,Yes,Yes,Yes,Yes,Yes,No,One year,Yes,Credit card (automatic),77.41,1787.73,No
CUST-104594,Female,0,No,No,2,Yes,No,DSL,No,Yes,Yes,Yes,No,Yes,Month-to-month,No,Credit card (automatic),69.68,143.34,No
CUST-104006,Male,1,No,No,18,Yes,No,Fiber optic,Yes,Yes,No,No,Yes,No,One year,No,Bank transfer (automatic),82.88,1520.31,No
CUST-103940,Female,1,Yes,Yes,33,No,No phone service,No,No internet service,No internet service,No internet service,No internet service,No internet service,No internet service,Two year,Yes,Bank transfer (automatic),20.66,654.44,Yes
CUST-105740,Female,0,No,Yes,68,Yes,No,Fiber optic,Yes,No,Yes,Yes,Yes,Yes,Month-to-month,Yes,Electronic check,91.48,6197.93,No
CUST-100610,Female,0,Yes,No,50,Yes,No,Fiber optic,No,Yes,No,No,No,Yes,Month-to-month,Yes,Electronic check,75.13,3768.62,Yes
CUST-100510,Female,0,No,No,6,Yes,No,Fiber optic,Yes,Yes,Yes,No,Yes,No,One year,Yes,Electronic check,89.63,533.15,No
CUST-100536,Male,0,No,No,20,Yes,No,Fiber optic,Yes,Yes,No,No,No,Yes,Two year,No,Bank transfer (automatic),79.36,1557.36,No
CUST-106227,Female,0,Yes,Yes,12,Yes,No,DSL,No,No,Yes,No,Yes,No,Two year,No,Bank transfer (automatic),55.25,638.66,No
CUST-101690,Female,0,No,No,24,Yes,Yes,DSL,No,Yes,No,Yes,No,No,Month-to-month,No,Mailed check,63.14,1541.73,No
CUST-106303,Female,0,No,No,23,Yes,No,No,No internet service,No internet service,No internet service,No internet service,No internet service,No internet service,Two year,Yes,Electronic check,23.14,560.41,No
CUST-105491,Female,0,No,No,7,Yes,No,DSL,No,Yes,Yes,No,Yes,No,Month-to-month,No,Bank transfer (automatic),61.94,437.41,No
CUST-103184,Female,0,Yes,Yes,61,Yes,Yes,No,No internet service,No internet service,No internet service,No internet service,No internet service,No internet service,Month-to-month,No,Credit card (automatic),31.73,1938.61,No
CUST-100750,Female,0,Yes,Yes,27,No,No phone service,Fiber optic,No,Yes,No,No,Yes,No,One year,No,Mailed check,74.4,1979.91,No
CUST-103272,Female,0,No,No,52,No,No phone service,Fiber optic,No,No,No,No,No,Yes,Month-to-month,No,Credit card (automatic),67.61,3487.71,No
CUST-101170,Female,0,Yes,No,8,Yes,No,Fiber optic,Yes,Yes,No,No,Yes,Yes,Month-to-month,Yes,Mailed check,87.17,710.13,No
CUST-105603,Male,0,Yes,No,71,Yes,No,Fiber optic,Yes,No,Yes,No,Yes,No,Month-to-month,No,Credit card (automatic),80.59,5755.57,No
CUST-105376,Male,1,No,No,61,Yes,Yes,DSL,No,No,No,Yes,Yes,Yes,One year,No,Mailed check,69.87,4236.84,No
CUST-103562,Male,0,No,Yes,47,Yes,No,Fiber optic,No,No,No,Yes,Yes,No,Month-to-month,Yes,Bank transfer (automatic),79.69,3746.45,No
CUST-100551,Male,0,Yes,Yes,65,Yes,Yes,DSL,No,Yes,No,Yes,No,No,Two year,No,Electronic check,61.65,3998.05,No
CUST-105035,Male,0,Yes,Yes,9,Yes,No,DSL,No,No,No,No,No,No,Month-to-month,No,Electronic check,44.46,405.36,No
CUST-101545,Female,1,No,No,61,Yes,Yes,DSL,No,Yes,Yes,Yes,No,No,Month-to-month,No,Bank transfer (automatic),63.63,3882.47,No
CUST-106095,Female,0,Yes,Yes,68,Yes,No,DSL,Yes,Yes,No,No,Yes,No,Month-to-month,No,Credit card (automatic),60.57,4122.67,No
CUST-104200,Female,0,No,No,67,Yes,No,DSL,No,No,No,Yes,No,No,Month-to-month,No,Credit card (automatic),47.98,3234.36,No
CUST-100389,Male,0,Yes,Yes,69,Yes,No,DSL,Yes,No,No,Yes,No,No,One year,No,Bank transfer (automatic),58.48,4048.32,No
CUST-105336,Female,0,Yes,No,38,Yes,No,DSL,No,No,No,No,Yes,No,Two year,Yes,Electronic check,53.37,2021.2,No
CUST-103931,Male,0,No,No,53,Yes,No,Fiber optic,No,Yes,No,No,Yes,No,Month-to-month,No,Mailed check,77.02,4108.8,No
CUST-102470,Female,0,Yes,No,32,Yes,No,No,No internet service,No internet service,No internet service,No internet service,No internet service,No internet service,Month-to-month,Yes,Bank transfer (automatic),21.46,673.04,No
CUST-101188,Female,1,No,No,51,Yes,Yes,No,No internet service,No internet service,No internet service,No internet service,No internet service,No internet service,Two year,No,Electronic check,25.09,1282.86,No
CUST-105725,Male,0,Yes,Yes,60,Yes,Yes,DSL,No,No,No,Yes,Yes,No,One year,No,Credit card (automatic),63.69,3795.72,No
CUST-100933,Female,0,No,No,52,Yes,No,No,No internet service,No internet service,No internet service,No internet service,No internet service,No internet service,Month-to-month,Yes,Electronic check,23.65,1243.48,No
CUST-104919,Female,0,Yes,Yes,40,Yes,No,Fiber optic,No,No,No,Yes,Yes,No,Month-to-month,Yes,Bank transfer (automatic),77.05,3070.34,Yes
CUST-102588,Female,0,No,Yes,26,Yes,Yes,Fiber optic,Yes,No,No,Yes,No,No,Two year,No,Electronic check,78.94,2067.41,No
CUST-106631,Male,0,Yes,Yes,8,Yes,No,Fiber optic,Yes,Yes,No,No,No,No,Month-to-month,Yes,Electronic check,77.56,620.85,No
CUST-100181,Male,0,No,No,61,Yes,Yes,Fiber optic,Yes,Yes,Yes,Yes,No,No,Two year,Yes,Mailed check,88.45,5377.37,No
CUST-100576,Female,0,Yes,Yes,67,Yes,No,No,No internet service,No internet service,No internet service,No internet service,No internet service,No internet service,Month-to-month,Yes,Credit card (automatic),19.95,1368.29,No
CUST-100663,Male,0,No,Yes,66,Yes,No,No,No internet service,No internet service,No internet service,No internet service,No internet service,No internet service,One year,No,Credit card (automatic),21.32,1374.43,No
CUST-104332,Female,0,No,Yes,36,No,No phone service,DSL,Yes,No,Yes,No,Yes,No,Two year,No,Bank transfer (automatic),59.07,2127.93,No
CUST-106400,Female,0,Yes,Yes,43,Yes,No,No,No internet service,No internet service,No internet service,No internet service,No internet service,No internet service,One year,Yes,Bank transfer (automatic),25.12,1077.15,No
CUST-105355,Female,0,No,No,16,Yes,Yes,Fiber optic,Yes,Yes,Yes,No,No,Yes,Month-to-month,Yes,Mailed check,87.83,1423.31,Yes
CUST-106392,Male,0,Yes,Yes,11,Yes,No,No,No internet service,No internet service,No internet service,No internet service,No internet service,No internet service,Month-to-month,No,Bank transfer (automatic),25.49,260.05,No
CUST-100835,Female,0,Yes,Yes,70,Yes,No,DSL,No,No,Yes,No,Yes,No,Month-to-month,Yes,Bank transfer (automatic),62.74,4424.62,No
CUST-105574,Female,0,No,No,51,Yes,No,DSL,No,Yes,No,Yes,Yes,Yes,Month-to-month,No,Electronic check,70.01,3556.45,Yes
CUST-105801,Male,0,No,No,7,Yes,No,Fiber optic,No,No,Yes,Yes,Yes,Yes,Month-to-month,No,Electronic check,88.63,640.23,Yes
CUST-106175,Male,0,No,No,12,Yes,No,No,No internet service,No internet service,No internet service,No internet service,No internet service,No internet service,Month-to-month,Yes,Mailed check,26.38,316.71,No
CUST-104302,Male,0,Yes,No,59,Yes,No,DSL,No,Yes,No,No,Yes,No,One year,Yes,Electronic check,56.74,3330.68,No
CUST-102600,Female,0,Yes,Yes,30,Yes,No,Fiber optic,No,No,Yes,No,Yes,No,Month-to-month,Yes,Bank transfer (automatic),74.66,2289.02,No
CUST-106800,Female,0,Yes,No,0,Yes,No,Fiber optic,Yes,No,No,No,Yes,Yes,Month-to-month,No,Electronic check,85.73,85.73,No
CUST-102799,Male,1,No,No,10,Yes,No,DSL,Yes,Yes,Yes,Yes,Yes,No,One year,No,Bank transfer (automatic),73.36,717.77,No
CUST-102271,Male,1,Yes,Yes,27,Yes,No,No,No internet service,No internet service,No internet service,No internet service,No internet service,No internet service,Month-to-month,No,Mailed check,19.13,515.37,No
CUST-102798,Female,0,No,No,40,Yes,No,Fiber optic,No,Yes,Yes,Yes,No,Yes,One year,Yes,Bank transfer (automatic),84.25,3398.25,No
CUST-103515,Female,1,Yes,Yes,4,Yes,Yes,No,No internet service,No internet service,No internet service,No internet service,No internet service,No internet service,One year,Yes,Credit card (automatic),32.04,115.51,No
CUST-105696,Male,0,No,No,45,Yes,No,DSL,No,Yes,Yes,Yes,No,No,Month-to-month,Yes,Credit card (automatic),60.77,2711.57,No
CUST-100852,Female,0,Yes,No,15,Yes,Yes,DSL,No,Yes,No,No,No,No,Two year,Yes,Mailed check,53.55,827.68,No
CUST-101857,Female,0,Yes,Yes,22,Yes,Yes,DSL,Yes,Yes,Yes,Yes,No,Yes,One year,Yes,Bank transfer (automatic),76.92,1694.66,No
CUST-104375,Female,0,No,No,53,Yes,No,No,No internet service,No internet service,No internet service,No internet service,No internet service,No internet service,Month-to-month,No,Electronic check,21.6,1129.97,No
CUST-106646,Male,0,No,No,63,Yes,No,Fiber optic,Yes,No,No,No,No,No,Month-to-month,No,Electronic check,70.35,4420.11,No
CUST-106001,Female,0,Yes,No,46,No,No phone service,DSL,Yes,No,Yes,No,Yes,Yes,Month-to-month,Yes,Electronic check,61.85,2871.15,No
CUST-100799,Male,0,No,No,38,Yes,Yes,No,No internet service,No internet service,No internet service,No internet service,No internet service,No internet service,Two year,Yes,Bank transfer (automatic),29.56,1122.99,No
CUST-106603,Male,0,No,No,2,Yes,Yes,No,No internet service,No internet service,No internet service,No internet service,No internet service,No internet service,Month-to-month,Yes,Electronic check,25.73,61.94,Yes
CUST-102585,Female,0,No,No,27,Yes,Yes,No,No internet service,No internet service,No internet service,No internet service,No internet service,No internet service,Two year,Yes,Electronic check,28.9,818.03,Yes
CUST-100359,Female,0,No,No,33,Yes,No,Fiber optic,Yes,No,No,No,No,No,Month-to-month,Yes,Electronic check,70.96,2381.17,No
CUST-104570,Female,0,Yes,Yes,14,Yes,Yes,DSL,Yes,Yes,No,No,No,Yes,One year,No,Credit card (automatic),64.52,887.3,No
CUST-102705,Male,0,Yes,No,44,Yes,No,Fiber optic,No,No,No,No,No,Yes,Month-to-month,No,Electronic check,72.47,3198.97,No
CUST-102953,Male,0,No,No,55,Yes,Yes,Fiber optic,Yes,No,Yes,Yes,No,Yes,Month-to-month,Yes,Mailed check,96.01,5323.51,No
CUST-103922,Male,0,Yes,Yes,52,Yes,No,Fiber optic,Yes,Yes,No,No,No,Yes,Two year,Yes,Bank transfer (automatic),84.62,4437.55,No
CUST-101128,Female,0,Yes,Yes,35,Yes,No,Fiber optic,No,Yes,No,Yes,No,No,Two year,Yes,Credit card (automatic),77.71,2694.82,No
CUST-102866,Male,0,Yes,Yes,41,Yes,No,Fiber optic,No,Yes,No,Yes,No,No,Month-to-month,No,Credit card (automatic),72.66,2955.84,No
CUST-103813,Male,0,No,No,64,Yes,No,Fiber optic,No,No,No,No,Yes,No,One year,No,Credit card (automatic),75.69,4808.47,Yes
CUST-105819,Female,0,Yes,Yes,16,Yes,No,Fiber optic,No,No,No,No,Yes,No,Month-to-month,Yes,Mailed check,69.52,1137.21,Yes
CUST-102268,Male,0,No,No,54,Yes,No,Fiber optic,No,No,Yes,No,No,No,Two year,No,Credit card (automatic),72.4,3902.52,Yes
CUST-104812,Female,0,Yes,No,2,Yes,Yes,No,No internet service,No internet service,No internet service,No internet service,No internet service,No internet service,Two year,Yes,Bank transfer (automatic),29.95,52.32,No
CUST-104244,Male,0,No,No,65,Yes,Yes,Fiber optic,No,No,No,Yes,Yes,No,One year,No,Bank transfer (automatic),78.01,,No
CUST-101096,Female,0,Yes,Yes,33,No,No phone service,No,No internet service,No internet service,No internet service,No internet service,No internet service,No internet service,Month-to-month,Yes,Mailed check,18.8,624.81,No
CUST-104801,Female,0,Yes,Yes,10,Yes,No,Fiber optic,No,No,No,Yes,No,No,Two year,Yes,Bank transfer (automatic),69.78,708.37,No
CUST-105971,Male,0,No,No,5,Yes,Yes,No,No internet service,No internet service,No internet service,No internet service,No internet service,No internet service,Month-to-month,Yes,Electronic check,32.33,117.97,No
CUST-103854,Male,0,No,No,40,Yes,Yes,No,No internet service,No internet service,No internet service,No internet service,No internet service,No internet service,One year,Yes,Electronic check,25.74,1056.42,Yes
CUST-102397,Male,1,No,Yes,55,Yes,No,Fiber optic,No,Yes,Yes,Yes,No,Yes,One year,Yes,Mailed check,91.17,4982.32,Yes
CUST-105528,Male,0,No,No,51,Yes,Yes,Fiber optic,No,No,No,No,No,Yes,Two year,Yes,Credit card (automatic),74.85,3775.03,No
CUST-105360,Female,0,Yes,No,2,Yes,No,DSL,No,Yes,Yes,No,Yes,Yes,Month-to-month,Yes,Bank transfer (automatic),68.42,112.59,No
CUST-102554,Female,0,Yes,No,57,Yes,No,DSL,No,Yes,No,No,Yes,Yes,One year,Yes,Mailed check,63.98,3660.24,No
CUST-101041,Female,0,Yes,No,57,Yes,Yes,DSL,No,No,No,No,No,Yes,Month-to-month,Yes,Credit card (automatic),61.76,3524.36,Yes
CUST-102654,Female,0,No,No,72,No,No phone service,No,No internet service,No internet service,No internet service,No internet service,No internet service,No internet service,Month-to-month,Yes,Electronic check,18.0,1320.85,No
CUST-105335,Male,0,No,No,20,Yes,No,DSL,No,No,No,Yes,No,Yes,One year,No,Mailed check,56.06,1140.89,No
CUST-103145,Female,0,No,No,45,Yes,No,No,No internet service,No internet service,No internet service,No internet service,No internet service,No internet service,Two year,Yes,Electronic check,25.78,1138.06,No
CUST-102366,Male,0,Yes,No,8,Yes,No,No,No internet service,No internet service,No internet service,No internet service,No internet service,No internet service,One year,Yes,Mailed check,20.86,164.61,No
CUST-101817,Male,1,No,No,29,Yes,Yes,DSL,No,Yes,No,No,Yes,Yes,Two year,Yes,Mailed check,74.03,2145.12,Yes
CUST-100427,Female,0,No,No,15,Yes,No,Fiber optic,Yes,Yes,No,Yes,Yes,No,Month-to-month,Yes,Credit card (automatic),83.99,1258.48,No
CUST-106864,Female,0,No,No,62,No,No phone service,DSL,No,No,No,Yes,No,Yes,Month-to-month,Yes,Electronic check,54.29,3356.41,Yes
CUST-101997,Female,0,Yes,No,60,Yes,No,Fiber optic,No,Yes,No,Yes,Yes,Yes,Month-to-month,Yes,Mailed check,92.36,5517.07,No
CUST-102908,Male,0,Yes,No,11,Yes,Yes,DSL,No,Yes,Yes,No,Yes,Yes,Month-to-month,Yes,Mailed check,81.09,914.42,No
CUST-104869,Female,0,Yes,No,36,Yes,No,Fiber optic,No,Yes,Yes,No,Yes,Yes,One year,No,Credit card (automatic),89.37,3227.46,No
CUST-102708,Female,0,No,No,20,Yes,No,Fiber optic,Yes,Yes,Yes,No,No,Yes,Two year,No,Electronic check,89.18,1787.22,No
CUST-105717,Female,1,Yes,No,59,Yes,No,DSL,No,Yes,No,No,No,No,One year,No,Mailed check,47.09,2758.23,Yes
CUST-103631,Female,0,No,No,11,Yes,No,No,No internet service,No internet service,No internet service,No internet service,No internet service,No internet service,Month-to-month,No,Mailed check,19.35,204.78,No
CUST-106597,Male,1,No,No,10,No,No phone service,DSL,Yes,No,Yes,No,No,No,Month-to-month,No,Credit card (automatic),46.12,472.95,No
CUST-104611,Male,0,Yes,No,16,Yes,No,Fiber optic,No,Yes,No,No,Yes,No,Month-to-month,No,Credit card (automatic),71.4,1135.79,No
CUST-100991,Female,1,Yes,No,40,Yes,Yes,Fiber optic,Yes,No,Yes,No,No,No,Month-to-month,Yes,Mailed check,80.02,3185.03,No
CUST-105338,Male,0,No,No,64,Yes,No,Fiber optic,Yes,No,Yes,No,No,No,One year,Yes,Mailed check,76.03,4842.81,No
CUST-101696,Male,0,Yes,Yes,37,Yes,Yes,DSL,No,Yes,No,No,No,No,Month-to-month,No,Credit card (automatic),57.45,2113.84,No
CUST-105671,Female,0,Yes,No,63,No,No phone service,Fiber optic,Yes,Yes,Yes,No,No,No,One year,Yes,Bank transfer (automatic),74.49,4656.6,No
CUST-100807,Male,0,No,No,35,Yes,No,DSL,Yes,No,Yes,Yes,Yes,Yes,Month-to-month,No,Bank transfer (automatic),75.45,2657.06,No
CUST-102605,Female,1,No,No,25,Yes,No,DSL,No,No,Yes,No,No,Yes,Month-to-month,Yes,Credit card (automatic),57.62,1441.16,No
CUST-102982,Female,1,Yes,Yes,20,Yes,Yes,No,No internet service,No internet service,No internet service,No internet service,No internet service,No internet service,One year,Yes,Credit card (automatic),26.56,530.13,No
CUST-106505,Male,0,Yes,Yes,10,Yes,No,DSL,Yes,Yes,Yes,No,Yes,Yes,Month-to-month,Yes,Mailed check,74.93,736.54,No
CUST-104739,Female,0,Yes,Yes,26,Yes,Yes,No,No internet service,No internet service,No internet service,No internet service,No internet service,No internet service,One year,Yes,Bank transfer (automatic),34.17,909.51,No
CUST-100615,Female,0,No,No,58,No,No phone service,DSL,Yes,No,No,No,Yes,Yes,Month-to-month,No,Bank transfer (automatic),64.42,3721.41,No
CUST-106048,Male,0,Yes,No,71,Yes,No,Fiber optic,No,Yes,Yes,No,Yes,Yes,One year,No,Bank transfer (automatic),81.83,5789.2,No
CUST-100463,Male,0,No,No,66,Yes,No,Fiber optic,No,No,No,Yes,Yes,No,One year,No,Credit card (automatic),75.29,4980.84,Yes
CUST-103888,Male,0,Yes,No,60,Yes,No,Fiber optic,No,No,Yes,No,Yes,Yes,One year,Yes,Bank transfer (automatic),84.22,5067.7,No
CUST-106954,Male,0,Yes,No,62,Yes,Yes,Fiber optic,No,Yes,Yes,Yes,No,Yes,Two year,Yes,Electronic check,93.19,5779.19,No
CUST-100452,Male,1,Yes,Yes,30,Yes,Yes,No,No internet service,No internet service,No internet service,No internet service,No internet service,No internet service,Month-to-month,Yes,Credit card (automatic),22.75,676.97,No
CUST-106901,Female,0,No,Yes,45,Yes,No,Fiber optic,No,Yes,No,No,No,No,Month-to-month,Yes,Bank transfer (automatic),70.48,3204.8,Yes
CUST-105538,Female,0,No,No,50,Yes,Yes,Fiber optic,No,No,Yes,No,Yes,Yes,Month-to-month,No,Bank transfer (automatic),90.67,4498.23,No
CUST-102350,Female,1,No,No,62,Yes,Yes,DSL,No,No,Yes,No,No,No,Month-to-month,Yes,Electronic check,56.81,3541.62,Yes
CUST-101708,Male,0,Yes,Yes,57,No,No phone service,No,No internet service,No internet service,No internet service,No internet service,No internet service,No internet service,Two year,Yes,Bank transfer (automatic),18.0,1045.21,No
CUST-101122,Male,0,No,No,21,Yes,No,Fiber optic,No,Yes,Yes,No,Yes,No,Two year,Yes,Mailed check,81.81,1720.0,No
CUST-104310,Female,0,No,No,58,No,No phone service,No,No internet service,No internet service,No internet service,No internet service,No internet service,No internet service,One year,No,Electronic check,18.0,1065.7,No
CUST-102755,Female,1,Yes,Yes,55,Yes,Yes,Fiber optic,No,Yes,No,Yes,No,Yes,One year,No,Credit card (automatic),89.51,4924.2,No
CUST-102551,Male,0,No,No,56,Yes,No,DSL,Yes,No,No,Yes,Yes,Yes,Month-to-month,No,Mailed check,71.07,3973.61,No
CUST-104369,Female,0,Yes,Yes,1,Yes,Yes,Fiber optic,No,No,Yes,No,Yes,Yes,One year,Yes,Electronic check,90.28,74.74,Yes
CUST-106160,Male,0,Yes,No,33,Yes,Yes,No,No internet service,No internet service,No internet service,No internet service,No internet service,No internet service,Month-to-month,Yes,Electronic check,27.27,871.97,No
CUST-105567,Male,0,No,No,49,Yes,Yes,Fiber optic,No,Yes,No,Yes,No,Yes,Two year,Yes,Electronic check,85.82,4190.41,No
CUST-100405,Female,0,Yes,Yes,21,Yes,Yes,DSL,No,No,Yes,No,Yes,Yes,Month-to-month,No,Bank transfer (automatic),70.63,1496.87,No
CUST-102916,Female,0,No,No,35,No,No phone service,Fiber optic,No,No,Yes,Yes,No,Yes,Two year,No,Electronic check,72.52,2546.05,No
CUST-104752,Female,0,No,No,27,Yes,Yes,Fiber optic,No,No,Yes,No,No,Yes,Month-to-month,Yes,Electronic check,81.95,2186.66,Yes
CUST-104056,Female,0,Yes,Yes,65,No,No phone service,No,No internet service,No internet service,No internet service,No internet service,No internet service,No internet service,Month-to-month,Yes,Electronic check,18.0,1165.02,No
CUST-100370,Male,0,Yes,No,17,Yes,No,DSL,Yes,Yes,Yes,Yes,Yes,Yes,Month-to-month,No,Mailed check,80.66,1347.2,Yes
CUST-103611,Female,0,Yes,No,44,Yes,Yes,No,No internet service,No internet service,No internet service,No internet service,No internet service,No internet service,One year,Yes,Electronic check,29.72,1289.38,No
CUST-100757,Male,0,Yes,Yes,56,Yes,Yes,No,No internet service,No internet service,No internet service,No internet service,No internet service,No internet service,Month-to-month,Yes,Credit card (automatic),28.25,1587.97,No
CUST-104442,Female,0,No,Yes,15,Yes,No,No,No internet service,No internet service,No internet service,No internet service,No internet service,No internet service,Month-to-month,Yes,Mailed check,24.0,371.89,No
CUST-100398,Male,0,Yes,No,1,Yes,Yes,Fiber optic,No,No,Yes,Yes,No,No,Month-to-month,No,Credit card (automatic),78.0,91.9,No
CUST-104471,Female,0,No,No,45,Yes,No,Fiber optic,No,Yes,Yes,Yes,No,No,Month-to-month,Yes,Bank transfer (automatic),79.29,3603.1,Yes
CUST-102099,Male,0,Yes,Yes,67,Yes,Yes,DSL,Yes,Yes,No,Yes,No,Yes,Month-to-month,No,Bank transfer (automatic),70.78,4713.41,No
CUST-101263,Female,0,Yes,Yes,22,Yes,Yes,DSL,Yes,Yes,Yes,Yes,No,Yes,Month-to-month,Yes,Bank transfer (automatic),82.01,1822.01,No
CUST-104410,Male,1,Yes,No,22,Yes,Yes,DSL,Yes,Yes,Yes,No,No,No,Month-to-month,No,Electronic check,58.93,1321.97,No
CUST-105718,Male,0,No,No,64,Yes,No,DSL,No,No,No,No,Yes,No,Month-to-month,No,Credit card (automatic),50.21,3198.17,No
CUST-100135,Male,0,Yes,No,24,Yes,Yes,DSL,No,Yes,Yes,No,No,Yes,Month-to-month,Yes,Bank transfer (automatic),65.6,1558.92,No
CUST-102697,Male,0,No,No,9,Yes,No,Fiber optic,No,No,No,No,No,No,Two year,No,Electronic check,69.81,606.03,No
CUST-106275,Male,0,No,No,1,Yes,Yes,Fiber optic,No,Yes,Yes,Yes,No,No,Month-to-month,No,Mailed check,84.03,117.26,No
CUST-101723,Female,0,No,No,55,Yes,Yes,No,No internet service,No internet service,No internet service,No internet service,No internet service,No internet service,Two year,Yes,Credit card (automatic),27.38,1491.42,No
CUST-101450,Male,0,No,No,41,Yes,No,No,No internet service,No internet service,No internet service,No internet service,No internet service,No internet service,Month-to-month,Yes,Mailed check,24.0,968.01,No
CUST-101900,Female,0,No,No,63,Yes,Yes,Fiber optic,Yes,No,Yes,No,No,No,One year,Yes,Mailed check,77.77,4889.69,No
CUST-102797,Female,0,Yes,No,57,Yes,Yes,DSL,Yes,No,Yes,Yes,Yes,Yes,Month-to-month,No,Credit card (automatic),83.87,4743.51,No
CUST-103052,Female,0,Yes,Yes,25,Yes,Yes,DSL,Yes,No,No,No,No,Yes,Two year,Yes,Electronic check,67.05,1658.45,No
CUST-100896,Female,0,No,No,34,Yes,Yes,Fiber optic,Yes,Yes,Yes,Yes,Yes,No,Month-to-month,No,Electronic check,104.08,3533.69,No
CUST-106611,Male,0,No,Yes,68,No,No phone service,Fiber optic,Yes,Yes,No,No,No,Yes,Month-to-month,Yes,Bank transfer (automatic),82.46,5610.5,No
CUST-101051,Male,0,No,No,4,Yes,Yes,DSL,Yes,Yes,No,No,No,Yes,Month-to-month,Yes,Electronic check,66.71,263.19,Yes
CUST-100276,Male,0,No,No,67,Yes,Yes,Fiber optic,No,Yes,No,Yes,No,No,Month-to-month,Yes,Mailed check,81.9,5507.31,Yes
CUST-103038,Male,0,Yes,Yes,7,Yes,Yes,No,No internet service,No internet service,No internet service,No internet service,No internet service,No internet service,Month-to-month,No,Electronic check,29.46,250.16,No
CUST-105893,Male,0,No,No,61,Yes,Yes,No,No internet service,No internet service,No internet service,No internet service,No internet service,No internet service,Two year,No,Credit card (automatic),30.66,1888.34,No
CUST-100307,Female,0,Yes,No,5,Yes,Yes,Fiber optic,Yes,Yes,Yes,No,Yes,No,Month-to-month,No,Mailed check,94.07,463.67,Yes
CUST-101684,Male,0,No,No,2,Yes,No,Fiber optic,No,No,No,Yes,Yes,Yes,Two year,No,Electronic check,88.19,164.98,No
CUST-102253,Female,0,Yes,No,62,Yes,No,Fiber optic,No,Yes,No,Yes,No,Yes,One year,No,Electronic check,83.81,5188.51,No
CUST-105857,Male,0,Yes,No,51,Yes,No,Fiber optic,Yes,No,Yes,No,No,No,Month-to-month,Yes,Mailed check,70.49,3631.74,No
CUST-103870,Male,0,No,No,64,No,No phone service,Fiber optic,Yes,Yes,No,No,No,Yes,Two year,Yes,Credit card (automatic),77.4,4971.52,No
CUST-104789,Female,0,Yes,No,49,Yes,No,Fiber optic,Yes,Yes,Yes,Yes,No,No,Month-to-month,Yes,Electronic check,86.16,4202.47,No
CUST-101789,Female,0,Yes,Yes,64,Yes,Yes,Fiber optic,No,No,Yes,No,Yes,No,One year,Yes,Bank transfer (automatic),82.59,5284.25,No
CUST-103003,Female,1,Yes,No,25,Yes,Yes,No,No internet service,No internet service,No internet service,No internet service,No internet service,No internet service,Two year,Yes,Electronic check,23.52,585.89,No
CUST-102610,Female,0,Yes,No,55,Yes,No,DSL,Yes,Yes,Yes,Yes,No,No,Month-to-month,Yes,Credit card (automatic),62.02,3444.96,No
CUST-106630,Male,1,No,Yes,25,Yes,Yes,Fiber optic,No,No,No,Yes,No,Yes,Month-to-month,Yes,Credit card (automatic),81.72,2031.24,Yes
CUST-103492,Male,1,No,Yes,53,Yes,No,No,No internet service,No internet service,No internet service,No internet service,No internet service,No internet service,Two year,Yes,Electronic check,20.44,1061.9,No
CUST-105332,Male,0,No,No,38,Yes,Yes,No,No internet service,No internet service,No internet service,No internet service,No internet service,No internet service,Two year,Yes,Mailed check,28.54,1118.5,No
CUST-102943,Male,0,No,No,38,Yes,Yes,No,No internet service,No internet service,No internet service,No internet service,No internet service,No internet service,Month-to-month,Yes,Electronic check,27.07,1011.02,No
CUST-105029,Male,0,Yes,Yes,21,Yes,Yes,No,No internet service,No internet service,No internet service,No internet service,No internet service,No internet service,One year,Yes,Mailed check,24.43,551.43,No
CUST-104631,Male,1,Yes,Yes,50,Yes,No,Fiber optic,No,No,No,Yes,No,No,One year,Yes,Bank transfer (automatic),70.44,3552.03,Yes
CUST-102722,Male,0,No,No,44,Yes,Yes,Fiber optic,No,No,Yes,No,Yes,Yes,Month-to-month,Yes,Mailed check,88.21,3933.87,No
CUST-102013,Female,0,No,No,71,Yes,No,DSL,No,No,No,No,Yes,Yes,One year,No,Bank transfer (automatic),62.99,4465.51,No
CUST-106183,Female,0,No,No,66,Yes,Yes,Fiber optic,No,Yes,No,No,Yes,No,Two year,Yes,Credit card (automatic),80.81,5313.71,No
CUST-101209,Female,0,No,No,56,Yes,Yes,No,No internet service,No internet service,No internet service,No internet service,No internet service,No internet service,Two year,Yes,Credit card (automatic),31.15,1747.24,No
CUST-103412,Male,0,No,No,35,Yes,Yes,DSL,No,No,No,No,Yes,Yes,Month-to-month,Yes,Mailed check,64.23,2235.9,Yes
CUST-105543,Female,0,Yes,No,56,Yes,No,Fiber optic,Yes,Yes,Yes,No,Yes,No,Month-to-month,No,Bank transfer (automatic),88.91,4975.33,No
CUST-104105,Male,1,No,No,57,Yes,No,Fiber optic,Yes,No,No,No,Yes,No,Month-to-month,Yes,Electronic check,80.04,4541.01,No
CUST-103320,Male,0,No,No,71,Yes,No,Fiber optic,No,No,No,No,Yes,Yes,Two year,Yes,Electronic check,77.91,5540.47,No
CUST-105383,Male,0,No,No,59,Yes,No,Fiber optic,Yes,No,Yes,Yes,Yes,Yes,Two year,Yes,Electronic check,95.02,5579.09,No
CUST-100089,Female,0,No,No,4,Yes,Yes,Fiber optic,No,No,No,Yes,No,No,Two year,No,Electronic check,70.57,265.22,No
CUST-104699,Male,0,No,No,16,No,No phone service,DSL,No,No,No,Yes,Yes,No,Month-to-month,Yes,Electronic check,58.15,938.88,No
CUST-100747,Male,0,No,No,0,Yes,No,No,No internet service,No internet service,No internet service,No internet service,No internet service,No internet service,One year,No,Electronic check,18.0,18.0,No
CUST-103957,Female,0,Yes,No,30,Yes,No,No,No internet service,No internet service,No internet service,No internet service,No internet service,No internet service,Two year,Yes,Credit card (automatic),24.09,675.49,No
CUST-104078,Male,0,Yes,No,6,Yes,No,Fiber optic,No,No,Yes,Yes,No,Yes,Two year,Yes,Electronic check,83.29,495.35,No
CUST-104414,Male,1,Yes,Yes,50,Yes,No,Fiber optic,Yes,No,No,Yes,Yes,No,Two year,No,Credit card (automatic),86.35,4325.0,No
CUST-102703,Female,0,Yes,No,48,Yes,No,Fiber optic,No,Yes,No,No,No,No,Two year,No,Electronic check,70.64,3398.82,No
CUST-106099,Male,0,No,No,43,Yes,Yes,DSL,No,Yes,Yes,Yes,Yes,No,One year,Yes,Electronic check,70.09,2956.36,No
CUST-102772,Male,0,No,No,24,Yes,No,Fiber optic,No,Yes,Yes,No,No,No,One year,Yes,Mailed check,78.02,1890.0,Yes
CUST-104402,Male,1,Yes,No,61,Yes,No,DSL,Yes,No,No,Yes,No,Yes,Month-to-month,No,Electronic check,65.28,3972.28,Yes
CUST-106262,Male,0,Yes,No,62,Yes,Yes,DSL,Yes,Yes,Yes,No,Yes,No,Month-to-month,No,Mailed check,75.84,4743.68,No
CUST-104083,Female,0,No,No,17,Yes,Yes,Fiber optic,No,Yes,No,No,No,Yes,Month-to-month,Yes,Credit card (automatic),84.37,1404.41,Yes
CUST-104633,Male,0,No,No,65,Yes,Yes,No,No internet service,No internet service,No internet service,No internet service,No internet service,No internet service,Month-to-month,No,Bank transfer (automatic),26.84,1754.89,No
CUST-100491,Female,0,No,No,62,Yes,No,Fiber optic,Yes,No,Yes,No,No,Yes,Month-to-month,Yes,Electronic check,82.11,5065.19,Yes
CUST-102368,Male,0,Yes,No,1,Yes,Yes,Fiber optic,No,Yes,No,No,Yes,No,Month-to-month,No,Electronic check,85.08,62.64,Yes
CUST-103111,Female,0,No,No,9,Yes,No,Fiber optic,No,No,Yes,No,Yes,No,One year,Yes,Electronic check,77.99,667.93,No
CUST-105592,Female,0,Yes,Yes,45,Yes,No,Fiber optic,No,No,Yes,No,Yes,Yes,One year,No,Credit card (automatic),90.79,4070.07,No
CUST-105154,Female,0,Yes,No,14,Yes,Yes,No,No internet service,No internet service,No internet service,No internet service,No internet service,No internet service,Month-to-month,Yes,Credit card (automatic),30.47,420.12,No
CUST-102173,Female,0,No,No,43,Yes,No,DSL,No,Yes,Yes,No,No,Yes,Two year,No,Electronic check,60.35,2598.96,No
CUST-103028,Male,0,No,Yes,12,Yes,No,No,No internet service,No internet service,No internet service,No internet service,No internet service,No internet service,One year,Yes,Electronic check,26.21,301.77,No
CUST-103543,Female,0,No,No,55,Yes,No,Fiber optic,No,No,Yes,No,Yes,No,One year,No,Mailed check,72.95,3997.09,No
CUST-105486,Male,0,No,No,13,Yes,Yes,Fiber optic,No,Yes,No,Yes,Yes,No,One year,Yes,Electronic check,89.59,1148.5,No
CUST-101444,Male,0,Yes,Yes,61,Yes,No,DSL,No,No,No,No,No,No,Month-to-month,No,Electronic check,36.58,2254.45,No
CUST-100433,Male,0,No,No,44,Yes,No,Fiber optic,No,No,Yes,No,No,Yes,Month-to-month,No,Electronic check,83.06,3666.1,Yes
CUST-100314,Male,0,Yes,No,50,Yes,No,Fiber optic,Yes,Yes,No,No,No,No,Month-to-month,No,Mailed check,75.22,3749.66,No
CUST-101651,Male,0,No,No,69,Yes,No,DSL,No,No,Yes,Yes,No,No,Two year,Yes,Electronic check,57.32,3928.86,No
CUST-106789,Female,0,No,No,2,Yes,Yes,No,No internet service,No internet service,No internet service,No internet service,No internet service,No internet service,Month-to-month,Yes,Electronic check,30.6,45.84,No
CUST-102297,Male,1,Yes,Yes,30,Yes,No,No,No internet service,No internet service,No internet service,No internet service,No internet service,No internet service,One year,No,Credit card (automatic),19.69,573.21,No
CUST-102684,Female,0,No,No,23,Yes,Yes,Fiber optic,No,No,No,No,No,Yes,Month-to-month,Yes,Electronic check,78.44,1796.27,No
CUST-106687,Male,0,No,No,29,Yes,No,DSL,No,No,Yes,No,Yes,Yes,Month-to-month,No,Mailed check,63.27,1839.31,No
CUST-103772,Female,0,No,No,11,Yes,Yes,No,No internet service,No internet service,No internet service,No internet service,No internet service,No internet service,Month-to-month,Yes,Mailed check,28.74,313.42,No
CUST-102136,Female,0,Yes,No,67,No,No phone service,DSL,No,Yes,Yes,No,No,No,One year,No,Mailed check,49.34,3296.35,No
CUST-101731,Female,1,No,Yes,12,No,No phone service,DSL,No,No,No,Yes,No,Yes,Two year,No,Mailed check,47.72,575.99,Yes
CUST-100333,Female,0,No,No,21,Yes,No,Fiber optic,Yes,No,No,Yes,No,No,Two year,Yes,Electronic check,72.5,1498.18,Yes
CUST-100987,Male,0,No,Yes,38,Yes,No,DSL,No,No,Yes,Yes,Yes,Yes,Month-to-month,No,Electronic check,71.27,2724.32,Yes
CUST-103667,Male,0,No,No,49,Yes,No,DSL,No,No,No,No,No,No,Two year,Yes,Mailed check,47.58,2319.64,No
CUST-105163,Female,1,No,No,60,Yes,No,DSL,Yes,Yes,No,Yes,No,No,One year,Yes,Bank transfer (automatic),61.96,3700.06,No
CUST-106922,Male,0,Yes,Yes,42,Yes,No,DSL,Yes,No,Yes,Yes,No,No,Month-to-month,Yes,Bank transfer (automatic),55.43,2331.24,No
CUST-103323,Female,0,No,No,30,Yes,Yes,No,No internet service,No internet service,No internet service,No internet service,No internet service,No internet service,Month-to-month,Yes,Bank transfer (automatic),22.73,673.49,Yes
CUST-105472,Female,0,No,No,19,Yes,Yes,No,No internet service,No internet service,No internet service,No internet service,No internet service,No internet service,Month-to-month,No,Electronic check,32.13,632.8,No
CUST-100780,Female,0,Yes,Yes,33,Yes,No,No,No internet service,No internet service,No internet service,No internet service,No internet service,No internet service,Two year,No,Electronic check,19.59,623.5,No
CUST-105557,Male,1,No,No,29,Yes,No,Fiber optic,No,Yes,Yes,No,Yes,No,Two year,Yes,Bank transfer (automatic),83.3,2407.92,Yes
CUST-103033,Male,0,No,Yes,66,No,No phone service,Fiber optic,No,Yes,Yes,No,Yes,No,Month-to-month,Yes,Bank transfer (automatic),80.33,5312.08,No
CUST-106859,Female,0,No,No,34,Yes,No,Fiber optic,No,No,No,Yes,Yes,Yes,Month-to-month,Yes,Mailed check,85.63,2898.13,No
CUST-104947,Female,0,Yes,No,50,Yes,Yes,DSL,No,No,Yes,Yes,Yes,No,One year,Yes,Electronic check,70.87,3581.37,No
CUST-104944,Male,1,No,No,39,Yes,Yes,DSL,Yes,No,No,No,No,Yes,Month-to-month,Yes,Electronic check,60.92,2367.2,No
CUST-100232,Male,0,No,Yes,16,Yes,No,No,No internet service,No internet service,No internet service,No internet service,No internet service,No internet service,Month-to-month,Yes,Electronic check,23.7,411.51,No
CUST-100683,Female,0,No,No,6,Yes,Yes,DSL,No,Yes,Yes,No,No,No,Month-to-month,No,Credit card (automatic),62.58,385.15,No
CUST-101497,Female,0,Yes,Yes,54,No,No phone service,DSL,Yes,Yes,Yes,No,No,No,Two year,Yes,Mailed check,59.15,3189.18,No
CUST-105034,Male,0,No,No,18,Yes,No,DSL,No,Yes,Yes,Yes,Yes,Yes,One year,Yes,Bank transfer (automatic),77.72,1422.41,No
CUST-103470,Male,0,No,No,67,Yes,No,Fiber optic,No,No,No,No,Yes,No,Month-to-month,Yes,Bank transfer (automatic),71.53,4797.67,No
CUST-103451,Male,1,No,No,27,Yes,Yes,Fiber optic,No,Yes,Yes,No,No,Yes,Month-to-month,Yes,Electronic check,84.22,2282.83,Yes
CUST-101141,Male,0,Yes,Yes,31,Yes,Yes,Fiber optic,Yes,No,No,Yes,No,Yes,Two year,No,Bank transfer (automatic),93.77,2905.52,No
CUST-101197,Female,0,No,No,9,Yes,No,Fiber optic,No,No,No,Yes,Yes,Yes,Two year,No,Electronic check,86.87,759.93,No
CUST-100899,Female,0,No,No,69,Yes,No,Fiber optic,No,Yes,No,No,No,Yes,Month-to-month,Yes,Credit card (automatic),73.77,5067.45,No
CUST-100305,Male,0,No,No,44,Yes,Yes,Fiber optic,No,Yes,No,No,Yes,Yes,One year,Yes,Bank transfer (automatic),88.49,3913.1,No
CUST-105140,Male,0,Yes,No,6,Yes,No,DSL,No,No,No,Yes,No,No,Two year,No,Bank transfer (automatic),54.31,305.31,No
CUST-103508,Male,0,No,No,12,Yes,No,DSL,Yes,Yes,No,Yes,Yes,Yes,Month-to-month,No,Mailed check,78.7,885.89,No
CUST-103230,Female,0,No,No,25,Yes,Yes,No,No internet service,No internet service,No internet service,No internet service,No internet service,No internet service,Month-to-month,Yes,Electronic check,26.18,663.61,No
CUST-101344,Male,0,Yes,Yes,56,Yes,Yes,Fiber optic,No,No,No,Yes,Yes,Yes,One year,No,Bank transfer (automatic),95.33,5328.98,No
CUST-102156,Male,1,Yes,No,43,Yes,No,No,No internet service,No internet service,No internet service,No internet service,No internet service,No internet service,Month-to-month,No,Electronic check,27.09,1187.14,No
CUST-100231,Female,1,Yes,Yes,24,Yes,No,Fiber optic,Yes,No,No,Yes,Yes,No,Two year,No,Electronic check,82.89,1984.41,No
CUST-102923,Female,0,No,No,7,Yes,No,Fiber optic,No,No,Yes,No,Yes,No,Month-to-month,Yes,Credit card (automatic),80.01,529.83,Yes
CUST-100179,Female,0,Yes,Yes,21,Yes,No,Fiber optic,No,Yes,Yes,Yes,Yes,No,Month-to-month,No,Credit card (automatic),88.09,1855.34,Yes
CUST-101146,Female,1,No,No,12,No,No phone service,Fiber optic,Yes,No,Yes,No,No,Yes,One year,Yes,Bank transfer (automatic),80.35,951.57,Yes
CUST-105023,Male,0,Yes,Yes,31,No,No phone service,No,No internet service,No internet service,No internet service,No internet service,No internet service,No internet service,Month-to-month,No,Bank transfer (automatic),20.92,607.45,No
CUST-105474,Male,0,No,Yes,50,Yes,No,Fiber optic,No,No,Yes,Yes,Yes,No,Month-to-month,Yes,Electronic check,79.53,3976.24,No
CUST-106071,Female,0,No,No,4,Yes,Yes,No,No internet service,No internet service,No internet service,No internet service,No internet service,No internet service,Month-to-month,Yes,Mailed check,26.31,93.41,Yes
CUST-106749,Female,1,No,No,39,Yes,No,Fiber optic,Yes,No,Yes,No,Yes,No,Two year,Yes,Electronic check,82.41,3232.73,No
CUST-103401,Female,0,No,No,34,Yes,Yes,Fiber optic,No,Yes,No,Yes,No,No,Month-to-month,Yes,Electronic check,78.29,2667.27,No
CUST-100511,Female,0,No,No,60,Yes,No,Fiber optic,Yes,Yes,No,Yes,Yes,Yes,Month-to-month,Yes,Mailed check,93.46,5662.79,Yes
CUST-101528,Male,0,Yes,Yes,8,Yes,No,Fiber optic,Yes,Yes,No,Yes,No,Yes,Month-to-month,No,Credit card (automatic),90.31,693.07,Yes
CUST-103062,Male,0,No,No,19,Yes,No,DSL,Yes,No,Yes,No,No,No,Month-to-month,No,Mailed check,50.19,960.67,No
CUST-104205,Female,0,Yes,Yes,38,Yes,No,No,No internet service,No internet service,No internet service,No internet service,No internet service,No internet service,Month-to-month,Yes,Electronic check,18.0,673.38,No
CUST-105478,Male,0,Yes,Yes,67,Yes,Yes,Fiber optic,No,No,No,No,Yes,Yes,Month-to-month,Yes,Electronic check,89.94,5979.22,No
CUST-106127,Female,0,No,No,3,Yes,Yes,Fiber optic,Yes,No,No,No,No,No,One year,Yes,Electronic check,74.69,228.87,No
CUST-104996,Female,0,No,No,41,Yes,Yes,No,No internet service,No internet service,No internet service,No internet service,No internet service,No internet service,Two year,No,Credit card (automatic),28.95,1164.45,No
CUST-106907,Male,0,Yes,Yes,12,Yes,No,No,No internet service,No internet service,No internet service,No internet service,No internet service,No internet service,Two year,Yes,Bank transfer (automatic),24.48,292.43,No
CUST-100358,Male,0,No,No,42,Yes,Yes,Fiber optic,Yes,Yes,No,No,No,Yes,Month-to-month,Yes,Electronic check,87.17,3653.33,Yes
CUST-101118,Female,0,Yes,Yes,69,Yes,No,DSL,Yes,No,Yes,No,No,No,Month-to-month,Yes,Credit card (automatic),54.18,3709.44,No
CUST-102844,Male,0,Yes,No,26,Yes,No,Fiber optic,No,No,No,Yes,No,No,Month-to-month,No,Electronic check,69.97,1786.68,Yes
CUST-103626,Female,0,Yes,No,58,Yes,No,Fiber optic,No,No,Yes,Yes,No,Yes,Month-to-month,No,Electronic check,81.25,4681.69,No
CUST-101031,Male,0,Yes,No,58,Yes,No,DSL,Yes,No,Yes,Yes,No,Yes,Month-to-month,Yes,Mailed check,65.41,3812.29,No
CUST-103181,Male,1,Yes,No,51,No,No phone service,Fiber optic,Yes,No,Yes,Yes,No,No,Two year,No,Bank transfer (automatic),75.07,3831.68,No
CUST-102258,Male,0,Yes,No,30,Yes,No,DSL,Yes,Yes,Yes,Yes,No,Yes,Two year,Yes,Credit card (automatic),75.69,2259.28,No
CUST-102685,Male,0,Yes,No,53,Yes,Yes,DSL,No,No,No,No,Yes,No,Month-to-month,Yes,Mailed check,55.33,2924.17,Yes
CUST-100383,Male,0,No,No,67,Yes,No,Fiber optic,Yes,Yes,Yes,No,No,No,Two year,Yes,Mailed check,78.04,5244.66,No
CUST-102728,Female,0,Yes,Yes,63,Yes,No,DSL,No,Yes,Yes,No,No,Yes,One year,No,Bank transfer (automatic),62.16,3906.0,No
CUST-101869,Female,0,Yes,No,55,No,No phone service,No,No internet service,No internet service,No internet service,No internet service,No internet service,No internet service,Two year,No,Credit card (automatic),21.88,1224.0,No
CUST-102436,Female,0,Yes,Yes,37,Yes,Yes,Fiber optic,No,Yes,Yes,No,Yes,Yes,Month-to-month,Yes,Credit card (automatic),95.95,3581.65,Yes
CUST-106821,Female,0,No,No,21,Yes,Yes,DSL,No,No,Yes,No,Yes,Yes,Month-to-month,No,Bank transfer (automatic),67.12,1398.14,Yes
CUST-106176,Female,0,No,No,35,Yes,No,Fiber optic,No,Yes,Yes,No,Yes,Yes,Month-to-month,Yes,Mailed check,93.36,3223.59,Yes
CUST-100729,Female,0,No,Yes,4,No,No phone service,DSL,No,No,No,No,Yes,Yes,One year,Yes,Credit card (automatic),58.16,225.37,Yes
CUST-105828,Male,0,Yes,Yes,41,Yes,Yes,DSL,No,Yes,Yes,Yes,Yes,No,Month-to-month,No,Mailed check,73.72,3023.41,Yes
CUST-105788,Female,0,Yes,Yes,0,Yes,No,No,No internet service,No internet service,No internet service,No internet service,No internet service,No internet service,Month-to-month,Yes,Bank transfer (automatic),22.95,22.95,Yes
CUST-106697,Female,0,Yes,No,15,Yes,No,Fiber optic,No,Yes,No,No,No,No,Two year,Yes,Bank transfer (automatic),68.28,1025.84,No
CUST-100024,Female,0,No,No,63,Yes,No,Fiber optic,No,No,No,Yes,No,Yes,Month-to-month,Yes,Electronic check,73.94,4648.24,Yes
CUST-103781,Male,0,Yes,Yes,21,Yes,No,DSL,No,No,Yes,No,Yes,Yes,One year,No,Bank transfer (automatic),63.51,1310.43,No
CUST-106846,Male,0,No,No,43,Yes,Yes,DSL,Yes,Yes,Yes,No,Yes,No,One year,Yes,Electronic check,71.56,3037.16,No
CUST-102720,Female,0,No,Yes,51,Yes,No,DSL,Yes,Yes,No,No,No,Yes,Month-to-month,Yes,Bank transfer (automatic),61.22,3121.4,No
CUST-106310,Male,0,No,No,27,Yes,No,No,No internet service,No internet service,No internet service,No internet service,No internet service,No internet service,Month-to-month,No,Electronic check,23.68,639.01,Yes
CUST-102937,Female,0,Yes,No,11,No,No phone service,DSL,No,No,Yes,No,No,No,Month-to-month,Yes,Bank transfer (automatic),48.94,550.6,No
CUST-104113,Female,0,Yes,Yes,58,Yes,Yes,Fiber optic,Yes,Yes,No,No,Yes,Yes,Month-to-month,No,Mailed check,99.03,5742.63,Yes
CUST-102810,Female,0,No,No,53,Yes,No,Fiber optic,Yes,Yes,Yes,Yes,Yes,Yes,Month-to-month,No,Bank transfer (automatic),98.64,5236.63,Yes
CUST-105778,Female,0,No,No,65,No,No phone service,No,No internet service,No internet service,No internet service,No internet service,No internet service,No internet service,One year,Yes,Electronic check,18.0,1176.01,No
CUST-102567,Female,0,No,No,65,Yes,No,DSL,Yes,No,Yes,Yes,No,Yes,Two year,No,Electronic check,65.9,4288.11,No
CUST-101984,Female,1,No,No,52,Yes,No,DSL,No,No,Yes,No,Yes,Yes,Month-to-month,Yes,Electronic check,64.98,3386.72,No
CUST-103744,Male,0,Yes,Yes,37,Yes,Yes,DSL,No,No,No,No,Yes,Yes,One year,Yes,Electronic check,64.93,2432.27,No
CUST-104130,Male,0,Yes,Yes,68,Yes,No,Fiber optic,No,Yes,No,Yes,No,No,Two year,No,Bank transfer (automatic),80.71,5506.96,No
CUST-101642,Male,0,No,No,3,Yes,No,DSL,No,Yes,No,No,No,Yes,Month-to-month,Yes,Credit card (automatic),59.11,164.9,No
CUST-102035,Female,0,No,Yes,70,Yes,No,Fiber optic,No,No,Yes,No,Yes,No,Month-to-month,Yes,Electronic check,72.43,5051.39,No
CUST-102856,Female,0,Yes,Yes,65,Yes,No,No,No internet service,No internet service,No internet service,No internet service,No internet service,No internet service,Two year,Yes,Credit card (automatic),20.17,1348.3,No
CUST-100732,Female,0,Yes,No,54,Yes,No,DSL,No,No,Yes,No,Yes,Yes,Month-to-month,Yes,Credit card (automatic),63.21,3389.63,No
CUST-105403,Female,0,No,No,53,Yes,No,No,No internet service,No internet service,No internet service,No internet service,No internet service,No internet service,Month-to-month,Yes,Mailed check,20.65,1138.95,No
CUST-103484,Male,0,No,No,58,Yes,Yes,Fiber optic,Yes,No,No,No,Yes,Yes,Month-to-month,Yes,Electronic check,90.99,5259.4,No
CUST-105473,Male,0,Yes,Yes,53,Yes,No,No,No internet service,No internet service,No internet service,No internet service,No internet service,No internet service,Month-to-month,Yes,Mailed check,23.92,1284.89,No
CUST-103131,Male,0,No,No,3,Yes,Yes,Fiber optic,No,No,Yes,No,No,Yes,Month-to-month,Yes,Bank transfer (automatic),83.79,270.56,No
CUST-100756,Female,0,Yes,Yes,22,Yes,Yes,Fiber optic,Yes,No,No,Yes,Yes,No,Two year,No,Electronic check,85.26,1874.63,Yes
CUST-105977,Male,0,Yes,Yes,28,Yes,No,No,No internet service,No internet service,No internet service,No internet service,No internet service,No internet service,Two year,No,Mailed check,20.43,550.72,No
CUST-104077,Female,0,Yes,No,68,Yes,No,Fiber optic,Yes,Yes,No,No,Yes,Yes,One year,No,Electronic check,89.72,6082.51,No
CUST-101837,Male,0,No,No,71,Yes,Yes,Fiber optic,No,No,No,No,Yes,No,Month-to-month,Yes,Bank transfer (automatic),77.08,5447.35,No
CUST-106639,Male,0,Yes,No,37,No,No phone service,DSL,Yes,No,No,Yes,No,No,Two year,Yes,Mailed check,46.8,1693.83,No
CUST-105633,Male,0,Yes,No,72,Yes,No,No,No internet service,No internet service,No internet service,No internet service,No internet service,No internet service,Two year,Yes,Bank transfer (automatic),22.1,1585.7,No
CUST-104379,Female,1,No,No,58,Yes,Yes,No,No internet service,No internet service,No internet service,No internet service,No internet service,No internet service,Month-to-month,Yes,Mailed check,28.05,1597.22,Yes
CUST-104834,Female,0,Yes,Yes,61,Yes,No,DSL,No,No,No,No,Yes,No,Two year,No,Bank transfer (automatic),58.36,3538.71,No
CUST-104000,Male,0,Yes,Yes,65,Yes,No,Fiber optic,Yes,No,Yes,No,Yes,Yes,Two year,No,Electronic check,88.01,5764.05,No
CUST-106102,Male,0,Yes,No,47,No,No phone service,Fiber optic,Yes,Yes,Yes,No,No,Yes,One year,No,Bank transfer (automatic),84.63,3961.2,No
CUST-102079,Male,0,Yes,Yes,71,Yes,Yes,Fiber optic,Yes,Yes,No,Yes,No,Yes,Month-to-month,Yes,Credit card (automatic),97.61,6948.87,No
CUST-105967,Female,0,No,No,72,Yes,No,No,No internet service,No internet service,No internet service,No internet service,No internet service,No internet service,Month-to-month,Yes,Mailed check,23.29,1677.6,No
CUST-102199,Male,0,No,No,70,Yes,No,Fiber optic,No,No,No,No,Yes,No,Two year,No,Electronic check,76.18,5337.57,No
CUST-102699,Male,1,Yes,No,36,Yes,Yes,DSL,No,No,Yes,Yes,No,No,Month-to-month,Yes,Electronic check,50.26,1780.55,Yes
CUST-103865,Female,0,No,No,47,No,No phone service,Fiber optic,Yes,No,No,No,No,Yes,Month-to-month,Yes,Electronic check,74.41,3484.78,Yes
CUST-105638,Male,0,Yes,Yes,0,Yes,Yes,Fiber optic,No,No,Yes,No,Yes,Yes,One year,Yes,Bank transfer (automatic),89.91,89.91,No
CUST-105546,Male,0,Yes,Yes,40,Yes,Yes,DSL,No,Yes,Yes,Yes,Yes,No,One year,Yes,Electronic check,71.34,2845.09,No
CUST-106718,Male,0,Yes,Yes,47,Yes,No,DSL,Yes,No,No,No,Yes,No,Month-to-month,Yes,Electronic check,54.81,2577.41,No
CUST-105856,Male,1,No,No,66,Yes,Yes,DSL,No,No,Yes,Yes,No,No,Month-to-month,Yes,Bank transfer (automatic),60.45,3977.73,Yes
CUST-104080,Female,0,No,No,72,Yes,No,No,No internet service,No internet service,No internet service,No internet service,No internet service,No internet service,Month-to-month,Yes,Electronic check,24.29,1719.64,No
CUST-102700,Female,0,No,No,45,Yes,Yes,Fiber optic,No,No,Yes,Yes,No,No,One year,Yes,Bank transfer (automatic),78.63,3529.64,No
CUST-106522,Male,0,Yes,Yes,14,Yes,Yes,Fiber optic,Yes,No,No,No,No,Yes,Month-to-month,Yes,Mailed check,83.92,1209.36,No
CUST-106189,Male,0,No,No,20,Yes,Yes,DSL,No,Yes,No,No,Yes,Yes,Month-to-month,Yes,Electronic check,70.4,1434.78,Yes
CUST-104490,Male,0,No,No,53,Yes,Yes,DSL,No,Yes,No,No,No,No,Month-to-month,Yes,Electronic check,53.48,2823.64,No
CUST-105299,Female,0,No,No,52,Yes,No,Fiber optic,Yes,No,Yes,No,No,No,Month-to-month,Yes,Electronic check,75.36,3885.71,No
CUST-106734,Male,0,No,No,30,Yes,No,DSL,Yes,Yes,Yes,Yes,No,No,Month-to-month,No,Electronic check,62.37,1875.58,Yes
CUST-103673,Male,0,No,No,69,Yes,No,Fiber optic,No,Yes,No,No,No,No,Two year,No,Mailed check,75.67,5211.7,Yes
CUST-106591,Female,0,No,No,33,Yes,No,Fiber optic,Yes,Yes,No,Yes,No,Yes,Month-to-month,No,Mailed check,87.07,2885.14,No
CUST-102153,Female,0,No,No,11,Yes,No,No,No internet service,No internet service,No internet service,No internet service,No internet service,No internet service,Month-to-month,Yes,Mailed check,30.08,356.11,No
CUST-100760,Male,1,No,Yes,54,Yes,No,Fiber optic,Yes,Yes,No,Yes,No,No,Month-to-month,No,Bank transfer (automatic),80.92,4392.39,No
CUST-104783,Female,0,No,No,23,Yes,No,DSL,No,Yes,Yes,Yes,No,No,Month-to-month,No,Electronic check,59.33,1382.33,No
CUST-102883,Male,0,Yes,No,65,Yes,No,Fiber optic,No,No,Yes,No,Yes,No,Month-to-month,No,Mailed check,83.64,5427.89,Yes
CUST-106132,Female,0,Yes,No,64,Yes,No,Fiber optic,No,Yes,No,No,Yes,Yes,Two year,Yes,Credit card (automatic),88.93,5704.99,No
CUST-106897,Male,0,No,No,7,Yes,No,Fiber optic,Yes,No,No,Yes,No,No,One year,No,Credit card (automatic),75.28,516.96,No
CUST-103363,Female,0,Yes,Yes,12,Yes,No,No,No internet service,No internet service,No internet service,No internet service,No internet service,No internet service,One year,No,Bank transfer (automatic),23.97,265.86,Yes
CUST-105745,Male,0,Yes,No,17,Yes,Yes,No,No internet service,No internet service,No internet service,No internet service,No internet service,No internet service,Month-to-month,Yes,Electronic check,28.31,484.48,No
CUST-104588,Female,0,Yes,Yes,41,Yes,Yes,Fiber optic,No,Yes,No,Yes,Yes,Yes,One year,Yes,Bank transfer (automatic),95.35,3907.17,Yes
CUST-101182,Female,0,No,No,68,Yes,Yes,DSL,Yes,No,No,Yes,Yes,Yes,Month-to-month,Yes,Electronic check,76.96,5228.85,No
CUST-105690,Male,0,Yes,Yes,22,No,No phone service,No,No internet service,No internet service,No internet service,No internet service,No internet service,No internet service,Month-to-month,Yes,Mailed check,18.0,400.36,No
CUST-105563,Male,0,Yes,No,22,Yes,Yes,Fiber optic,No,Yes,Yes,No,No,No,Month-to-month,No,Electronic check,71.84,1562.2,No
CUST-102311,Male,0,No,No,2,Yes,No,No,No internet service,No internet service,No internet service,No internet service,No internet service,No internet service,One year,No,Electronic check,19.64,50.36,Yes
CUST-103106,Female,1,Yes,Yes,15,Yes,No,No,No internet service,No internet service,No internet service,No internet service,No internet service,No internet service,Month-to-month,Yes,Credit card (automatic),23.34,344.87,No
CUST-104530,Male,0,No,No,26,Yes,Yes,DSL,Yes,No,Yes,Yes,Yes,No,One year,Yes,Credit card (automatic),78.23,2006.03,No
CUST-103337,Male,0,Yes,Yes,38,No,No phone service,No,No internet service,No internet service,No internet service,No internet service,No internet service,No internet service,One year,Yes,Mailed check,21.0,811.05,No
CUST-106564,Male,0,No,No,38,Yes,No,Fiber optic,Yes,Yes,No,Yes,No,Yes,One year,No,Mailed check,89.47,3386.11,No
CUST-102276,Male,0,Yes,Yes,52,Yes,No,Fiber optic,Yes,No,No,No,No,No,Two year,Yes,Credit card (automatic),72.38,3725.72,No
CUST-106153,Male,0,No,No,25,Yes,No,DSL,No,No,Yes,No,No,No,Month-to-month,No,Electronic check,56.23,1399.7,Yes
CUST-103073,Female,0,No,No,65,Yes,No,DSL,No,Yes,Yes,Yes,Yes,No,Two year,No,Mailed check,67.39,4394.01,No
CUST-101240,Female,0,No,Yes,67,Yes,No,Fiber optic,No,Yes,Yes,No,No,Yes,One year,No,Mailed check,85.39,5746.07,No
CUST-104046,Male,0,No,No,39,Yes,No,Fiber optic,No,Yes,Yes,No,Yes,No,Two year,Yes,Bank transfer (automatic),87.05,3394.68,No
CUST-100345,Male,0,No,No,13,Yes,No,DSL,Yes,No,Yes,No,No,No,One year,No,Credit card (automatic),58.48,744.41,Yes
CUST-104549,Female,0,No,No,56,Yes,No,Fiber optic,No,Yes,No,No,No,Yes,Month-to-month,No,Bank transfer (automatic),79.02,4431.04,Yes
CUST-104632,Male,0,No,No,10,Yes,No,No,No internet service,No internet service,No internet service,No internet service,No internet service,No internet service,Two year,No,Credit card (automatic),20.18,223.8,No
CUST-103814,Male,0,No,No,38,Yes,No,No,No internet service,No internet service,No internet service,No internet service,No internet service,No internet service,Two year,Yes,Electronic check,20.46,796.56,No
CUST-102604,Female,0,Yes,No,30,Yes,No,Fiber optic,No,No,Yes,No,No,Yes,One year,No,Electronic check,80.03,2396.9,No
CUST-106190,Female,0,Yes,Yes,66,Yes,Yes,Fiber optic,No,Yes,No,No,No,No,Month-to-month,Yes,Electronic check,70.2,4614.93,Yes
CUST-103077,Female,0,No,No,25,Yes,No,Fiber optic,Yes,Yes,No,No,Yes,No,Month-to-month,Yes,Bank transfer (automatic),84.19,2103.47,No
CUST-105936,Male,0,Yes,Yes,21,Yes,No,Fiber optic,No,No,No,No,Yes,No,Month-to-month,Yes,Mailed check,73.26,1529.22,No
CUST-106331,Female,0,No,No,37,Yes,Yes,Fiber optic,No,No,No,No,Yes,Yes,Month-to-month,Yes,Bank transfer (automatic),79.68,2954.45,No
CUST-105627,Male,0,Yes,Yes,14,Yes,No,DSL,No,No,No,No,Yes,No,Month-to-month,Yes,Credit card (automatic),57.94,777.64,No
CUST-101791,Female,0,No,No,39,Yes,No,DSL,No,Yes,No,No,No,Yes,One year,Yes,Electronic check,55.41,2179.98,No
CUST-106066,Male,0,Yes,Yes,6,Yes,No,Fiber optic,Yes,Yes,Yes,Yes,No,No,Month-to-month,Yes,Bank transfer (automatic),82.54,509.47,Yes
CUST-104333,Female,0,Yes,Yes,10,Yes,Yes,Fiber optic,No,No,Yes,No,No,No,Two year,Yes,Mailed check,72.01,716.68,Yes
CUST-104378,Male,1,Yes,No,53,Yes,Yes,Fiber optic,Yes,No,Yes,Yes,Yes,Yes,One year,Yes,Electronic check,104.63,5545.61,No
CUST-103474,Male,0,Yes,No,17,Yes,No,Fiber optic,No,Yes,Yes,No,Yes,Yes,Month-to-month,Yes,Bank transfer (automatic),89.22,1508.29,No
CUST-105306,Male,0,No,No,11,Yes,No,Fiber optic,Yes,No,No,Yes,No,Yes,One year,Yes,Bank transfer (automatic),80.56,878.03,Yes
CUST-105418,Female,1,Yes,Yes,52,No,No phone service,DSL,Yes,Yes,Yes,No,Yes,Yes,Two year,Yes,Electronic check,67.11,3518.03,No
CUST-103341,Male,1,No,No,60,Yes,Yes,No,No internet service,No internet service,No internet service,No internet service,No internet service,No internet service,Month-to-month,Yes,Bank transfer (automatic),29.24,1720.82,Yes
CUST-105133,Male,0,No,No,29,No,No phone service,Fiber optic,Yes,No,No,Yes,Yes,Yes,Two year,No,Mailed check,86.99,2548.42,No
CUST-104664,Male,0,No,Yes,69,Yes,Yes,Fiber optic,No,No,Yes,No,Yes,Yes,Month-to-month,No,Electronic check,93.3,6422.98,No
CUST-104740,Male,0,No,Yes,26,Yes,Yes,Fiber optic,Yes,No,Yes,Yes,No,No,Two year,No,Credit card (automatic),81.68,2114.07,No
CUST-103541,Female,0,No,No,72,Yes,No,DSL,No,No,No,Yes,Yes,Yes,Two year,Yes,Mailed check,71.13,5101.68,No
CUST-103016,Female,0,Yes,Yes,54,Yes,No,DSL,No,Yes,Yes,Yes,No,Yes,Month-to-month,Yes,Mailed check,70.02,3790.8,No
CUST-104539,Female,0,No,No,8,Yes,No,Fiber optic,Yes,Yes,No,Yes,No,Yes,One year,Yes,Electronic check,87.97,700.43,Yes
CUST-105978,Male,0,No,No,47,No,No phone service,No,No internet service,No internet service,No internet service,No internet service,No internet service,No internet service,Two year,Yes,Electronic check,18.0,846.69,No
CUST-106798,Male,0,Yes,Yes,59,Yes,No,Fiber optic,Yes,No,Yes,Yes,Yes,No,Month-to-month,Yes,Electronic check,92.97,5468.0,No
CUST-105820,female ,0,No,No,31,Yes,No,Fiber optic,Yes,Yes,Yes,No,Yes,Yes,One year,Yes,Mailed check,97.53,3024.03,No
CUST-106214,Female,0,Yes,Yes,39,No,No phone service,No,No internet service,No internet service,No internet service,No internet service,No internet service,No internet service,One year,Yes,Electronic check,18.0,705.11,No
CUST-105294,Female,0,Yes,Yes,49,Yes,Yes,Fiber optic,Yes,Yes,No,Yes,Yes,Yes,Month-to-month,Yes,Mailed check,95.85,4687.8,Yes
CUST-102302,Female,0,Yes,No,64,Yes,Yes,DSL,No,No,Yes,No,Yes,No,Two year,No,Bank transfer (automatic),61.92,3973.89,No
CUST-101126,Female,1,Yes,Yes,25,Yes,No,Fiber optic,Yes,No,No,No,Yes,Yes,Month-to-month,Yes,Credit card (automatic),88.26,2192.33,No
CUST-103438,Female,0,No,No,38,Yes,Yes,Fiber optic,Yes,Yes,Yes,No,No,Yes,One year,Yes,Electronic check,96.22,3635.21,No
CUST-103159,Female,0,Yes,No,16,Yes,Yes,Fiber optic,No,Yes,Yes,Yes,Yes,No,Month-to-month,Yes,Mailed check,93.68,1502.75,No
CUST-100149,Male,1,Yes,No,4,Yes,No,Fiber optic,No,Yes,No,No,No,No,One year,Yes,Bank transfer (automatic),70.05,274.65,Yes
CUST-105558,Female,0,No,No,47,Yes,Yes,Fiber optic,No,Yes,Yes,No,No,No,Month-to-month,No,Mailed check,77.0,3643.45,No
CUST-102464,Male,0,No,No,9,No,No phone service,DSL,No,No,Yes,Yes,No,No,Month-to-month,No,Electronic check,44.75,383.39,Yes
CUST-103816,Male,1,No,No,72,Yes,No,No,No internet service,No internet service,No internet service,No internet service,No internet service,No internet service,One year,Yes,Credit card (automatic),24.75,1807.26,No
CUST-103225,Female,0,No,No,47,No,No phone service,DSL,Yes,No,No,No,No,No,One year,No,Mailed check,46.61,2189.39,No
CUST-103935,Female,0,No,No,39,Yes,No,No,No internet service,No internet service,No internet service,No internet service,No internet service,No internet service,Two year,No,Electronic check,27.76,1080.29,No
CUST-100052,Male,0,No,No,14,Yes,No,Fiber optic,Yes,Yes,Yes,No,No,Yes,Month-to-month,No,Credit card (automatic),89.32,1284.37,Yes
CUST-100671,Female,0,No,No,12,Yes,Yes,DSL,No,Yes,Yes,Yes,Yes,No,Month-to-month,Yes,Mailed check,71.83,851.34,No
CUST-105097,Male,0,Yes,No,11,Yes,Yes,Fiber optic,Yes,Yes,No,Yes,Yes,No,Month-to-month,No,Credit card (automatic),100.75,1130.07,Yes
CUST-100529,Female,1,No,No,66,Yes,No,Fiber optic,Yes,Yes,Yes,No,Yes,No,One year,No,Mailed check,88.17,5816.85,No
CUST-102779,male ,0,No,No,72,Yes,Yes,Fiber optic,No,No,Yes,Yes,Yes,Yes,One year,Yes,Electronic check,93.72,6726.65,Yes
CUST-105738,Male,0,Yes,No,62,Yes,Yes,DSL,Yes,No,No,Yes,No,Yes,One year,Yes,Credit card (automatic),68.28,4248.8,No
CUST-104411,Female,0,Yes,No,0,Yes,No,No,No internet service,No internet service,No internet service,No internet service,No internet service,No internet service,Month-to-month,Yes,Bank transfer (automatic),25.88,25.88,No
CUST-102001,Male,0,Yes,Yes,57,No,No phone service,DSL,No,Yes,No,No,Yes,No,Two year,No,Bank transfer (automatic),56.83,3213.16,No
CUST-102557,Female,0,No,Yes,64,No,No phone service,No,No internet service,No internet service,No internet service,No internet service,No internet service,No internet service,One year,Yes,Mailed check,18.0,1147.26,No
CUST-106689,Female,0,Yes,Yes,54,Yes,No,DSL,Yes,No,Yes,No,No,Yes,Month-to-month,Yes,Credit card (automatic),56.65,3059.58,No
CUST-106168,Female,1,No,Yes,7,Yes,No,Fiber optic,No,Yes,Yes,Yes,No,Yes,One year,Yes,Bank transfer (automatic),89.47,647.59,No
CUST-106384,Male,0,No,No,61,Yes,No,DSL,No,No,Yes,Yes,No,No,Two year,Yes,Bank transfer (automatic),50.65,3093.77,No
CUST-104320,Female,0,Yes,Yes,16,Yes,No,DSL,Yes,Yes,Yes,No,Yes,No,Month-to-month,Yes,Credit card (automatic),71.26,1110.31,Yes
CUST-104021,Male,0,Yes,No,54,Yes,No,No,No internet service,No internet service,No internet service,No internet service,No internet service,No internet service,Month-to-month,Yes,Electronic check,19.49,1038.1,No
CUST-100525,Male,1,No,No,24,Yes,Yes,Fiber optic,No,No,No,No,No,Yes,Month-to-month,No,Mailed check,82.88,1972.65,No
CUST-106281,Male,0,No,No,35,Yes,No,No,No internet service,No internet service,No internet service,No internet service,No internet service,No internet service,Two year,Yes,Electronic check,24.42,843.92,No
CUST-101921,Female,0,Yes,No,58,Yes,Yes,No,No internet service,No internet service,No internet service,No internet service,No internet service,No internet service,Two year,Yes,Mailed check,28.21,1646.88,No
CUST-101163,Female,0,Yes,No,61,Yes,Yes,DSL,No,No,No,No,No,Yes,One year,Yes,Mailed check,62.71,3852.65,No
CUST-104741,Male,1,No,No,10,Yes,No,DSL,No,Yes,No,No,Yes,No,Month-to-month,No,Credit card (automatic),54.01,530.81,No
CUST-103157,Female,1,No,No,38,Yes,Yes,No,No internet service,No internet service,No internet service,No internet service,No internet service,No internet service,Month-to-month,No,Mailed check,27.41,,No
CUST-101276,Female,0,Yes,Yes,17,Yes,No,DSL,Yes,No,Yes,Yes,Yes,No,One year,Yes,Mailed check,71.07,1215.39,No
CUST-101375,Female,0,Yes,Yes,48,Yes,Yes,DSL,No,No,No,Yes,Yes,Yes,One year,No,Mailed check,67.29,3244.88,No
CUST-105235,Female,0,No,No,0,Yes,No,Fiber optic,No,No,Yes,No,Yes,Yes,Two year,Yes,Electronic check,85.03,85.03,No
CUST-104528,Male,1,No,No,39,Yes,No,Fiber optic,No,No,No,Yes,No,No,Month-to-month,Yes,Electronic check,68.32,2620.52,No
CUST-102893,Female,0,Yes,No,70,Yes,Yes,DSL,No,Yes,No,No,Yes,Yes,Month-to-month,Yes,Electronic check,76.46,5374.19,No
CUST-104268,Male,1,Yes,No,10,No,No phone service,Fiber optic,Yes,Yes,No,No,Yes,Yes,Month-to-month,Yes,Electronic check,86.13,872.97,Yes
CUST-101463,Male,0,Yes,Yes,12,Yes,Yes,Fiber optic,No,No,No,No,No,No,One year,No,Bank transfer (automatic),71.07,831.75,No
CUST-106746,Male,0,Yes,Yes,26,Yes,Yes,Fiber optic,No,Yes,Yes,Yes,No,Yes,Month-to-month,Yes,Bank transfer (automatic),91.29,2371.69,No
CUST-103701,Male,0,No,Yes,15,Yes,No,Fiber optic,No,No,No,No,Yes,No,One year,No,Bank transfer (automatic),75.93,1133.59,No
CUST-106506,Female,0,No,No,13,Yes,No,No,No internet service,No internet service,No internet service,No internet service,No internet service,No internet service,One year,Yes,Bank transfer (automatic),28.86,386.95,No
CUST-102966,Male,0,Yes,No,56,Yes,Yes,Fiber optic,No,No,Yes,No,Yes,Yes,Two year,Yes,Bank transfer (automatic),86.32,4859.45,No
CUST-101189,Male,0,No,No,31,Yes,No,DSL,Yes,No,Yes,No,No,No,One year,No,Mailed check,50.92,1586.67,No
CUST-102441,Male,0,Yes,No,21,Yes,Yes,Fiber optic,No,Yes,No,No,No,No,Month-to-month,No,Credit card (automatic),72.28,1486.64,No
CUST-101930,Male,0,Yes,Yes,9,Yes,Yes,Fiber optic,No,Yes,Yes,Yes,No,Yes,Two year,Yes,Electronic check,95.17,846.11,No
CUST-105911,Male,0,No,No,8,Yes,No,DSL,Yes,No,No,No,Yes,Yes,Month-to-month,Yes,Bank transfer (automatic),68.84,546.35,Yes
CUST-103302,Female,0,Yes,No,6,Yes,No,DSL,No,No,No,No,No,Yes,Month-to-month,Yes,Electronic check,52.23,347.09,No
CUST-103895,Female,1,Yes,Yes,44,Yes,Yes,No,No internet service,No internet service,No internet service,No internet service,No internet service,No internet service,Two year,Yes,Electronic check,28.11,1237.13,No
CUST-104371,Male,0,No,No,50,Yes,Yes,DSL,No,Yes,No,Yes,No,No,Month-to-month,No,Bank transfer (automatic),55.83,2781.05,Yes
CUST-104881,Female,0,Yes,Yes,23,Yes,Yes,DSL,No,Yes,Yes,No,No,Yes,Month-to-month,Yes,Electronic check,63.6,1476.91,No
CUST-104038,Male,0,No,No,39,Yes,No,DSL,No,Yes,No,No,Yes,Yes,Month-to-month,No,Bank transfer (automatic),68.74,2656.03,No
CUST-100210,Male,1,No,No,56,Yes,No,Fiber optic,No,No,No,No,No,Yes,One year,No,Electronic check,69.28,3862.6,No
CUST-100145,Female,0,Yes,Yes,44,Yes,No,No,No internet service,No internet service,No internet service,No internet service,No internet service,No internet service,Two year,No,Electronic check,28.42,1267.1,No
CUST-102536,Male,1,No,No,37,Yes,Yes,Fiber optic,No,No,No,No,No,No,Month-to-month,No,Electronic check,67.73,2530.79,No
CUST-101107,Female,0,Yes,No,72,Yes,Yes,DSL,No,No,Yes,Yes,No,No,Month-to-month,Yes,Electronic check,55.06,3966.18,No
CUST-101175,Male,0,Yes,Yes,37,Yes,No,Fiber optic,No,Yes,Yes,No,Yes,Yes,One year,Yes,Mailed check,88.88,3297.54,No
CUST-106316,Female,0,No,No,48,No,No phone service,DSL,No,No,No,Yes,Yes,No,Month-to-month,No,Bank transfer (automatic),57.93,2788.33,No
CUST-105512,Female,1,No,No,72,No,No phone service,Fiber optic,No,No,No,No,Yes,Yes,Month-to-month,Yes,Credit card (automatic),78.43,5644.96,Yes
CUST-100246,Female,0,No,Yes,8,Yes,No,Fiber optic,No,No,Yes,Yes,No,Yes,Month-to-month,Yes,Bank transfer (automatic),89.28,720.78,Yes
CUST-101884,Female,0,No,No,54,Yes,No,Fiber optic,No,No,Yes,Yes,No,Yes,Two year,Yes,Mailed check,78.99,4241.15,No
CUST-106135,Male,0,Yes,No,25,Yes,Yes,No,No internet service,No internet service,No internet service,No internet service,No internet service,No internet service,Two year,Yes,Mailed check,31.5,774.84,No
CUST-105429,Female,0,Yes,Yes,27,Yes,No,Fiber optic,Yes,No,No,No,No,No,One year,Yes,Electronic check,69.83,1912.99,No
CUST-102254,Male,0,No,Yes,71,Yes,No,No,No internet service,No internet service,No internet service,No internet service,No internet service,No internet service,Two year,Yes,Electronic check,25.05,1761.06,No
CUST-104526,Male,0,Yes,Yes,8,Yes,No,Fiber optic,No,No,Yes,Yes,No,Yes,One year,Yes,Credit card (automatic),81.1,688.28,No
CUST-102881,Male,1,Yes,No,66,Yes,No,DSL,Yes,No,Yes,No,No,Yes,Month-to-month,No,Mailed check,64.98,4305.97,No
CUST-100639,Female,0,Yes,Yes,29,Yes,Yes,No,No internet service,No internet service,No internet service,No internet service,No internet service,No internet service,Month-to-month,No,Mailed check,22.99,674.51,No
CUST-106742,Female,0,Yes,Yes,51,Yes,Yes,Fiber optic,No,No,No,Yes,No,Yes,Month-to-month,No,Credit card (automatic),81.41,4152.26,Yes
CUST-105743,Male,0,Yes,No,20,Yes,No,DSL,Yes,Yes,No,No,Yes,No,Month-to-month,Yes,Electronic check,54.7,1119.68,No
CUST-105204,Female,0,No,No,28,Yes,Yes,Fiber optic,No,Yes,No,No,Yes,Yes,Two year,No,Credit card (automatic),92.55,2566.74,Yes
CUST-105599,Female,1,No,No,0,Yes,No,DSL,No,Yes,Yes,Yes,Yes,Yes,Two year,Yes,Credit card (automatic),76.9,76.9,No
CUST-103722,Female,0,No,No,59,Yes,No,DSL,No,Yes,No,Yes,Yes,Yes,Month-to-month,No,Electronic check,72.16,4256.78,No
CUST-100083,Female,0,Yes,Yes,40,Yes,Yes,Fiber optic,No,No,No,Yes,Yes,No,Month-to-month,Yes,Electronic check,84.82,3384.57,Yes
CUST-105153,Female,0,Yes,Yes,26,Yes,No,DSL,Yes,Yes,Yes,Yes,No,No,One year,Yes,Electronic check,65.13,1700.58,No
CUST-103668,Male,0,No,No,45,Yes,No,Fiber optic,No,No,Yes,No,No,No,Month-to-month,Yes,Mailed check,68.33,3094.5,Yes
CUST-103182,Female,0,Yes,Yes,41,Yes,No,Fiber optic,Yes,No,No,No,No,Yes,Month-to-month,Yes,Electronic check,76.05,3090.32,No
CUST-105460,Female,0,No,No,40,Yes,Yes,DSL,No,Yes,Yes,Yes,No,No,Month-to-month,No,Credit card (automatic),68.19,2715.69,No
CUST-103514,Male,0,No,No,6,No,No phone service,Fiber optic,No,No,No,Yes,No,Yes,Month-to-month,No,Credit card (automatic),74.17,430.65,No
CUST-101441,Female,0,Yes,Yes,60,Yes,Yes,DSL,Yes,Yes,No,No,No,No,Month-to-month,Yes,Mailed check,55.11,3324.75,No
CUST-101352,Male,0,Yes,No,29,Yes,No,Fiber optic,No,No,No,Yes,Yes,Yes,One year,No,Electronic check,91.23,2648.79,Yes
CUST-101193,Female,1,Yes,Yes,19,Yes,No,Fiber optic,No,Yes,No,Yes,Yes,No,One year,Yes,Credit card (automatic),78.05,1430.66,No
CUST-105030,Male,0,No,No,58,Yes,Yes,No,No internet service,No internet service,No internet service,No internet service,No internet service,No internet service,Month-to-month,Yes,Credit card (automatic),26.62,1548.11,No
CUST-106329,Female,0,No,No,29,Yes,No,DSL,Yes,No,No,No,No,Yes,Month-to-month,Yes,Bank transfer (automatic),57.46,1688.02,No
CUST-103766,Female,0,No,Yes,39,Yes,No,DSL,No,Yes,Yes,No,No,Yes,Month-to-month,Yes,Bank transfer (automatic),61.41,2390.08,No
CUST-104667,Male,1,No,No,15,Yes,No,Fiber optic,No,Yes,Yes,Yes,Yes,Yes,Month-to-month,No,Mailed check,96.69,1423.01,No
CUST-106944,Female,0,No,Yes,2,Yes,No,Fiber optic,No,No,No,No,No,Yes,Month-to-month,Yes,Electronic check,65.93,121.64,Yes
CUST-104963,Male,1,Yes,No,26,Yes,Yes,No,No internet service,No internet service,No internet service,No internet service,No internet service,No internet service,Month-to-month,No,Credit card (automatic),25.39,641.39,Yes
CUST-102607,Male,0,Yes,No,46,Yes,Yes,Fiber optic,No,Yes,No,Yes,Yes,No,One year,No,Credit card (automatic),88.64,4101.76,Yes
CUST-106531,Male,0,Yes,Yes,46,Yes,Yes,Fiber optic,Yes,Yes,No,Yes,No,No,One year,Yes,Bank transfer (automatic),88.38,4093.86,Yes
CUST-102724,Female,0,No,No,9,Yes,No,No,No internet service,No internet service,No internet service,No internet service,No internet service,No internet service,One year,Yes,Credit card (automatic),23.29,208.06,No
CUST-100460,Female,0,Yes,Yes,6,No,No phone service,DSL,No,No,No,No,Yes,Yes,One year,Yes,Credit card (automatic),60.32,346.43,No
CUST-101281,Female,1,No,Yes,32,Yes,Yes,No,No internet service,No internet service,No internet service,No internet service,No internet service,No internet service,One year,No,Electronic check,29.33,917.26,No
CUST-103812,Female,0,No,No,48,Yes,No,Fiber optic,Yes,Yes,Yes,No,No,No,Month-to-month,Yes,Mailed check,77.62,3744.0,No
CUST-105449,Male,0,No,No,68,Yes,Yes,DSL,Yes,No,No,Yes,No,No,Two year,Yes,Electronic check,62.03,4237.63,No
CUST-100695,Male,0,No,No,55,Yes,No,Fiber optic,Yes,Yes,Yes,Yes,Yes,Yes,Two year,Yes,Bank transfer (automatic),103.79,5688.09,No
CUST-101179,Male,1,Yes,No,9,Yes,No,No,No internet service,No internet service,No internet service,No internet service,No internet service,No internet service,Month-to-month,Yes,Electronic check,24.88,217.78,No
CUST-101341,Male,0,No,No,39,No,No phone service,Fiber optic,Yes,No,No,No,No,No,One year,Yes,Mailed check,64.87,2551.96,No
CUST-102731,Female,0,No,No,58,No,No phone service,Fiber optic,Yes,No,No,Yes,No,Yes,One year,Yes,Electronic check,79.52,4576.02,No
CUST-101906,Male,0,No,No,14,No,No phone service,Fiber optic,No,No,No,No,Yes,Yes,One year,No,Mailed check,74.62,1050.97,No
CUST-100056,female ,0,Yes,No,65,Yes,Yes,No,No internet service,No internet service,No internet service,No internet service,No internet service,No internet service,One year,No,Mailed check,24.3,1579.22,No
CUST-100956,Male,0,Yes,No,27,Yes,Yes,DSL,No,No,No,No,Yes,Yes,One year,Yes,Electronic check,69.08,1888.06,Yes
CUST-101384,Male,1,Yes,Yes,52,Yes,No,Fiber optic,No,No,No,No,No,No,Two year,Yes,Credit card (automatic),66.54,3449.65,No
CUST-101235,Male,0,No,No,69,Yes,No,DSL,Yes,No,No,Yes,Yes,Yes,Month-to-month,Yes,Electronic check,71.93,4950.37,No
CUST-105100,Female,0,Yes,No,18,Yes,Yes,Fiber optic,No,No,No,Yes,Yes,No,Two year,Yes,Credit card (automatic),83.84,1478.07,No
CUST-102161,Male,0,Yes,No,53,Yes,Yes,Fiber optic,No,Yes,No,No,Yes,No,Month-to-month,No,Mailed check,79.16,4180.33,No
CUST-100770,Female,1,Yes,Yes,67,Yes,Yes,No,No internet service,No internet service,No internet service,No internet service,No internet service,No internet service,One year,Yes,Bank transfer (automatic),24.68,1650.03,No
CUST-103967,Male,0,Yes,No,69,Yes,No,No,No internet service,No internet service,No internet service,No internet service,No internet service,No internet service,One year,Yes,Electronic check,22.98,1603.35,No
CUST-105649,Female,0,Yes,Yes,39,Yes,No,DSL,Yes,No,No,Yes,No,No,Month-to-month,Yes,Credit card (automatic),57.19,2234.77,No
CUST-106116,Female,0,No,No,65,Yes,No,Fiber optic,No,No,No,No,Yes,No,Month-to-month,Yes,Mailed check,74.37,4820.43,Yes
CUST-100840,Male,0,No,No,19,Yes,No,Fiber optic,No,Yes,Yes,No,No,No,One year,No,Mailed check,78.95,1455.02,No
CUST-104714,Male,0,Yes,Yes,52,Yes,No,Fiber optic,Yes,No,No,No,Yes,Yes,One year,No,Credit card (automatic),85.31,4433.41,No
CUST-104686,Female,0,Yes,Yes,41,Yes,Yes,DSL,Yes,No,No,No,No,Yes,Two year,Yes,Mailed check,64.59,2649.77,Yes
CUST-100594,Male,0,Yes,Yes,41,Yes,Yes,DSL,No,Yes,No,Yes,Yes,No,Month-to-month,No,Bank transfer (automatic),69.22,2816.94,No
CUST-102816,Female,0,Yes,No,47,Yes,Yes,Fiber optic,Yes,Yes,No,Yes,No,No,Month-to-month,No,Electronic check,86.04,4053.84,No
CUST-103165,Male,0,Yes,No,60,No,No phone service,DSL,No,No,No,No,Yes,No,One year,Yes,Mailed check,48.55,2920.22,No
CUST-101354,Male,0,Yes,No,72,Yes,Yes,No,No internet service,No internet service,No internet service,No internet service,No internet service,No internet service,Month-to-month,Yes,Credit card (automatic),30.5,2194.93,No
CUST-106114,Male,0,Yes,No,68,Yes,No,Fiber optic,No,Yes,No,Yes,Yes,No,One year,No,Electronic check,79.33,5388.09,No
CUST-102686,Male,0,Yes,Yes,69,Yes,No,No,No internet service,No internet service,No internet service,No internet service,No internet service,No internet service,Month-to-month,Yes,Credit card (automatic),28.62,1996.11,No
CUST-105689,Male,0,Yes,No,5,Yes,No,No,No internet service,No internet service,No internet service,No internet service,No internet service,No internet service,One year,Yes,Electronic check,20.52,98.12,No
CUST-103984,Female,0,No,No,21,Yes,Yes,DSL,No,Yes,Yes,Yes,Yes,Yes,Month-to-month,No,Electronic check,83.04,1764.73,No
CUST-101715,Female,0,Yes,No,35,Yes,No,Fiber optic,No,Yes,Yes,No,No,Yes,One year,No,Bank transfer (automatic),82.17,2868.35,No
CUST-101070,Female,0,No,No,47,Yes,Yes,DSL,No,Yes,No,No,No,No,Month-to-month,No,Electronic check,55.24,2589.4,No
CUST-106916,Male,0,Yes,No,12,Yes,No,No,No internet service,No internet service,No internet service,No internet service,No internet service,No internet service,Month-to-month,No,Mailed check,19.57,241.11,No
CUST-102432,Male,0,Yes,Yes,17,Yes,Yes,DSL,Yes,Yes,Yes,Yes,No,Yes,Month-to-month,No,Electronic check,74.99,1242.64,No
CUST-101388,Female,0,No,Yes,39,Yes,Yes,DSL,Yes,No,No,Yes,No,Yes,Two year,Yes,Bank transfer (automatic),68.72,2669.65,No
CUST-106852,Female,0,No,No,31,Yes,No,DSL,Yes,Yes,No,Yes,Yes,No,Month-to-month,Yes,Electronic check,75.02,2330.83,No
CUST-102584,Male,0,No,No,24,Yes,Yes,DSL,No,Yes,Yes,Yes,No,No,Month-to-month,Yes,Electronic check,72.75,1714.76,Yes
CUST-100961,Male,0,Yes,Yes,56,Yes,No,Fiber optic,No,Yes,No,No,Yes,Yes,Month-to-month,No,Bank transfer (automatic),88.77,4968.25,Yes
CUST-100946,Female,0,No,No,49,Yes,No,DSL,No,No,Yes,Yes,No,No,Month-to-month,Yes,Bank transfer (automatic),57.27,2799.53,Yes
CUST-103417,Female,0,No,Yes,72,Yes,Yes,DSL,Yes,Yes,Yes,No,Yes,Yes,One year,Yes,Credit card (automatic),80.06,5737.53,No
CUST-106182,Male,1,Yes,Yes,21,Yes,Yes,DSL,Yes,No,No,Yes,Yes,No,Two year,Yes,Electronic check,64.84,1395.5,No
CUST-102113,Female,0,No,No,27,No,No phone service,No,No internet service,No internet service,No internet service,No internet service,No internet service,No internet service,Month-to-month,Yes,Bank transfer (automatic),22.14,604.26,No
CUST-105492,Male,0,Yes,No,62,Yes,No,DSL,Yes,Yes,No,Yes,No,No,One year,Yes,Mailed check,58.99,3666.4,No
CUST-101498,Male,0,No,No,51,Yes,No,Fiber optic,No,No,No,No,No,No,Month-to-month,Yes,Credit card (automatic),64.15,3287.34,Yes
CUST-101195,Female,0,No,No,10,Yes,No,No,No internet service,No internet service,No internet service,No internet service,No internet service,No internet service,Month-to-month,Yes,Electronic check,22.3,197.04,No
CUST-103705,Female,0,Yes,Yes,5,Yes,Yes,No,No internet service,No internet service,No internet service,No internet service,No internet service,No internet service,Month-to-month,No,Bank transfer (automatic),26.51,151.37,No
CUST-101095,Male,1,Yes,Yes,5,Yes,Yes,DSL,Yes,No,No,No,Yes,Yes,Month-to-month,Yes,Electronic check,77.35,431.69,No
CUST-106249,Male,0,No,No,28,Yes,No,Fiber optic,Yes,No,No,No,No,Yes,Month-to-month,Yes,Credit card (automatic),76.56,2167.34,No
CUST-106685,Male,0,No,No,48,Yes,No,No,No internet service,No internet service,No internet service,No internet service,No internet service,No internet service,Month-to-month,Yes,Mailed check,21.01,1006.05,No
CUST-104948,Male,0,No,No,6,Yes,No,DSL,No,No,Yes,Yes,Yes,Yes,Month-to-month,Yes,Electronic check,70.25,431.03,No
CUST-105524,Female,0,No,Yes,17,No,No phone service,DSL,No,Yes,No,Yes,No,Yes,Two year,Yes,Electronic check,63.43,1052.6,No
CUST-100607,Female,0,Yes,Yes,18,Yes,No,Fiber optic,No,Yes,No,No,Yes,No,Month-to-month,Yes,Electronic check,80.35,1450.23,Yes
CUST-106409,Female,1,No,No,55,Yes,Yes,Fiber optic,Yes,No,No,Yes,No,Yes,Two year,No,Electronic check,84.54,4638.61,No
CUST-100407,Male,1,Yes,No,2,Yes,No,Fiber optic,Yes,No,No,No,Yes,No,Two year,Yes,Bank transfer (automatic),79.95,139.59,Yes
CUST-105624,Male,1,No,No,52,No,No phone service,Fiber optic,No,No,Yes,No,No,Yes,Month-to-month,Yes,Mailed check,70.85,3700.15,No
CUST-103214,Female,0,No,No,71,Yes,No,Fiber optic,Yes,Yes,No,No,No,No,Month-to-month,No,Bank transfer (automatic),73.05,5200.49,No
CUST-100378,Male,0,Yes,Yes,0,Yes,No,Fiber optic,No,No,No,Yes,No,Yes,Month-to-month,Yes,Credit card (automatic),72.39,72.39,Yes
CUST-103893,Male,0,No,No,40,Yes,No,Fiber optic,No,Yes,No,No,Yes,Yes,One year,Yes,Mailed check,88.1,3505.86,No
CUST-106440,Female,1,No,No,23,Yes,No,Fiber optic,No,No,No,Yes,No,No,Month-to-month,Yes,Credit card (automatic),71.37,1649.25,No
CUST-106670,Male,0,No,No,11,Yes,Yes,DSL,No,Yes,No,Yes,No,No,One year,No,Electronic check,55.79,591.0,Yes
CUST-106188,male ,0,No,No,53,Yes,No,DSL,No,No,No,Yes,No,Yes,Two year,No,Bank transfer (automatic),52.45,2782.29,No
CUST-102836,Female,0,Yes,Yes,29,No,No phone service,No,No internet service,No internet service,No internet service,No internet service,No internet service,No internet service,Month-to-month,Yes,Bank transfer (automatic),18.0,528.29,No
CUST-106390,Female,0,Yes,Yes,51,Yes,Yes,DSL,Yes,Yes,No,No,Yes,Yes,Month-to-month,No,Bank transfer (automatic),77.68,3961.3,No
CUST-105587,Female,0,Yes,No,1,Yes,Yes,Fiber optic,No,No,Yes,No,No,No,Month-to-month,Yes,Electronic check,79.78,90.1,Yes
CUST-106541,Female,0,No,No,37,No,No phone service,Fiber optic,No,No,No,Yes,No,No,One year,No,Bank transfer (automatic),70.17,2607.51,No
CUST-102406,Male,0,No,No,15,Yes,No,DSL,Yes,Yes,Yes,No,Yes,No,Month-to-month,No,Bank transfer (automatic),65.42,971.92,No
CUST-105950,Male,1,No,No,3,Yes,No,Fiber optic,No,No,Yes,No,No,No,Month-to-month,No,Electronic check,64.8,222.47,No
CUST-105325,Male,1,No,Yes,28,Yes,No,DSL,Yes,Yes,Yes,Yes,Yes,Yes,Month-to-month,No,Electronic check,78.9,2194.49,No
CUST-100426,Female,0,No,Yes,21,Yes,No,No,No internet service,No internet service,No internet service,No internet service,No internet service,No internet service,Month-to-month,Yes,Electronic check,23.62,480.76,No
CUST-106980,Male,1,Yes,No,9,Yes,No,Fiber optic,Yes,No,No,Yes,No,Yes,Month-to-month,Yes,Credit card (automatic),82.77,764.5,No
CUST-106855,Female,0,No,No,56,Yes,No,DSL,No,Yes,No,No,Yes,No,Month-to-month,Yes,Bank transfer (automatic),52.6,2924.0,No
CUST-106174,Male,0,No,No,68,Yes,No,DSL,No,Yes,No,No,No,Yes,Month-to-month,Yes,Bank transfer (automatic),54.97,3726.74,No
CUST-100004,Male,0,No,No,46,Yes,No,DSL,No,Yes,Yes,Yes,Yes,Yes,Month-to-month,No,Mailed check,75.0,3455.66,No
CUST-102757,Female,0,No,No,56,Yes,Yes,Fiber optic,Yes,Yes,Yes,Yes,No,Yes,Month-to-month,Yes,Mailed check,99.54,5560.11,Yes
CUST-103752,Female,1,No,No,58,Yes,Yes,DSL,No,No,No,Yes,No,No,Two year,Yes,Mailed check,56.62,3324.8,No
CUST-104331,Male,0,No,No,50,Yes,No,No,No internet service,No internet service,No internet service,No internet service,No internet service,No internet service,Month-to-month,No,Mailed check,22.9,1143.24,No
CUST-101113,Male,0,No,No,19,Yes,Yes,DSL,No,No,Yes,Yes,Yes,Yes,One year,Yes,Credit card (automatic),75.77,1414.64,Yes
CUST-105211,Male,0,Yes,No,61,No,No phone service,No,No internet service,No internet service,No internet service,No internet service,No internet service,No internet service,One year,Yes,Mailed check,26.27,1600.95,No
CUST-102000,Female,0,No,No,28,Yes,Yes,Fiber optic,Yes,No,Yes,No,Yes,Yes,Month-to-month,Yes,Credit card (automatic),89.55,2491.4,Yes
CUST-101754,Female,0,Yes,Yes,41,Yes,No,DSL,No,No,Yes,No,Yes,Yes,Month-to-month,Yes,Electronic check,68.64,2793.94,No
CUST-100078,Female,0,Yes,No,13,Yes,No,DSL,No,Yes,Yes,No,No,No,Month-to-month,Yes,Electronic check,57.06,756.75,No
CUST-106740,Male,0,Yes,No,70,Yes,No,Fiber optic,Yes,No,No,Yes,Yes,No,Month-to-month,No,Bank transfer (automatic),80.82,5644.62,No
CUST-106253,Female,0,No,No,61,Yes,No,Fiber optic,No,No,No,Yes,No,No,Month-to-month,Yes,Mailed check,68.9,4204.89,No
CUST-103489,Female,0,Yes,Yes,40,Yes,No,Fiber optic,No,No,Yes,No,Yes,Yes,One year,No,Electronic check,91.87,3705.31,No
CUST-102474,Male,1,Yes,Yes,17,Yes,No,DSL,Yes,Yes,No,Yes,Yes,Yes,Month-to-month,Yes,Mailed check,74.73,1269.74,No
CUST-102568,Male,0,Yes,Yes,46,Yes,Yes,No,No internet service,No internet service,No internet service,No internet service,No internet service,No internet service,Month-to-month,No,Mailed check,26.1,1189.29,No
CUST-106170,Female,0,No,No,34,Yes,No,No,No internet service,No internet service,No internet service,No internet service,No internet service,No internet service,One year,Yes,Electronic check,27.33,935.87,No
CUST-100115,Female,0,Yes,No,26,No,No phone service,Fiber optic,Yes,Yes,Yes,No,Yes,No,Two year,Yes,Credit card (automatic),81.83,2129.85,No
CUST-104521,Female,0,No,No,9,No,No phone service,Fiber optic,Yes,No,No,Yes,No,No,Month-to-month,Yes,Electronic check,70.32,595.49,No
CUST-100785,Female,0,Yes,Yes,22,Yes,No,Fiber optic,No,No,Yes,No,Yes,Yes,Two year,Yes,Electronic check,86.89,1924.38,No
CUST-101549,Male,1,No,No,51,Yes,No,No,No internet service,No internet service,No internet service,No internet service,No internet service,No internet service,One year,No,Mailed check,22.29,1145.17,No
CUST-102236,Male,0,Yes,No,0,Yes,No,Fiber optic,Yes,No,Yes,Yes,No,No,Month-to-month,Yes,Bank transfer (automatic),79.99,79.99,No
CUST-103164,Male,0,No,No,31,Yes,No,DSL,Yes,Yes,Yes,No,No,No,One year,Yes,Electronic check,61.79,1922.18,No
CUST-104744,Female,1,No,No,14,Yes,Yes,No,No internet service,No internet service,No internet service,No internet service,No internet service,No internet service,Month-to-month,Yes,Mailed check,32.13,459.43,Yes
CUST-102713,Female,0,Yes,No,55,Yes,No,Fiber optic,Yes,Yes,No,No,No,No,One year,No,Electronic check,71.68,3930.95,No
CUST-100334,Male,0,Yes,No,22,Yes,No,DSL,Yes,No,Yes,No,No,Yes,Month-to-month,Yes,Electronic check,59.37,1306.1,Yes
CUST-100635,Female,0,No,No,13,Yes,Yes,Fiber optic,No,Yes,No,Yes,Yes,Yes,One year,Yes,Bank transfer (automatic),94.14,1193.92,No
CUST-103496,Male,0,Yes,No,55,Yes,No,DSL,No,No,No,No,Yes,No,Month-to-month,No,Mailed check,54.27,2988.46,No
CUST-106696,Female,0,No,No,7,No,No phone service,DSL,Yes,No,Yes,No,No,No,Two year,Yes,Electronic check,49.79,356.81,No
CUST-100651,Female,0,Yes,Yes,27,Yes,Yes,DSL,Yes,No,No,No,Yes,No,Month-to-month,No,Bank transfer (automatic),65.44,1811.91,No
CUST-105823,Male,0,No,Yes,43,Yes,Yes,DSL,No,Yes,Yes,No,No,No,Month-to-month,Yes,Electronic check,56.29,2392.34,No
CUST-105082,Male,0,No,No,8,Yes,Yes,No,No internet service,No internet service,No internet service,No internet service,No internet service,No internet service,Month-to-month,Yes,Electronic check,23.73,206.38,No
CUST-106313,Male,0,No,No,27,No,No phone service,No,No internet service,No internet service,No internet service,No internet service,No internet service,No internet service,Two year,No,Mailed check,18.0,501.82,No
CUST-104717,Female,0,No,No,16,No,No phone service,Fiber optic,Yes,Yes,No,No,Yes,Yes,Month-to-month,Yes,Electronic check,84.42,1335.33,No
CUST-100325,Male,0,No,No,3,Yes,No,Fiber optic,Yes,Yes,No,No,Yes,Yes,Month-to-month,Yes,Mailed check,88.39,232.85,No
CUST-105081,Female,0,Yes,No,1,Yes,No,DSL,No,Yes,No,Yes,Yes,Yes,One year,Yes,Bank transfer (automatic),67.07,66.57,No
CUST-101328,Female,0,Yes,No,38,Yes,Yes,DSL,No,Yes,No,No,Yes,Yes,One year,Yes,Electronic check,69.25,2644.87,Yes
CUST-105459,Female,0,Yes,No,54,Yes,No,Fiber optic,Yes,Yes,No,No,No,Yes,One year,No,Bank transfer (automatic),85.0,4610.44,No
CUST-102845,Male,0,No,No,51,No,No phone service,No,No internet service,No internet service,No internet service,No internet service,No internet service,No internet service,Month-to-month,No,Credit card (automatic),18.0,926.42,No
CUST-102645,Male,0,Yes,No,38,Yes,Yes,DSL,No,Yes,Yes,Yes,No,Yes,Month-to-month,Yes,Electronic check,75.0,2854.01,No
CUST-105675,Male,1,No,No,7,Yes,No,DSL,No,Yes,Yes,No,No,No,Two year,No,Bank transfer (automatic),51.58,400.34,No
CUST-104037,Female,0,No,No,42,Yes,No,No,No internet service,No internet service,No internet service,No internet service,No internet service,No internet service,Two year,No,Bank transfer (automatic),24.78,1039.82,No
CUST-106850,Male,0,Yes,No,71,Yes,Yes,Fiber optic,No,Yes,Yes,No,Yes,Yes,Month-to-month,Yes,Mailed check,94.72,6749.94,No
CUST-102743,Female,0,Yes,No,35,Yes,No,DSL,Yes,No,No,Yes,Yes,No,One year,Yes,Electronic check,60.42,2093.19,Yes
CUST-100117,Male,0,No,No,41,Yes,No,Fiber optic,Yes,No,No,Yes,No,Yes,Month-to-month,No,Electronic check,86.07,3546.4,No
CUST-102222,Male,0,Yes,Yes,15,Yes,Yes,Fiber optic,No,Yes,Yes,No,No,No,One year,Yes,Bank transfer (automatic),80.61,1197.13,No
CUST-106398,Female,0,No,No,26,Yes,Yes,Fiber optic,No,No,No,No,Yes,Yes,Month-to-month,Yes,Electronic check,85.48,2233.66,No
CUST-106819,Male,0,No,No,11,Yes,No,Fiber optic,Yes,No,No,Yes,No,No,Two year,No,Credit card (automatic),76.13,868.4,No
CUST-104550,Male,0,No,No,58,Yes,No,Fiber optic,No,Yes,Yes,Yes,No,Yes,Two year,No,Credit card (automatic),90.21,5210.48,Yes
CUST-105055,Female,0,No,No,31,No,No phone service,Fiber optic,Yes,No,No,No,No,Yes,Month-to-month,No,Bank transfer (automatic),73.74,2297.15,No
CUST-101127,Female,0,No,No,15,Yes,No,No,No internet service,No internet service,No internet service,No internet service,No internet service,No internet service,One year,No,Bank transfer (automatic),25.25,355.48,No
CUST-101814,Female,0,No,No,6,Yes,No,DSL,No,Yes,Yes,No,No,Yes,Month-to-month,Yes,Bank transfer (automatic),60.53,410.22,No
CUST-101940,Male,0,No,No,31,Yes,No,Fiber optic,No,Yes,Yes,No,No,Yes,Month-to-month,No,Bank transfer (automatic),85.12,2622.48,No
CUST-103622,Male,1,Yes,Yes,46,Yes,No,Fiber optic,No,Yes,No,Yes,Yes,No,Month-to-month,No,Bank transfer (automatic),86.77,3969.19,No
CUST-106477,Male,1,No,Yes,37,Yes,No,DSL,Yes,No,Yes,No,Yes,No,Month-to-month,Yes,Electronic check,59.59,2199.51,No
CUST-106030,Female,0,No,No,20,No,No phone service,Fiber optic,No,Yes,Yes,No,No,No,Month-to-month,Yes,Mailed check,66.03,1325.29,Yes
CUST-106616,Male,1,Yes,Yes,25,Yes,No,DSL,No,No,No,Yes,No,Yes,Month-to-month,No,Mailed check,52.29,1326.46,No
CUST-103369,Male,0,No,No,29,Yes,No,DSL,No,No,Yes,No,Yes,No,Month-to-month,Yes,Bank transfer (automatic),57.23,1686.58,Yes
CUST-102972,Female,1,Yes,Yes,39,Yes,No,No,No internet service,No internet service,No internet service,No internet service,No internet service,No internet service,Month-to-month,Yes,Bank transfer (automatic),24.97,963.28,No
CUST-106247,Male,1,No,No,34,Yes,Yes,Fiber optic,No,Yes,No,No,No,No,One year,Yes,Electronic check,72.75,2465.87,No
CUST-106360,Female,0,No,Yes,24,Yes,No,Fiber optic,Yes,No,Yes,Yes,No,No,One year,No,Electronic check,80.62,1937.52,No
CUST-106084,Female,0,No,No,22,Yes,No,Fiber optic,No,Yes,Yes,No,No,Yes,One year,No,Mailed check,79.05,1739.76,Yes
CUST-102346,Male,1,Yes,No,64,Yes,No,DSL,Yes,No,No,Yes,Yes,No,Month-to-month,No,Credit card (automatic),64.24,4116.45,No
CUST-102462,Male,0,No,No,2,Yes,No,Fiber optic,Yes,No,No,No,Yes,Yes,Month-to-month,No,Credit card (automatic),85.54,187.92,No
CUST-103891,Female,0,Yes,No,14,Yes,Yes,DSL,No,Yes,No,Yes,No,Yes,Month-to-month,Yes,Bank transfer (automatic),67.57,928.69,No
CUST-105057,Female,0,Yes,No,67,Yes,No,DSL,Yes,Yes,Yes,No,No,Yes,Month-to-month,Yes,Mailed check,68.17,4552.1,No
CUST-103939,Female,1,No,No,59,Yes,No,DSL,No,Yes,No,Yes,Yes,Yes,Two year,No,Credit card (automatic),74.29,4354.79,No
CUST-104592,Male,0,Yes,No,22,No,No phone service,No,No internet service,No internet service,No internet service,No internet service,No internet service,No internet service,Month-to-month,No,Mailed check,18.85,404.53,No
CUST-105242,Female,0,No,No,29,Yes,No,DSL,No,No,No,No,No,Yes,Month-to-month,Yes,Electronic check,51.33,1478.43,No
CUST-103437,Female,0,Yes,No,46,Yes,No,DSL,Yes,Yes,No,Yes,Yes,Yes,Two year,Yes,Mailed check,78.02,3588.89,No
CUST-102373,Male,0,No,No,10,Yes,No,Fiber optic,No,No,No,Yes,Yes,Yes,Two year,No,Electronic check,77.57,769.52,Yes
CUST-104598,Female,0,No,No,30,Yes,Yes,No,No internet service,No internet service,No internet service,No internet service,No internet service,No internet service,Month-to-month,Yes,Bank transfer (automatic),30.09,919.55,No
CUST-102765,Female,0,No,No,43,Yes,Yes,Fiber optic,Yes,Yes,No,Yes,Yes,No,One year,No,Electronic check,92.33,3962.08,No
CUST-104100,Male,1,No,Yes,19,Yes,No,DSL,No,No,No,No,No,No,Two year,Yes,Electronic check,43.78,830.25,Yes
CUST-105754,Male,0,Yes,Yes,68,Yes,No,DSL,Yes,No,No,No,Yes,No,Month-to-month,Yes,Electronic check,56.49,3810.56,Yes
CUST-101213,Female,1,Yes,Yes,14,Yes,Yes,Fiber optic,No,No,Yes,No,No,No,Month-to-month,No,Bank transfer (automatic),74.63,1034.23,Yes
CUST-105542,Male,0,Yes,Yes,41,Yes,Yes,DSL,No,No,No,No,No,Yes,One year,Yes,Credit card (automatic),57.48,2349.5,No
CUST-101649,Female,0,No,No,13,Yes,Yes,No,No internet service,No internet service,No internet service,No internet service,No internet service,No internet service,One year,Yes,Credit card (automatic),28.56,357.82,No
CUST-105914,Female,1,No,No,22,Yes,Yes,No,No internet service,No internet service,No internet service,No internet service,No internet service,No internet service,Month-to-month,No,Electronic check,22.91,542.13,Yes
CUST-102011,Male,0,Yes,Yes,59,Yes,No,No,No internet service,No internet service,No internet service,No internet service,No internet service,No internet service,Month-to-month,Yes,Credit card (automatic),24.45,1458.22,No
CUST-106566,Male,0,Yes,No,0,Yes,Yes,Fiber optic,No,No,Yes,Yes,No,No,Month-to-month,No,Credit card (automatic),80.65,80.65,No
CUST-104905,Female,0,No,No,66,Yes,Yes,No,No internet service,No internet service,No internet service,No internet service,No internet service,No internet service,Month-to-month,Yes,Credit card (automatic),26.41,1750.33,No
CUST-101334,Female,0,Yes,Yes,71,Yes,Yes,No,No internet service,No internet service,No internet service,No internet service,No internet service,No internet service,Two year,No,Electronic check,23.52,1699.08,No
CUST-103090,Male,0,Yes,Yes,28,Yes,Yes,No,No internet service,No internet service,No internet service,No internet service,No internet service,No internet service,Month-to-month,Yes,Mailed check,22.69,660.41,Yes
CUST-104185,Female,0,No,Yes,3,No,No phone service,DSL,Yes,No,Yes,No,Yes,No,One year,No,Credit card (automatic),63.21,205.6,No
CUST-100109,Female,0,No,No,37,Yes,No,Fiber optic,Yes,No,Yes,No,Yes,No,One year,Yes,Electronic check,85.87,3167.17,No
CUST-106982,Female,0,Yes,Yes,11,Yes,No,Fiber optic,No,No,Yes,No,Yes,No,One year,No,Mailed check,78.7,886.92,No
CUST-106739,Male,0,Yes,Yes,14,Yes,Yes,Fiber optic,Yes,Yes,Yes,No,Yes,Yes,Two year,Yes,Bank transfer (automatic),98.38,1423.2,Yes
CUST-101704,Female,0,No,No,45,Yes,No,Fiber optic,Yes,No,No,No,Yes,Yes,Month-to-month,Yes,Credit card (automatic),85.67,3841.5,No
CUST-106364,Female,0,No,No,42,Yes,No,DSL,No,Yes,Yes,No,Yes,No,Month-to-month,No,Mailed check,60.76,2543.74,No
CUST-105508,Female,0,No,No,72,Yes,No,No,No internet service,No internet service,No internet service,No internet service,No internet service,No internet service,Month-to-month,Yes,Bank transfer (automatic),24.08,1757.02,No
CUST-105011,Male,0,No,No,48,No,No phone service,DSL,Yes,No,No,No,Yes,No,Month-to-month,Yes,Bank transfer (automatic),52.0,2515.3,No
CUST-102198,Female,1,No,No,47,Yes,Yes,No,No internet service,No internet service,No internet service,No internet service,No internet service,No internet service,Two year,No,Electronic check,32.27,1511.88,No
CUST-105777,male ,0,No,No,52,Yes,No,DSL,No,No,No,Yes,No,Yes,Two year,Yes,Electronic check,62.22,3260.23,No
CUST-104523,Female,0,No,No,60,Yes,No,Fiber optic,Yes,Yes,No,No,No,Yes,One year,Yes,Mailed check,82.63,4933.21,No
CUST-104906,Male,0,Yes,No,70,Yes,Yes,No,No internet service,No internet service,No internet service,No internet service,No internet service,No internet service,Two year,No,Credit card (automatic),28.82,2020.1,No
CUST-102134,Male,0,Yes,No,72,Yes,Yes,DSL,Yes,No,Yes,Yes,No,Yes,Month-to-month,No,Electronic check,68.75,4962.49,No
CUST-104126,Male,1,No,No,68,No,No phone service,DSL,No,No,Yes,No,No,Yes,Month-to-month,No,Mailed check,49.38,3335.7,No
CUST-101222,Female,0,No,No,71,Yes,No,DSL,No,No,No,No,No,No,Month-to-month,Yes,Bank transfer (automatic),45.42,3258.07,No
CUST-103663,Female,0,No,No,48,Yes,Yes,No,No internet service,No internet service,No internet service,No internet service,No internet service,No internet service,One year,No,Bank transfer (automatic),27.18,1290.18,No
CUST-101648,Female,1,Yes,Yes,39,Yes,No,Fiber optic,No,No,Yes,No,Yes,Yes,Two year,Yes,Electronic check,84.1,3286.53,No
CUST-102277,Male,0,Yes,Yes,19,Yes,No,No,No internet service,No internet service,No internet service,No internet service,No internet service,No internet service,Two year,Yes,Electronic check,18.0,328.74,No
CUST-101496,Female,0,Yes,Yes,26,Yes,Yes,DSL,No,Yes,No,No,Yes,Yes,Two year,Yes,Electronic check,71.11,1856.58,Yes
CUST-101641,Male,0,No,Yes,16,Yes,Yes,Fiber optic,No,Yes,No,No,No,Yes,One year,Yes,Credit card (automatic),85.64,1371.44,No
CUST-104093,Male,0,No,No,39,No,No phone service,DSL,No,Yes,Yes,No,Yes,No,Two year,No,Mailed check,60.31,2359.66,No
CUST-101985,Female,1,No,Yes,57,Yes,No,Fiber optic,No,No,No,Yes,No,Yes,One year,Yes,Bank transfer (automatic),76.32,4366.6,No
CUST-100603,Male,0,No,No,47,Yes,Yes,Fiber optic,No,No,No,No,No,Yes,Month-to-month,Yes,Credit card (automatic),74.95,3531.81,No
CUST-102894,Male,0,Yes,No,3,Yes,Yes,DSL,No,Yes,Yes,Yes,No,No,One year,Yes,Credit card (automatic),64.96,192.22,No
CUST-104206,Female,0,Yes,No,19,Yes,Yes,No,No internet service,No internet service,No internet service,No internet service,No internet service,No internet service,Month-to-month,Yes,Credit card (automatic),27.68,512.68,No
CUST-105257,Male,0,Yes,No,27,No,No phone service,Fiber optic,Yes,No,No,Yes,No,No,Two year,No,Electronic check,66.13,1778.96,No
CUST-106126,Male,0,Yes,Yes,47,Yes,Yes,DSL,No,No,No,No,Yes,No,Month-to-month,Yes,Electronic check,63.04,2969.21,Yes
CUST-105849,Male,0,Yes,Yes,17,Yes,No,No,No internet service,No internet service,No internet service,No internet service,No internet service,No internet service,One year,No,Mailed check,18.76,316.39,No
CUST-100419,Female,0,Yes,Yes,17,Yes,No,Fiber optic,No,Yes,No,No,No,Yes,Two year,Yes,Electronic check,79.15,1337.24,No
CUST-106490,Female,0,Yes,No,71,No,No phone service,No,No internet service,No internet service,No internet service,No internet service,No internet service,No internet service,Month-to-month,Yes,Electronic check,18.0,1286.3,Yes
CUST-105464,Male,0,Yes,Yes,54,Yes,No,Fiber optic,No,Yes,Yes,No,No,Yes,Month-to-month,Yes,Mailed check,88.63,4801.45,No
CUST-102989,Male,1,No,No,34,Yes,No,Fiber optic,No,No,Yes,Yes,No,No,Two year,No,Mailed check,79.34,2696.28,No
CUST-106412,Male,1,Yes,No,2,Yes,No,DSL,No,No,Yes,No,Yes,Yes,Month-to-month,No,Electronic check,64.33,118.39,No
CUST-106011,Female,0,Yes,No,36,Yes,No,DSL,No,Yes,No,No,Yes,Yes,Month-to-month,Yes,Credit card (automatic),66.54,2416.83,No
CUST-105784,Female,0,No,Yes,38,Yes,No,Fiber optic,No,Yes,No,No,No,Yes,Month-to-month,Yes,Mailed check,70.69,2672.28,Yes
CUST-106198,Male,0,No,No,11,Yes,No,No,No internet service,No internet service,No internet service,No internet service,No internet service,No internet service,One year,No,Bank transfer (automatic),24.31,293.26,No
CUST-106290,Male,0,No,No,22,Yes,No,Fiber optic,Yes,No,Yes,No,Yes,Yes,One year,No,Electronic check,90.46,1971.68,No
CUST-102498,Male,1,No,Yes,69,Yes,No,DSL,Yes,Yes,Yes,No,No,No,Month-to-month,Yes,Electronic check,52.82,3638.14,No
CUST-100698,Male,0,Yes,No,9,Yes,No,Fiber optic,Yes,Yes,No,Yes,Yes,No,Two year,No,Mailed check,88.37,800.09,No
CUST-101544,Male,0,Yes,Yes,11,Yes,Yes,No,No internet service,No internet service,No internet service,No internet service,No internet service,No internet service,Month-to-month,No,Electronic check,31.56,396.03,No
CUST-104828,Female,0,No,No,45,No,No phone service,DSL,Yes,No,Yes,Yes,Yes,No,Month-to-month,No,Bank transfer (automatic),62.48,2822.3,No
CUST-106299,Male,0,No,No,21,Yes,No,DSL,Yes,No,No,Yes,Yes,No,Two year,No,Electronic check,65.03,1352.09,No
CUST-101928,Male,1,No,No,60,Yes,No,No,No internet service,No internet service,No internet service,No internet service,No internet service,No internet service,Month-to-month,No,Bank transfer (automatic),27.9,1711.53,No
CUST-105926,Female,0,Yes,Yes,29,Yes,Yes,Fiber optic,Yes,No,No,No,No,No,Month-to-month,No,Mailed check,78.87,2311.01,Yes
CUST-106468,Female,0,Yes,No,43,Yes,No,No,No internet service,No internet service,No internet service,No internet service,No internet service,No internet service,Month-to-month,Yes,Mailed check,21.49,907.42,No
CUST-103617,Male,0,Yes,Yes,72,Yes,Yes,Fiber optic,No,Yes,Yes,No,No,No,Month-to-month,Yes,Electronic check,78.64,5671.83,No
CUST-102968,Female,1,Yes,No,28,Yes,Yes,No,No internet service,No internet service,No internet service,No internet service,No internet service,No internet service,Month-to-month,Yes,Bank transfer (automatic),33.83,940.0,No
CUST-103527,Male,0,No,Yes,3,Yes,No,Fiber optic,No,Yes,Yes,No,Yes,No,Month-to-month,Yes,Mailed check,89.69,269.27,Yes
CUST-106387,Female,0,No,Yes,5,Yes,No,Fiber optic,Yes,No,Yes,Yes,No,Yes,Month-to-month,Yes,Electronic check,88.73,460.31,Yes
CUST-101564,Female,1,Yes,Yes,21,Yes,Yes,No,No internet service,No internet service,No internet service,No internet service,No internet service,No internet service,Month-to-month,Yes,Electronic check,27.34,562.65,No
CUST-102091,Male,0,No,No,60,No,No phone service,DSL,No,No,Yes,No,Yes,No,One year,No,Credit card (automatic),60.79,3619.55,No
CUST-102911,Male,0,Yes,Yes,8,Yes,No,DSL,No,No,Yes,No,Yes,No,One year,Yes,Electronic check,60.61,454.77,No
CUST-103868,Male,1,No,No,72,Yes,No,Fiber optic,No,No,No,No,Yes,Yes,Month-to-month,No,Bank transfer (automatic),84.22,6081.26,No
CUST-100994,Female,0,No,Yes,72,No,No phone service,Fiber optic,No,No,No,No,No,No,Month-to-month,No,Mailed check,59.62,4304.76,No
CUST-103521,Male,1,Yes,No,62,Yes,No,DSL,No,No,Yes,No,No,Yes,Two year,No,Mailed check,57.36,3553.54,No
CUST-104007,Female,1,Yes,No,53,Yes,No,DSL,No,No,No,Yes,Yes,Yes,Month-to-month,Yes,Bank transfer (automatic),67.04,3529.23,No
CUST-101003,Female,0,No,No,34,Yes,Yes,Fiber optic,No,No,No,No,Yes,Yes,Month-to-month,Yes,Electronic check,85.32,2913.94,Yes
CUST-105340,Male,0,No,Yes,18,Yes,Yes,Fiber optic,Yes,Yes,No,No,No,Yes,Two year,Yes,Credit card (automatic),90.11,1635.43,No
CUST-103706,Male,0,No,No,28,Yes,No,Fiber optic,No,Yes,No,Yes,No,No,Month-to-month,No,Bank transfer (automatic),73.99,2102.75,No
CUST-100731,Male,0,No,No,21,Yes,Yes,Fiber optic,Yes,No,No,No,Yes,No,Two year,Yes,Electronic check,86.33,1848.64,Yes
CUST-105305,Female,0,No,No,70,Yes,No,DSL,Yes,Yes,No,No,No,Yes,Month-to-month,Yes,Electronic check,64.38,4499.76,No
CUST-106649,Female,0,Yes,No,16,Yes,Yes,DSL,No,No,No,No,No,No,One year,Yes,Mailed check,51.63,843.5,Yes
CUST-101293,Male,1,Yes,No,62,Yes,No,Fiber optic,No,No,Yes,No,Yes,No,Month-to-month,Yes,Mailed check,75.06,4685.7,No
CUST-102305,Male,0,Yes,No,28,No,No phone service,No,No internet service,No internet service,No internet service,No internet service,No internet service,No internet service,Month-to-month,No,Credit card (automatic),21.9,592.76,No
CUST-102904,Female,0,Yes,Yes,0,Yes,No,Fiber optic,Yes,No,Yes,Yes,No,No,Month-to-month,No,Mailed check,80.03,80.03,No
CUST-104951,Male,0,No,No,59,Yes,No,Fiber optic,Yes,Yes,No,Yes,No,No,Two year,Yes,Bank transfer (automatic),79.33,4706.98,No
CUST-102955,Female,0,No,No,3,Yes,No,Fiber optic,Yes,No,No,No,Yes,Yes,Month-to-month,Yes,Mailed check,92.21,288.76,No
CUST-101391,Female,0,Yes,No,1,Yes,No,Fiber optic,Yes,Yes,Yes,Yes,Yes,Yes,One year,Yes,Bank transfer (automatic),99.53,61.09,Yes
CUST-101104,Male,0,Yes,Yes,25,Yes,No,Fiber optic,No,No,No,No,No,No,Month-to-month,No,Electronic check,63.55,1575.91,Yes
CUST-102481,Female,0,Yes,Yes,6,Yes,No,Fiber optic,Yes,Yes,Yes,No,Yes,No,Month-to-month,Yes,Electronic check,85.66,564.12,Yes
CUST-105947,Female,0,Yes,Yes,39,Yes,No,DSL,No,No,No,Yes,Yes,Yes,Two year,Yes,Electronic check,67.51,2653.29,No
CUST-100161,Female,1,No,No,0,Yes,Yes,DSL,Yes,Yes,Yes,No,Yes,Yes,Two year,No,Bank transfer (automatic),85.71,85.71,No
CUST-103763,Female,0,Yes,Yes,55,Yes,No,Fiber optic,No,Yes,No,Yes,Yes,Yes,Month-to-month,Yes,Electronic check,91.96,5008.4,No
CUST-104009,Male,0,No,Yes,56,Yes,Yes,No,No internet service,No internet service,No internet service,No internet service,No internet service,No internet service,Month-to-month,Yes,Bank transfer (automatic),23.76,1303.17,No
CUST-104538,Female,0,Yes,Yes,11,Yes,Yes,Fiber optic,Yes,Yes,Yes,No,Yes,No,Month-to-month,Yes,Mailed check,99.76,1125.37,No
CUST-105454,Male,0,Yes,No,19,Yes,No,Fiber optic,No,No,No,No,Yes,No,Month-to-month,Yes,Mailed check,72.87,1373.22,Yes
CUST-104213,Female,0,Yes,Yes,64,Yes,No,DSL,Yes,No,Yes,Yes,No,Yes,Two year,Yes,Bank transfer (automatic),71.7,4540.08,No
CUST-103415,Male,1,No,No,5,Yes,Yes,Fiber optic,No,Yes,Yes,Yes,No,Yes,Month-to-month,No,Electronic check,95.14,461.07,Yes
CUST-101769,Male,0,Yes,Yes,71,Yes,Yes,DSL,No,Yes,No,No,No,Yes,One year,Yes,Credit card (automatic),61.51,4355.39,No
CUST-100410,Male,0,No,No,64,Yes,Yes,DSL,Yes,No,No,No,No,No,One year,No,Electronic check,51.93,3317.51,No
CUST-102906,Female,1,Yes,No,23,Yes,Yes,No,No internet service,No internet service,No internet service,No internet service,No internet service,No internet service,Month-to-month,No,Electronic check,26.52,583.39,No
CUST-101042,Male,1,Yes,No,53,No,No phone service,Fiber optic,Yes,No,No,No,No,No,Two year,No,Electronic check,68.6,3599.21,No
CUST-100676,Female,0,Yes,Yes,29,Yes,No,Fiber optic,Yes,Yes,No,No,Yes,Yes,Month-to-month,No,Electronic check,94.38,2752.49,Yes
CUST-100186,Male,0,No,No,69,Yes,No,DSL,Yes,No,Yes,No,Yes,Yes,One year,Yes,Bank transfer (automatic),67.44,4636.05,No
CUST-106931,Female,0,Yes,Yes,35,Yes,Yes,DSL,No,Yes,No,Yes,Yes,Yes,Month-to-month,No,Electronic check,73.47,2589.55,Yes
CUST-104655,Male,1,No,No,49,Yes,No,DSL,Yes,No,Yes,No,No,No,Month-to-month,Yes,Credit card (automatic),54.4,2680.61,No
CUST-102609,Female,0,Yes,Yes,32,Yes,No,Fiber optic,No,Yes,Yes,No,No,Yes,Month-to-month,Yes,Mailed check,79.12,2533.88,No
CUST-104946,Male,0,No,No,2,Yes,No,No,No internet service,No internet service,No internet service,No internet service,No internet service,No internet service,One year,No,Electronic check,19.3,67.38,No
CUST-104233,Male,0,No,No,11,Yes,Yes,DSL,No,No,No,No,No,Yes,Month-to-month,No,Bank transfer (automatic),54.7,646.37,No
CUST-101355,Male,1,Yes,Yes,2,Yes,No,No,No internet service,No internet service,No internet service,No internet service,No internet service,No internet service,Month-to-month,Yes,Mailed check,19.28,41.36,No
CUST-105102,Male,0,No,No,0,Yes,No,Fiber optic,No,No,No,No,No,No,Month-to-month,Yes,Mailed check,66.95,66.95,No
CUST-104015,Male,0,No,No,35,Yes,Yes,DSL,No,No,Yes,No,No,Yes,Month-to-month,No,Electronic check,71.8,2507.8,No
CUST-100028,Female,0,Yes,Yes,36,Yes,No,Fiber optic,No,Yes,No,No,Yes,No,Month-to-month,Yes,Electronic check,83.69,3044.99,Yes
CUST-106884,Male,0,Yes,No,32,Yes,No,Fiber optic,No,Yes,Yes,No,Yes,Yes,Month-to-month,Yes,Credit card (automatic),95.03,3043.46,Yes
CUST-101765,Female,0,Yes,No,33,Yes,No,DSL,Yes,Yes,Yes,Yes,Yes,No,One year,No,Mailed check,76.22,2502.24,No
CUST-105436,Male,0,No,No,61,Yes,Yes,Fiber optic,No,Yes,No,No,Yes,Yes,One year,Yes,Credit card (automatic),91.64,5586.23,No
CUST-104094,Female,0,Yes,Yes,21,Yes,Yes,Fiber optic,Yes,Yes,Yes,No,No,Yes,Month-to-month,No,Electronic check,92.69,1968.36,No
CUST-103213,Female,0,Yes,No,1,Yes,No,No,No internet service,No internet service,No internet service,No internet service,No internet service,No internet service,One year,Yes,Bank transfer (automatic),27.66,5.96,No
CUST-104358,Female,1,Yes,Yes,29,No,No phone service,DSL,No,No,Yes,No,Yes,No,Month-to-month,Yes,Electronic check,54.02,1543.79,No
CUST-102269,Female,0,Yes,Yes,0,Yes,Yes,Fiber optic,No,No,Yes,No,No,Yes,Month-to-month,No,Mailed check,79.07,79.07,Yes
CUST-105285,Female,0,Yes,No,43,Yes,Yes,Fiber optic,No,Yes,Yes,No,No,No,One year,No,Electronic check,81.95,3479.29,Yes
CUST-106054,Female,0,No,No,72,Yes,No,Fiber optic,Yes,Yes,Yes,No,Yes,No,Month-to-month,No,Electronic check,91.28,6607.39,No
CUST-105889,Male,0,No,Yes,45,Yes,No,DSL,No,Yes,No,No,No,Yes,One year,Yes,Electronic check,52.74,2358.95,No
CUST-103139,Male,0,Yes,Yes,11,Yes,No,Fiber optic,No,No,Yes,No,Yes,Yes,Month-to-month,Yes,Electronic check,82.88,888.17,Yes
CUST-102998,Male,0,Yes,Yes,21,Yes,No,DSL,Yes,Yes,No,No,Yes,No,One year,Yes,Mailed check,63.05,1289.42,No
CUST-103117,Female,1,No,Yes,0,Yes,Yes,DSL,No,No,No,No,No,No,Two year,Yes,Electronic check,43.89,43.89,No
CUST-105238,Female,0,Yes,Yes,2,Yes,Yes,Fiber optic,Yes,No,No,No,No,No,One year,No,Mailed check,72.37,152.5,No
CUST-101218,Female,0,No,Yes,61,Yes,Yes,DSL,No,Yes,No,No,No,No,One year,Yes,Bank transfer (automatic),55.3,3380.03,No
CUST-102725,Female,0,Yes,No,49,Yes,Yes,Fiber optic,No,No,No,No,No,No,Two year,No,Electronic check,72.23,3532.19,No
CUST-101229,Male,0,Yes,No,16,Yes,No,Fiber optic,Yes,No,Yes,No,No,Yes,Month-to-month,Yes,Electronic check,83.52,1343.27,No
CUST-104449,Female,1,Yes,No,40,Yes,No,No,No internet service,No internet service,No internet service,No internet service,No internet service,No internet service,Two year,No,Electronic check,21.31,845.38,No
CUST-104897,Female,0,Yes,No,15,Yes,No,Fiber optic,No,No,No,No,No,Yes,Two year,Yes,Credit card (automatic),65.51,957.25,No
CUST-100019,Male,0,No,No,34,Yes,Yes,Fiber optic,No,Yes,No,Yes,Yes,No,Two year,Yes,Bank transfer (automatic),89.1,3055.19,No
CUST-105704,Male,0,No,No,21,Yes,Yes,No,No internet service,No internet service,No internet service,No internet service,No internet service,No internet service,One year,No,Credit card (automatic),29.05,619.34,Yes
CUST-102608,Female,0,No,No,65,Yes,No,DSL,No,No,Yes,No,Yes,No,Month-to-month,Yes,Credit card (automatic),58.06,3760.85,No
CUST-105753,Male,0,Yes,No,43,Yes,No,DSL,Yes,No,Yes,No,Yes,No,One year,No,Credit card (automatic),62.01,2696.34,No
CUST-100342,Female,0,Yes,No,54,Yes,No,No,No internet service,No internet service,No internet service,No internet service,No internet service,No internet service,One year,Yes,Mailed check,28.28,1520.71,No
CUST-102284,Female,0,No,No,49,Yes,No,DSL,Yes,No,No,No,Yes,No,One year,Yes,Bank transfer (automatic),55.46,2733.6,No
CUST-102921,Female,0,No,No,11,Yes,No,DSL,No,No,Yes,No,Yes,Yes,One year,Yes,Electronic check,64.35,695.56,Yes
CUST-106341,Female,0,Yes,Yes,31,Yes,No,No,No internet service,No internet service,No internet service,No internet service,No internet service,No internet service,One year,No,Credit card (automatic),23.39,728.73,No
CUST-103150,Female,0,No,No,7,No,No phone service,DSL,Yes,Yes,No,Yes,Yes,Yes,Month-to-month,Yes,Credit card (automatic),73.2,495.51,No
CUST-104939,Male,0,No,No,48,Yes,Yes,Fiber optic,No,Yes,No,Yes,No,Yes,Month-to-month,Yes,Bank transfer (automatic),84.71,4081.11,No
CUST-100609,Female,0,Yes,No,35,Yes,No,Fiber optic,Yes,Yes,Yes,No,Yes,Yes,One year,Yes,Mailed check,96.57,3390.49,Yes
CUST-106416,Male,0,Yes,Yes,64,Yes,No,No,No internet service,No internet service,No internet service,No internet service,No internet service,No internet service,Month-to-month,Yes,Mailed check,19.49,1257.32,No
CUST-104872,Male,0,No,No,51,Yes,Yes,Fiber optic,Yes,Yes,No,No,Yes,Yes,One year,Yes,Bank transfer (automatic),100.09,5092.37,Yes
CUST-106017,Male,0,No,No,7,No,No phone service,Fiber optic,Yes,No,No,No,Yes,No,Month-to-month,Yes,Electronic check,77.75,539.05,No
CUST-101343,Female,0,No,No,27,Yes,Yes,Fiber optic,Yes,No,Yes,No,No,No,Month-to-month,Yes,Mailed check,78.2,2132.07,Yes
CUST-105047,Female,0,Yes,Yes,45,Yes,No,Fiber optic,No,Yes,Yes,No,No,No,Month-to-month,No,Mailed check,78.47,3511.45,Yes
CUST-103186,Female,1,No,No,72,Yes,Yes,No,No internet service,No internet service,No internet service,No internet service,No internet service,No internet service,Two year,No,Mailed check,25.76,1860.41,No
CUST-100889,Male,0,Yes,No,33,Yes,No,No,No internet service,No internet service,No internet service,No internet service,No internet service,No internet service,Month-to-month,Yes,Electronic check,26.24,872.25,No
CUST-104560,Male,0,Yes,Yes,10,Yes,No,Fiber optic,Yes,No,Yes,No,No,Yes,Month-to-month,No,Bank transfer (automatic),87.47,886.61,Yes
CUST-106026,Male,0,Yes,No,66,Yes,No,Fiber optic,No,No,No,No,No,Yes,Two year,Yes,Credit card (automatic),72.72,4785.08,No
CUST-104291,Female,0,No,No,62,Yes,No,Fiber optic,No,Yes,Yes,No,No,No,Month-to-month,Yes,Electronic check,76.65,4737.75,No
CUST-102984,Female,1,Yes,No,6,Yes,No,DSL,No,No,Yes,No,Yes,Yes,Month-to-month,No,Mailed check,67.87,411.9,No
CUST-105499,Male,0,Yes,No,23,No,No phone service,DSL,Yes,Yes,No,Yes,No,No,One year,No,Bank transfer (automatic),52.4,1220.36,No
CUST-102028,Female,1,No,No,38,Yes,Yes,DSL,No,No,No,No,No,No,One year,Yes,Mailed check,52.49,2025.37,No
CUST-106161,Male,0,No,No,20,No,No phone service,No,No internet service,No internet service,No internet service,No internet service,No internet service,No internet service,One year,Yes,Mailed check,21.78,387.17,No
CUST-103517,Female,0,Yes,No,23,Yes,No,Fiber optic,No,No,No,Yes,No,No,Month-to-month,Yes,Bank transfer (automatic),69.95,1609.32,Yes
CUST-101771,Male,1,Yes,Yes,19,Yes,No,Fiber optic,No,Yes,No,No,Yes,Yes,Month-to-month,No,Credit card (automatic),88.03,1671.51,No
CUST-101061,Female,0,No,No,4,Yes,Yes,DSL,No,No,No,Yes,Yes,No,Two year,No,Electronic check,65.18,239.37,No
CUST-101801,Male,0,Yes,No,23,No,No phone service,Fiber optic,No,Yes,No,Yes,No,Yes,Month-to-month,Yes,Electronic check,76.66,1768.2,No
CUST-100805,Female,0,No,No,58,No,No phone service,Fiber optic,No,No,No,Yes,Yes,Yes,Two year,Yes,Credit card (automatic),76.82,4464.05,No
CUST-101724,Female,0,Yes,Yes,21,Yes,Yes,No,No internet service,No internet service,No internet service,No internet service,No internet service,No internet service,Two year,Yes,Mailed check,23.17,506.92,No
CUST-105918,Female,0,Yes,Yes,49,Yes,No,DSL,No,No,Yes,No,Yes,No,Month-to-month,Yes,Credit card (automatic),58.86,2870.4,No
CUST-100949,Male,0,No,No,11,Yes,Yes,Fiber optic,Yes,Yes,No,Yes,No,Yes,One year,No,Bank transfer (automatic),94.67,1029.56,Yes
CUST-105273,Male,0,Yes,Yes,51,Yes,No,No,No internet service,No internet service,No internet service,No internet service,No internet service,No internet service,Two year,No,Bank transfer (automatic),20.54,1029.9,No
CUST-104934,Male,0,Yes,Yes,63,Yes,Yes,DSL,No,No,No,Yes,No,Yes,Month-to-month,Yes,Bank transfer (automatic),68.69,4347.15,No
CUST-101668,Female,0,Yes,No,53,Yes,No,DSL,Yes,No,No,Yes,Yes,No,One year,Yes,Mailed check,63.02,3377.53,No
CUST-106574,Male,0,Yes,Yes,23,No,No phone service,DSL,Yes,Yes,Yes,Yes,No,Yes,One year,No,Electronic check,64.7,1459.95,No
CUST-102331,Female,0,No,No,58,Yes,Yes,No,No internet service,No internet service,No internet service,No internet service,No internet service,No internet service,Month-to-month,Yes,Mailed check,21.82,1246.27,No
CUST-100132,Male,0,No,No,27,Yes,No,DSL,No,Yes,No,No,No,Yes,Month-to-month,No,Credit card (automatic),57.18,1532.55,No
CUST-100371,Female,0,Yes,No,39,Yes,No,No,No internet service,No internet service,No internet service,No internet service,No internet service,No internet service,Month-to-month,No,Mailed check,23.77,950.64,No
CUST-101787,Male,0,No,No,26,Yes,Yes,Fiber optic,Yes,No,Yes,No,Yes,No,One year,Yes,Electronic check,85.13,2222.27,Yes
CUST-105502,Male,0,Yes,Yes,23,Yes,Yes,Fiber optic,Yes,No,Yes,Yes,Yes,Yes,Month-to-month,Yes,Credit card (automatic),96.96,2253.15,No
CUST-102852,Male,0,No,No,48,Yes,No,No,No internet service,No internet service,No internet service,No internet service,No internet service,No internet service,Month-to-month,No,Electronic check,19.56,959.82,No
CUST-105976,Female,0,No,No,14,Yes,No,DSL,No,No,No,Yes,Yes,No,Month-to-month,No,Electronic check,52.29,717.7,No
CUST-105635,Female,0,No,No,8,Yes,Yes,Fiber optic,No,No,Yes,Yes,No,No,One year,Yes,Bank transfer (automatic),79.57,640.56,No
CUST-102354,Male,0,No,Yes,54,Yes,Yes,Fiber optic,No,No,No,No,No,Yes,One year,Yes,Bank transfer (automatic),81.94,4444.7,Yes
CUST-101543,Female,0,Yes,Yes,50,No,No phone service,Fiber optic,No,No,No,No,No,Yes,Month-to-month,Yes,Bank transfer (automatic),63.71,3201.4,No
CUST-106185,Female,0,No,No,43,Yes,Yes,No,No internet service,No internet service,No internet service,No internet service,No internet service,No internet service,Month-to-month,Yes,Credit card (automatic),29.48,1238.51,No
CUST-104482,Female,1,No,No,2,Yes,No,No,No internet service,No internet service,No internet service,No internet service,No internet service,No internet service,One year,No,Electronic check,24.14,37.56,No
CUST-106610,Male,0,No,No,28,Yes,No,No,No internet service,No internet service,No internet service,No internet service,No internet service,No internet service,Month-to-month,No,Bank transfer (automatic),21.56,631.78,No
CUST-103717,Male,0,No,No,39,Yes,No,Fiber optic,No,Yes,No,No,No,Yes,Month-to-month,No,Mailed check,75.34,2942.12,No
CUST-106510,Male,0,Yes,No,28,Yes,No,Fiber optic,No,No,Yes,No,Yes,No,One year,No,Electronic check,74.75,2045.17,No
CUST-104688,Male,0,Yes,Yes,52,Yes,Yes,Fiber optic,No,No,No,No,No,No,One year,No,Bank transfer (automatic),66.45,3473.1,No
CUST-100664,Female,0,No,No,58,Yes,No,DSL,Yes,Yes,No,Yes,No,No,Month-to-month,No,Mailed check,63.49,3694.56,No
CUST-104013,Male,0,No,No,49,Yes,No,No,No internet service,No internet service,No internet service,No internet service,No internet service,No internet service,Month-to-month,Yes,Bank transfer (automatic),21.6,1047.28,Yes
CUST-101625,Female,0,No,No,9,Yes,Yes,Fiber optic,No,Yes,No,Yes,Yes,No,Month-to-month,No,Electronic check,86.44,758.47,Yes
CUST-100295,Female,0,No,No,59,No,No phone service,Fiber optic,Yes,No,Yes,No,Yes,Yes,Month-to-month,No,Bank transfer (automatic),84.76,5000.8,No
CUST-106240,Female,0,No,No,39,Yes,Yes,Fiber optic,No,Yes,Yes,Yes,Yes,No,Month-to-month,No,Electronic check,94.01,3660.78,No
CUST-104974,Female,0,No,No,70,Yes,No,Fiber optic,No,No,Yes,Yes,No,No,Two year,No,Mailed check,72.16,5056.74,No
CUST-103619,Male,0,Yes,No,71,Yes,Yes,DSL,No,Yes,Yes,No,No,No,One year,Yes,Credit card (automatic),57.45,4106.85,No
CUST-101974,Female,0,No,No,44,Yes,No,Fiber optic,No,Yes,No,No,No,No,One year,Yes,Electronic check,67.9,2983.7,Yes
CUST-105125,Female,0,No,Yes,68,Yes,Yes,No,No internet service,No internet service,No internet service,No internet service,No internet service,No internet service,Two year,No,Mailed check,28.36,1932.52,No
CUST-102193,Male,1,Yes,Yes,25,No,No phone service,No,No internet service,No internet service,No internet service,No internet service,No internet service,No internet service,Month-to-month,Yes,Bank transfer (automatic),21.49,564.77,No
CUST-102571,Female,0,Yes,No,51,Yes,Yes,DSL,No,No,Yes,No,Yes,No,Month-to-month,No,Mailed check,63.83,3255.03,No
CUST-105540,Male,0,No,No,16,Yes,Yes,Fiber optic,Yes,No,No,Yes,Yes,Yes,Month-to-month,Yes,Bank transfer (automatic),94.12,1502.35,No
CUST-100722,Female,0,Yes,Yes,1,Yes,No,No,No internet service,No internet service,No internet service,No internet service,No internet service,No internet service,Month-to-month,Yes,Mailed check,18.0,36.48,No
CUST-105359,Male,0,No,No,66,Yes,Yes,Fiber optic,No,No,No,Yes,Yes,Yes,Month-to-month,No,Electronic check,86.68,5684.44,No
CUST-104519,Male,0,Yes,Yes,66,Yes,Yes,No,No internet service,No internet service,No internet service,No internet service,No internet service,No internet service,One year,No,Electronic check,30.3,1996.4,No
CUST-101306,Male,0,No,No,43,Yes,No,DSL,No,No,No,No,Yes,Yes,Two year,Yes,Mailed check,61.2,2629.94,No
CUST-102016,Male,0,No,No,42,Yes,Yes,Fiber optic,No,Yes,No,Yes,No,No,Month-to-month,Yes,Electronic check,80.87,3390.06,Yes
CUST-101561,Male,0,No,No,35,Yes,No,No,No internet service,No internet service,No internet service,No internet service,No internet service,No internet service,Month-to-month,Yes,Bank transfer (automatic),18.0,607.65,No
CUST-106284,Male,0,No,No,31,Yes,No,DSL,No,No,Yes,Yes,Yes,No,Two year,No,Credit card (automatic),64.37,2013.84,No
CUST-101514,Male,0,Yes,Yes,65,Yes,No,Fiber optic,No,No,No,No,No,No,Month-to-month,Yes,Mailed check,59.97,3894.4,No
CUST-102838,Male,0,No,No,9,Yes,No,Fiber optic,Yes,Yes,No,No,Yes,No,One year,No,Electronic check,77.07,711.96,No
CUST-104736,Male,1,No,No,56,Yes,No,No,No internet service,No internet service,No internet service,No internet service,No internet service,No internet service,Two year,Yes,Mailed check,23.65,1317.62,No
CUST-105879,Male,0,Yes,No,19,Yes,Yes,Fiber optic,No,Yes,No,Yes,No,Yes,Month-to-month,No,Electronic check,82.47,1558.2,Yes
CUST-101729,Male,0,No,No,26,Yes,No,DSL,No,Yes,Yes,No,No,No,One year,Yes,Bank transfer (automatic),56.27,1463.18,No
CUST-103702,Male,0,No,No,63,Yes,Yes,DSL,No,Yes,Yes,Yes,Yes,Yes,One year,Yes,Credit card (automatic),81.28,5092.88,No
CUST-101192,Male,0,Yes,No,46,Yes,No,DSL,No,No,No,No,No,No,Month-to-month,No,Electronic check,51.23,2339.1,No
CUST-101329,Male,1,Yes,Yes,45,Yes,Yes,No,No internet service,No internet service,No internet service,No internet service,No internet service,No internet service,Month-to-month,Yes,Electronic check,29.45,1304.84,No
CUST-106349,female ,0,Yes,Yes,4,Yes,No,No,No internet service,No internet service,No internet service,No internet service,No internet service,No internet service,Two year,No,Credit card (automatic),21.74,88.36,No
CUST-106496,Female,0,No,No,36,Yes,No,No,No internet service,No internet service,No internet service,No internet service,No internet service,No internet service,Two year,Yes,Electronic check,26.98,960.66,No
CUST-104376,Male,0,No,No,49,Yes,No,Fiber optic,Yes,No,Yes,Yes,Yes,Yes,Month-to-month,Yes,Mailed check,94.74,4640.12,No
CUST-101169,Female,0,No,No,57,Yes,No,Fiber optic,Yes,Yes,Yes,Yes,Yes,No,Month-to-month,Yes,Electronic check,97.29,5514.57,No
CUST-105694,Female,0,No,No,61,Yes,No,Fiber optic,No,No,No,Yes,No,No,Month-to-month,No,Credit card (automatic),75.32,4636.45,No
CUST-104160,Male,0,No,No,65,No,No phone service,No,No internet service,No internet service,No internet service,No internet service,No internet service,No internet service,Two year,No,Bank transfer (automatic),18.85,1219.59,No
CUST-100415,Female,0,No,No,33,Yes,Yes,Fiber optic,No,No,Yes,Yes,Yes,No,Month-to-month,Yes,Mailed check,87.57,2868.17,Yes
CUST-103395,Female,0,No,No,64,No,No phone service,No,No internet service,No internet service,No internet service,No internet service,No internet service,No internet service,One year,Yes,Mailed check,20.14,1273.8,No
CUST-104048,Male,0,Yes,Yes,44,Yes,Yes,No,No internet service,No internet service,No internet service,No internet service,No internet service,No internet service,Two year,Yes,Mailed check,34.92,1539.02,No
CUST-100315,Female,0,Yes,No,60,Yes,Yes,Fiber optic,Yes,No,No,Yes,Yes,No,Month-to-month,Yes,Bank transfer (automatic),87.52,5233.35,Yes
CUST-101076,Female,0,Yes,No,34,Yes,Yes,No,No internet service,No internet service,No internet service,No internet service,No internet service,No internet service,Two year,Yes,Mailed check,30.48,1035.57,Yes
CUST-106590,Male,0,Yes,Yes,47,Yes,No,No,No internet service,No internet service,No internet service,No internet service,No internet service,No internet service,Two year,No,Credit card (automatic),30.33,1411.53,No
CUST-104238,Female,0,Yes,Yes,1,Yes,No,DSL,No,No,No,No,Yes,Yes,Month-to-month,Yes,Mailed check,59.23,32.22,No
CUST-105267,Female,1,No,No,37,Yes,No,DSL,Yes,Yes,No,Yes,No,Yes,Month-to-month,No,Electronic check,67.43,2501.01,No
CUST-102680,Male,0,Yes,Yes,60,Yes,No,Fiber optic,No,No,Yes,No,No,No,Month-to-month,No,Credit card (automatic),69.66,4174.93,No
CUST-105210,Male,0,No,No,39,Yes,Yes,No,No internet service,No internet service,No internet service,No internet service,No internet service,No internet service,Month-to-month,Yes,Bank transfer (automatic),27.13,1073.2,No
CUST-104608,Female,0,Yes,No,21,Yes,Yes,Fiber optic,Yes,Yes,No,No,Yes,No,Month-to-month,No,Credit card (automatic),90.53,1869.43,Yes
CUST-105981,Female,0,No,No,18,Yes,No,DSL,No,No,No,Yes,No,No,Month-to-month,No,Electronic check,51.89,907.04,Yes
CUST-103223,Female,0,No,No,63,Yes,No,Fiber optic,No,No,No,No,No,Yes,One year,No,Bank transfer (automatic),74.21,4658.48,No
CUST-102646,Female,0,No,No,54,Yes,No,Fiber optic,No,No,Yes,No,No,No,One year,Yes,Credit card (automatic),61.66,3338.95,No
CUST-100658,Male,0,Yes,No,39,Yes,No,Fiber optic,No,No,No,No,Yes,Yes,Two year,Yes,Credit card (automatic),85.39,3307.19,Yes
CUST-106340,Male,0,Yes,No,33,Yes,Yes,DSL,No,No,No,No,Yes,No,Month-to-month,No,Bank transfer (automatic),60.74,2009.85,No
CUST-103921,Female,0,No,No,64,Yes,Yes,Fiber optic,Yes,No,No,No,No,No,Month-to-month,No,Credit card (automatic),77.53,4981.75,No
CUST-106794,Female,0,Yes,No,12,Yes,No,Fiber optic,Yes,No,No,No,Yes,Yes,One year,No,Mailed check,86.95,1039.66,No
CUST-104183,Female,1,No,No,50,Yes,Yes,DSL,No,Yes,No,No,No,No,Month-to-month,Yes,Mailed check,57.97,2882.66,No
CUST-100968,Female,1,No,No,57,Yes,Yes,No,No internet service,No internet service,No internet service,No internet service,No internet service,No internet service,Month-to-month,No,Electronic check,28.86,1642.7,Yes
CUST-104782,Male,0,No,No,72,Yes,Yes,Fiber optic,Yes,Yes,No,No,Yes,Yes,Two year,Yes,Bank transfer (automatic),98.23,7052.32,Yes
CUST-104924,Male,0,No,No,8,Yes,No,No,No internet service,No internet service,No internet service,No internet service,No internet service,No internet service,One year,No,Electronic check,23.7,194.22,No
CUST-102842,Female,1,Yes,No,67,No,No phone service,Fiber optic,No,No,Yes,Yes,No,Yes,One year,No,Mailed check,82.56,5498.69,No
CUST-105673,Female,0,Yes,Yes,66,Yes,Yes,Fiber optic,Yes,No,No,No,No,Yes,Month-to-month,No,Electronic check,87.95,5787.46,Yes
CUST-100746,Female,1,Yes,No,60,Yes,Yes,No,No internet service,No internet service,No internet service,No internet service,No internet service,No internet service,Month-to-month,Yes,Credit card (automatic),29.38,1755.69,No
CUST-104567,female ,0,No,No,57,Yes,Yes,Fiber optic,No,Yes,Yes,No,Yes,Yes,Two year,No,Credit card (automatic),95.62,5423.96,No
CUST-105215,Male,0,Yes,No,7,Yes,Yes,Fiber optic,No,Yes,No,No,No,Yes,Month-to-month,No,Mailed check,83.84,592.07,No
CUST-105830,Male,0,Yes,Yes,43,Yes,No,DSL,No,No,No,No,No,No,Two year,No,Mailed check,42.41,1836.23,No
CUST-106561,Female,0,Yes,No,51,Yes,No,Fiber optic,No,Yes,No,Yes,No,Yes,Month-to-month,Yes,Mailed check,78.47,4003.17,No
CUST-101592,Male,0,Yes,Yes,22,Yes,No,DSL,No,No,No,No,No,No,One year,Yes,Electronic check,44.48,953.49,No
CUST-105224,Female,0,No,No,11,Yes,No,DSL,No,No,No,No,Yes,No,One year,Yes,Mailed check,50.6,509.21,Yes
CUST-101831,Female,0,No,No,40,Yes,No,Fiber optic,Yes,No,No,Yes,No,Yes,Month-to-month,Yes,Electronic check,80.41,3241.07,No
CUST-104058,Male,1,Yes,No,7,Yes,Yes,No,No internet service,No internet service,No internet service,No internet service,No internet service,No internet service,Month-to-month,No,Electronic check,30.39,204.9,Yes
CUST-100446,Male,0,No,Yes,11,Yes,No,Fiber optic,No,No,No,No,No,Yes,Month-to-month,Yes,Electronic check,69.81,757.59,Yes
CUST-100374,Female,1,No,No,66,Yes,Yes,DSL,No,Yes,No,No,Yes,No,Month-to-month,No,Bank transfer (automatic),62.19,4101.81,No
CUST-104858,Male,1,No,No,22,Yes,Yes,No,No internet service,No internet service,No internet service,No internet service,No internet service,No internet service,Month-to-month,Yes,Bank transfer (automatic),32.53,763.46,No
CUST-102503,Male,0,No,No,61,Yes,No,Fiber optic,No,Yes,No,Yes,No,Yes,One year,Yes,Credit card (automatic),84.36,5149.36,No
CUST-105876,Female,1,Yes,No,6,Yes,Yes,Fiber optic,No,Yes,No,No,Yes,No,Month-to-month,No,Mailed check,90.47,527.31,Yes
CUST-103037,Male,0,No,No,32,Yes,No,DSL,Yes,Yes,Yes,No,Yes,No,Month-to-month,No,Electronic check,63.66,2023.66,No
CUST-100289,Male,0,Yes,Yes,39,Yes,Yes,Fiber optic,Yes,No,No,No,No,Yes,Month-to-month,Yes,Electronic check,81.25,3147.82,Yes
CUST-105389,Female,0,Yes,Yes,15,Yes,No,Fiber optic,No,Yes,No,No,No,No,One year,Yes,Bank transfer (automatic),68.28,1031.94,No
CUST-101873,Female,0,Yes,No,4,Yes,No,Fiber optic,No,No,No,No,Yes,No,Month-to-month,No,Credit card (automatic),71.24,299.44,No
CUST-103507,Female,0,No,No,21,Yes,No,DSL,Yes,Yes,No,Yes,No,Yes,Month-to-month,Yes,Credit card (automatic),69.0,1416.04,Yes
CUST-104525,Male,0,No,No,26,Yes,No,Fiber optic,Yes,Yes,Yes,No,Yes,Yes,One year,Yes,Bank transfer (automatic),96.42,2495.55,No
CUST-102323,Female,0,No,No,15,Yes,No,Fiber optic,No,Yes,Yes,Yes,No,Yes,One year,Yes,Bank transfer (automatic),82.66,1230.4,No
CUST-106948,Male,0,No,No,35,Yes,No,DSL,No,No,No,No,Yes,No,Month-to-month,No,Mailed check,55.39,1965.96,No
CUST-104433,Male,0,Yes,Yes,68,Yes,No,DSL,No,No,No,Yes,Yes,Yes,Month-to-month,Yes,Mailed check,72.63,4926.63,No
CUST-101953,Male,0,No,Yes,18,Yes,No,Fiber optic,Yes,Yes,No,No,No,No,Month-to-month,Yes,Electronic check,75.4,1364.81,No
CUST-104370,Female,0,No,No,12,Yes,No,No,No internet service,No internet service,No internet service,No internet service,No internet service,No internet service,Month-to-month,Yes,Electronic check,22.56,278.46,Yes
CUST-100680,Female,0,Yes,Yes,39,No,No phone service,Fiber optic,Yes,No,No,Yes,No,No,Month-to-month,No,Mailed check,72.27,2814.53,No
CUST-100513,Female,0,Yes,Yes,24,Yes,Yes,No,No internet service,No internet service,No internet service,No internet service,No internet service,No internet service,Two year,No,Electronic check,31.61,742.89,No
CUST-103170,Female,0,No,No,26,Yes,Yes,Fiber optic,Yes,No,No,No,Yes,No,One year,Yes,Mailed check,86.68,2249.46,Yes
CUST-103938,Female,0,Yes,Yes,49,Yes,Yes,No,No internet service,No internet service,No internet service,No internet service,No internet service,No internet service,Month-to-month,Yes,Credit card (automatic),25.12,1247.46,No
CUST-105746,Male,0,No,No,41,Yes,Yes,Fiber optic,No,Yes,Yes,No,No,Yes,Month-to-month,Yes,Bank transfer (automatic),87.96,3575.39,Yes
CUST-101749,Female,0,Yes,Yes,7,Yes,Yes,Fiber optic,No,Yes,Yes,Yes,No,No,Month-to-month,Yes,Mailed check,85.8,610.24,No
CUST-106741,Female,0,No,No,65,Yes,Yes,Fiber optic,Yes,Yes,No,No,Yes,No,One year,Yes,Mailed check,91.66,5959.51,No
CUST-103406,Male,0,Yes,No,20,Yes,Yes,Fiber optic,Yes,Yes,Yes,No,Yes,Yes,Month-to-month,Yes,Electronic check,94.52,1897.84,No
CUST-101989,Female,0,Yes,No,33,No,No phone service,Fiber optic,Yes,Yes,Yes,Yes,No,No,Two year,Yes,Electronic check,77.7,2567.3,No
CUST-104297,Female,1,Yes,No,56,Yes,Yes,No,No internet service,No internet service,No internet service,No internet service,No internet service,No internet service,Two year,No,Bank transfer (automatic),30.8,1697.93,No
CUST-103273,Male,1,No,No,29,Yes,Yes,No,No internet service,No internet service,No internet service,No internet service,No internet service,No internet service,Two year,Yes,Bank transfer (automatic),28.27,827.68,No
CUST-100073,Male,0,Yes,No,67,Yes,Yes,DSL,Yes,No,Yes,Yes,No,Yes,Month-to-month,Yes,Mailed check,69.85,4678.14,No
CUST-105487,Female,1,No,No,59,Yes,No,Fiber optic,No,Yes,No,No,Yes,Yes,One year,Yes,Mailed check,86.44,5095.59,Yes
CUST-106992,Male,1,No,No,14,Yes,No,DSL,Yes,Yes,No,No,No,Yes,One year,Yes,Credit card (automatic),58.3,840.77,Yes
CUST-102343,Female,0,Yes,Yes,24,Yes,No,DSL,No,No,Yes,Yes,Yes,Yes,Month-to-month,Yes,Mailed check,66.96,1636.53,No
CUST-100825,Male,0,Yes,No,53,No,No phone service,DSL,No,Yes,Yes,Yes,No,Yes,Month-to-month,Yes,Credit card (automatic),63.19,3304.05,Yes
CUST-104344,Male,0,Yes,No,60,Yes,Yes,Fiber optic,No,No,No,No,Yes,No,Month-to-month,No,Bank transfer (automatic),80.38,4810.13,No
CUST-106389,Female,1,No,No,32,Yes,No,DSL,No,Yes,Yes,Yes,No,Yes,Month-to-month,Yes,Credit card (automatic),66.46,2121.47,Yes
CUST-100492,Female,0,No,No,44,Yes,Yes,DSL,Yes,Yes,No,No,Yes,No,Month-to-month,Yes,Electronic check,68.12,2980.13,No
CUST-101818,Male,0,Yes,No,14,Yes,No,DSL,No,No,No,No,Yes,Yes,One year,Yes,Credit card (automatic),56.66,781.82,No
CUST-105535,Female,0,No,No,49,Yes,Yes,DSL,No,Yes,Yes,No,Yes,No,Month-to-month,Yes,Electronic check,73.78,3660.16,Yes
CUST-106797,Female,0,Yes,No,28,Yes,Yes,No,No internet service,No internet service,No internet service,No internet service,No internet service,No internet service,Month-to-month,No,Credit card (automatic),26.83,748.72,No
CUST-104023,Male,0,No,No,12,Yes,Yes,Fiber optic,No,Yes,Yes,Yes,Yes,No,Two year,Yes,Electronic check,88.6,1040.6,No
CUST-100649,Female,0,No,No,39,Yes,No,DSL,Yes,No,Yes,Yes,Yes,No,Two year,Yes,Electronic check,70.14,2731.98,No
CUST-103503,Male,0,Yes,No,28,Yes,No,DSL,Yes,Yes,Yes,Yes,Yes,No,Two year,Yes,Electronic check,74.21,2060.84,No
CUST-102125,Male,0,No,No,63,Yes,No,DSL,Yes,Yes,No,No,Yes,No,Two year,Yes,Mailed check,66.57,4169.08,No
CUST-106647,Female,0,Yes,Yes,44,Yes,Yes,No,No internet service,No internet service,No internet service,No internet service,No internet service,No internet service,Month-to-month,No,Mailed check,28.99,1294.84,No
CUST-106624,Female,0,Yes,No,62,Yes,No,DSL,No,Yes,No,No,No,Yes,Month-to-month,Yes,Bank transfer (automatic),59.88,3727.89,No
CUST-106083,Female,0,No,No,36,Yes,Yes,Fiber optic,Yes,No,No,No,Yes,No,Month-to-month,Yes,Credit card (automatic),82.72,2934.62,No
CUST-105572,male ,0,Yes,Yes,39,Yes,No,Fiber optic,No,No,No,Yes,No,Yes,Two year,Yes,Electronic check,78.27,3038.56,No
CUST-100700,Female,0,No,Yes,41,Yes,Yes,Fiber optic,No,No,Yes,No,Yes,Yes,One year,Yes,Electronic check,92.28,3822.22,No
CUST-100255,Male,0,Yes,No,25,Yes,No,No,No internet service,No internet service,No internet service,No internet service,No internet service,No internet service,One year,No,Electronic check,21.14,484.87,No
CUST-104507,Female,0,No,No,65,No,No phone service,DSL,No,No,No,No,No,Yes,Month-to-month,Yes,Mailed check,49.44,3178.3,No
CUST-101701,Male,0,No,No,61,Yes,No,Fiber optic,Yes,No,Yes,Yes,No,Yes,Month-to-month,Yes,Electronic check,85.42,5188.38,Yes
CUST-105254,Male,0,Yes,Yes,3,Yes,Yes,Fiber optic,No,No,No,No,No,Yes,Month-to-month,Yes,Bank transfer (automatic),82.39,266.87,Yes
CUST-106675,Female,0,Yes,Yes,21,Yes,Yes,Fiber optic,No,Yes,No,Yes,Yes,Yes,Month-to-month,Yes,Electronic check,92.03,1941.9,No
CUST-103620,Female,0,Yes,Yes,69,Yes,Yes,Fiber optic,Yes,No,No,No,Yes,Yes,Month-to-month,No,Mailed check,90.93,6301.25,Yes
CUST-100868,Male,0,No,No,0,Yes,No,DSL,Yes,No,No,No,Yes,Yes,Month-to-month,Yes,Bank transfer (automatic),67.39,67.39,Yes
CUST-102423,Female,0,Yes,No,54,Yes,No,Fiber optic,Yes,Yes,No,No,No,No,Two year,No,Mailed check,82.76,4448.1,No
CUST-100432,Female,0,No,Yes,30,Yes,No,Fiber optic,No,No,Yes,No,Yes,No,Month-to-month,No,Electronic check,73.81,2214.95,No
CUST-106443,Female,0,No,No,49,Yes,No,DSL,No,No,No,Yes,No,No,One year,Yes,Credit card (automatic),51.45,2540.37,No
CUST-106913,Female,0,Yes,No,22,Yes,Yes,DSL,No,No,No,No,No,No,Two year,No,Electronic check,49.42,1102.87,No
CUST-102586,Male,0,Yes,No,48,Yes,No,Fiber optic,Yes,Yes,Yes,Yes,Yes,No,Month-to-month,No,Bank transfer (automatic),93.88,4519.47,No
CUST-100773,Female,1,Yes,Yes,17,Yes,Yes,Fiber optic,Yes,No,Yes,No,Yes,No,Two year,No,Electronic check,88.16,1507.1,No
CUST-104412,Male,0,No,No,43,Yes,No,Fiber optic,No,Yes,No,No,No,No,Month-to-month,No,Electronic check,70.64,3042.87,Yes
CUST-106274,Female,0,No,No,65,Yes,Yes,No,No internet service,No internet service,No internet service,No internet service,No internet service,No internet service,Month-to-month,Yes,Credit card (automatic),30.06,1957.37,No
CUST-102495,Male,0,Yes,No,41,Yes,Yes,No,No internet service,No internet service,No internet service,No internet service,No internet service,No internet service,Two year,Yes,Credit card (automatic),27.08,1138.51,No
CUST-100953,Male,0,Yes,No,47,Yes,No,Fiber optic,No,Yes,No,No,No,No,One year,No,Credit card (automatic),68.17,3236.16,No
CUST-105328,Male,0,No,No,51,Yes,No,Fiber optic,No,No,No,No,Yes,No,Month-to-month,No,Bank transfer (automatic),72.84,3707.59,Yes
CUST-106252,Male,0,Yes,No,12,Yes,No,Fiber optic,No,No,Yes,No,No,Yes,Month-to-month,Yes,Credit card (automatic),78.49,938.66,No
CUST-101802,Male,0,No,Yes,55,Yes,Yes,DSL,No,No,No,No,Yes,Yes,One year,No,Bank transfer (automatic),72.58,4006.43,No
CUST-103963,Male,1,Yes,No,71,No,No phone service,Fiber optic,Yes,No,No,No,Yes,No,Month-to-month,No,Electronic check,76.96,5459.91,No
CUST-101646,Male,1,Yes,No,40,Yes,Yes,DSL,No,No,No,Yes,No,No,Month-to-month,Yes,Mailed check,53.94,2148.28,No
CUST-105617,Male,0,No,No,64,Yes,No,Fiber optic,Yes,No,No,No,Yes,Yes,Month-to-month,Yes,Credit card (automatic),86.94,5604.8,Yes
CUST-103920,Female,0,No,No,72,Yes,No,Fiber optic,No,Yes,No,Yes,No,No,Month-to-month,Yes,Electronic check,75.57,5476.43,Yes
CUST-102572,Female,0,No,No,66,Yes,Yes,DSL,No,Yes,No,Yes,No,Yes,Month-to-month,No,Electronic check,65.01,4306.78,Yes
CUST-103138,Male,0,No,No,55,No,No phone service,Fiber optic,No,Yes,Yes,No,Yes,No,Month-to-month,No,Electronic check,77.78,4283.41,No
CUST-103561,Male,0,Yes,Yes,1,Yes,Yes,No,No internet service,No internet service,No internet service,No internet service,No internet service,No internet service,Two year,Yes,Electronic check,26.08,16.56,No
CUST-104583,Female,0,No,No,41,Yes,Yes,Fiber optic,No,No,Yes,No,No,No,One year,Yes,Credit card (automatic),74.64,3063.41,No
CUST-106787,Male,1,No,No,22,Yes,Yes,DSL,No,No,No,No,Yes,No,Month-to-month,Yes,Credit card (automatic),57.93,1260.4,No
CUST-101342,Male,0,No,No,3,Yes,No,Fiber optic,Yes,No,No,Yes,Yes,Yes,One year,No,Bank transfer (automatic),92.07,267.5,No
CUST-106131,Male,1,Yes,No,58,Yes,Yes,Fiber optic,Yes,Yes,No,No,No,No,Two year,No,Electronic check,78.44,4560.26,No
CUST-101010,Male,0,Yes,No,14,Yes,No,Fiber optic,No,No,Yes,No,Yes,Yes,One year,Yes,Bank transfer (automatic),88.27,1240.06,No
CUST-103153,Female,0,Yes,No,60,Yes,Yes,No,No internet service,No internet service,No internet service,No internet service,No internet service,No internet service,Two year,No,Bank transfer (automatic),27.52,1624.08,No
CUST-104766,Female,1,Yes,No,32,Yes,Yes,Fiber optic,Yes,Yes,Yes,No,Yes,No,One year,Yes,Credit card (automatic),93.11,2975.6,No
CUST-101002,Female,0,Yes,No,22,Yes,No,No,No internet service,No internet service,No internet service,No internet service,No internet service,No internet service,Month-to-month,No,Bank transfer (automatic),22.2,514.59,No
CUST-103639,Female,0,No,No,28,Yes,No,No,No internet service,No internet service,No internet service,No internet service,No internet service,No internet service,Month-to-month,No,Credit card (automatic),22.74,694.15,No
CUST-104716,Female,1,Yes,No,33,Yes,No,DSL,No,No,No,Yes,No,No,Month-to-month,Yes,Bank transfer (automatic),51.41,1701.8,No
CUST-106431,Female,0,Yes,Yes,37,Yes,No,Fiber optic,No,Yes,No,No,Yes,Yes,Two year,No,Mailed check,85.76,3169.53,No
CUST-103548,Male,0,Yes,Yes,64,No,No phone service,Fiber optic,Yes,No,Yes,No,Yes,No,Month-to-month,No,Mailed check,82.69,5253.49,Yes
CUST-100318,Female,0,Yes,Yes,65,Yes,Yes,No,No internet service,No internet service,No internet service,No internet service,No internet service,No internet service,Two year,No,Mailed check,25.56,1691.82,No
CUST-106996,Male,0,No,No,66,Yes,Yes,DSL,No,No,No,Yes,No,Yes,One year,Yes,Mailed check,68.95,4544.0,No
CUST-104071,Female,1,Yes,Yes,15,Yes,Yes,DSL,No,No,Yes,Yes,No,Yes,Month-to-month,No,Credit card (automatic),66.54,971.32,No
CUST-103490,Male,0,No,No,62,Yes,Yes,DSL,Yes,No,No,Yes,Yes,Yes,Month-to-month,No,Mailed check,70.03,4345.07,No
CUST-101434,Male,0,No,No,13,Yes,No,DSL,No,No,No,No,No,Yes,Two year,Yes,Credit card (automatic),51.4,676.42,No
CUST-106656,Female,0,No,No,10,Yes,No,DSL,No,No,No,Yes,Yes,Yes,One year,No,Credit card (automatic),66.2,668.73,No
CUST-106027,Female,0,Yes,Yes,69,Yes,No,Fiber optic,No,Yes,Yes,No,Yes,Yes,Month-to-month,Yes,Credit card (automatic),91.78,6354.99,No
CUST-101665,Male,0,Yes,Yes,50,Yes,Yes,Fiber optic,Yes,No,No,No,Yes,No,Month-to-month,No,Credit card (automatic),86.04,4319.23,No
CUST-103383,Female,0,Yes,Yes,13,Yes,Yes,No,No internet service,No internet service,No internet service,No internet service,No internet service,No internet service,Month-to-month,Yes,Credit card (automatic),29.5,422.61,No
CUST-103262,Female,1,Yes,Yes,50,Yes,Yes,Fiber optic,Yes,Yes,No,No,Yes,No,One year,Yes,Mailed check,82.19,4097.88,Yes
CUST-100737,Male,1,No,Yes,46,Yes,Yes,Fiber optic,Yes,Yes,Yes,No,No,No,Month-to-month,Yes,Mailed check,79.81,3719.41,Yes
CUST-105017,Female,0,No,Yes,22,Yes,No,Fiber optic,No,Yes,Yes,Yes,Yes,No,Month-to-month,No,Bank transfer (automatic),93.55,2045.0,No
CUST-105895,Female,0,Yes,Yes,27,No,No phone service,No,No internet service,No internet service,No internet service,No internet service,No internet service,No internet service,Month-to-month,Yes,Credit card (automatic),20.35,530.12,No
CUST-101483,Male,0,Yes,Yes,24,Yes,Yes,DSL,No,Yes,No,No,No,Yes,Month-to-month,Yes,Electronic check,61.17,1471.51,Yes
CUST-104274,Male,0,No,No,38,Yes,Yes,Fiber optic,Yes,Yes,Yes,No,Yes,Yes,One year,No,Electronic check,103.47,3914.12,Yes
CUST-104548,Female,0,No,No,59,Yes,No,DSL,Yes,Yes,Yes,Yes,No,Yes,Month-to-month,Yes,Electronic check,74.03,4368.9,Yes
CUST-103227,Male,0,No,No,32,Yes,No,Fiber optic,No,No,Yes,No,Yes,Yes,Month-to-month,No,Credit card (automatic),84.86,2713.04,No
CUST-100392,Male,0,No,No,38,Yes,Yes,Fiber optic,No,Yes,No,No,No,No,Two year,Yes,Mailed check,71.71,2727.54,No
CUST-103788,Female,0,Yes,Yes,45,Yes,Yes,DSL,Yes,No,No,No,Yes,No,Two year,Yes,Bank transfer (automatic),60.7,2733.76,No
CUST-105230,Male,0,Yes,Yes,71,Yes,No,No,No internet service,No internet service,No internet service,No internet service,No internet service,No internet service,Month-to-month,Yes,Mailed check,22.09,1577.98,No
CUST-103545,Female,1,Yes,No,19,Yes,No,Fiber optic,No,No,No,No,Yes,Yes,One year,No,Credit card (automatic),80.43,1547.58,Yes
CUST-104603,Female,0,Yes,No,16,Yes,No,No,No internet service,No internet service,No internet service,No internet service,No internet service,No internet service,Month-to-month,No,Electronic check,26.29,422.29,No
CUST-104421,Female,0,No,No,8,Yes,No,Fiber optic,Yes,No,No,Yes,Yes,No,Month-to-month,Yes,Bank transfer (automatic),81.85,659.98,No
CUST-105983,Female,0,Yes,Yes,31,Yes,Yes,DSL,No,No,No,No,No,Yes,One year,Yes,Mailed check,53.99,1665.58,No
CUST-103593,Female,0,No,No,1,Yes,Yes,DSL,No,No,No,No,No,Yes,Two year,Yes,Electronic check,58.24,39.12,No
CUST-101407,Female,0,No,No,10,Yes,No,Fiber optic,Yes,No,No,No,No,Yes,Month-to-month,Yes,Bank transfer (automatic),80.25,806.7,Yes
CUST-101836,Female,0,Yes,No,27,Yes,Yes,DSL,Yes,Yes,Yes,Yes,Yes,No,Month-to-month,Yes,Electronic check,81.16,2222.18,Yes
CUST-101166,Male,0,No,No,30,No,No phone service,Fiber optic,No,No,Yes,No,Yes,Yes,Two year,Yes,Electronic check,83.8,2498.01,No
CUST-100909,Male,0,Yes,No,72,Yes,No,DSL,No,Yes,Yes,Yes,No,No,One year,Yes,Bank transfer (automatic),60.49,4345.46,No
CUST-102753,Female,0,Yes,Yes,58,Yes,No,No,No internet service,No internet service,No internet service,No internet service,No internet service,No internet service,Two year,Yes,Bank transfer (automatic),18.88,1084.88,No
CUST-102172,Female,0,Yes,No,38,No,No phone service,No,No internet service,No internet service,No internet service,No internet service,No internet service,No internet service,Two year,No,Electronic check,18.0,675.75,No
CUST-102593,Male,0,No,No,55,Yes,Yes,No,No internet service,No internet service,No internet service,No internet service,No internet service,No internet service,Two year,Yes,Electronic check,31.73,1752.69,No
CUST-101995,Male,0,No,No,8,Yes,Yes,No,No internet service,No internet service,No internet service,No internet service,No internet service,No internet service,Month-to-month,No,Credit card (automatic),29.14,234.0,Yes
CUST-104154,Male,0,Yes,Yes,33,Yes,No,Fiber optic,Yes,Yes,No,No,No,Yes,Month-to-month,No,Mailed check,84.81,2803.83,No
CUST-105233,Male,0,No,No,15,Yes,Yes,Fiber optic,Yes,Yes,Yes,Yes,No,Yes,Month-to-month,No,Credit card (automatic),96.9,1455.34,No
CUST-104409,Male,0,No,Yes,48,Yes,No,Fiber optic,Yes,Yes,No,No,No,No,One year,No,Electronic check,75.8,3651.8,No
CUST-101420,Female,0,No,No,27,Yes,No,DSL,Yes,Yes,No,No,Yes,Yes,Month-to-month,Yes,Electronic check,72.68,1952.02,Yes
CUST-105477,Female,1,No,No,46,Yes,No,Fiber optic,No,Yes,Yes,Yes,No,Yes,One year,Yes,Mailed check,86.7,3977.89,No
CUST-102768,Male,0,Yes,Yes,52,Yes,No,DSL,Yes,Yes,Yes,No,Yes,Yes,Month-to-month,Yes,Electronic check,75.71,3960.94,No
CUST-102204,Male,0,Yes,Yes,58,Yes,No,Fiber optic,Yes,No,Yes,No,No,Yes,Month-to-month,Yes,Electronic check,84.48,4874.65,No
CUST-105249,Female,0,Yes,Yes,49,Yes,Yes,No,No internet service,No internet service,No internet service,No internet service,No internet service,No internet service,Month-to-month,Yes,Bank transfer (automatic),30.53,1510.49,No
CUST-100184,Male,0,No,No,46,Yes,Yes,Fiber optic,No,No,No,Yes,No,Yes,Two year,No,Electronic check,79.66,3678.51,No
CUST-102582,Male,0,Yes,No,37,Yes,Yes,Fiber optic,No,No,Yes,Yes,Yes,No,Two year,No,Mailed check,83.37,3068.84,Yes
CUST-105075,Male,0,Yes,No,15,Yes,No,Fiber optic,Yes,No,No,Yes,No,Yes,One year,Yes,Credit card (automatic),84.46,1247.24,Yes
CUST-100214,Female,1,No,No,8,Yes,Yes,DSL,No,No,Yes,No,No,Yes,Month-to-month,Yes,Electronic check,65.39,550.07,Yes
CUST-105752,Male,0,Yes,Yes,29,Yes,No,Fiber optic,Yes,Yes,No,No,Yes,Yes,One year,Yes,Bank transfer (automatic),92.55,2663.09,No
CUST-106220,Male,0,Yes,Yes,19,Yes,No,DSL,No,Yes,No,No,Yes,Yes,One year,No,Mailed check,67.61,1280.52,No
CUST-105662,Female,0,No,Yes,65,Yes,Yes,Fiber optic,Yes,Yes,Yes,No,No,No,Month-to-month,No,Mailed check,80.65,5252.73,No
CUST-104460,Male,0,Yes,Yes,45,Yes,No,Fiber optic,No,No,No,No,No,No,Month-to-month,Yes,Electronic check,66.73,2990.02,Yes
CUST-105767,Male,1,Yes,Yes,16,No,No phone service,Fiber optic,No,Yes,No,Yes,No,Yes,Month-to-month,Yes,Electronic check,75.54,1186.87,Yes
CUST-103604,Female,0,No,No,35,No,No phone service,No,No internet service,No internet service,No internet service,No internet service,No internet service,No internet service,Two year,Yes,Mailed check,18.0,651.63,No
CUST-101536,Male,1,No,No,20,No,No phone service,No,No internet service,No internet service,No internet service,No internet service,No internet service,No internet service,One year,No,Electronic check,18.0,354.2,Yes
CUST-103481,Male,1,Yes,No,54,Yes,No,No,No internet service,No internet service,No internet service,No internet service,No internet service,No internet service,Two year,Yes,Credit card (automatic),26.57,1423.51,No
CUST-104493,Male,1,Yes,Yes,68,Yes,No,Fiber optic,No,Yes,Yes,Yes,Yes,No,One year,Yes,Credit card (automatic),88.29,5972.77,No
CUST-106060,Male,0,No,No,7,No,No phone service,DSL,Yes,Yes,No,No,No,No,One year,No,Electronic check,52.63,365.84,Yes
CUST-106620,Male,0,Yes,Yes,24,Yes,No,Fiber optic,Yes,No,No,No,Yes,Yes,Month-to-month,No,Mailed check,85.13,2036.89,Yes
CUST-103853,Male,0,Yes,No,13,Yes,Yes,Fiber optic,Yes,No,Yes,No,No,No,Month-to-month,Yes,Bank transfer (automatic),76.16,1004.24,No
CUST-102235,female ,1,No,No,24,Yes,No,No,No internet service,No internet service,No internet service,No internet service,No internet service,No internet service,Month-to-month,No,Electronic check,22.19,550.94,No
CUST-100355,Female,0,Yes,Yes,52,Yes,No,DSL,Yes,No,Yes,No,Yes,No,Month-to-month,Yes,Electronic check,66.59,3443.2,No
CUST-101535,Male,0,No,Yes,4,Yes,No,Fiber optic,No,Yes,Yes,Yes,No,Yes,Month-to-month,No,Credit card (automatic),90.87,374.65,No
CUST-101121,Male,1,Yes,No,42,Yes,Yes,DSL,No,No,No,No,No,No,Two year,No,Electronic check,46.34,2002.57,Yes
CUST-106985,Female,0,Yes,Yes,2,No,No phone service,DSL,No,Yes,No,Yes,Yes,Yes,Month-to-month,Yes,Bank transfer (automatic),62.96,137.4,Yes
CUST-104178,Male,1,Yes,Yes,14,Yes,Yes,No,No internet service,No internet service,No internet service,No internet service,No internet service,No internet service,One year,Yes,Credit card (automatic),27.11,365.78,No
CUST-106486,Female,0,Yes,No,25,No,No phone service,Fiber optic,Yes,No,No,No,Yes,Yes,Month-to-month,Yes,Credit card (automatic),86.12,2159.07,Yes
CUST-106237,Male,0,No,No,21,Yes,No,No,No internet service,No internet service,No internet service,No internet service,No internet service,No internet service,Month-to-month,No,Electronic check,25.74,579.81,Yes
CUST-104491,Male,1,Yes,Yes,54,Yes,No,DSL,Yes,No,No,Yes,Yes,Yes,One year,No,Mailed check,70.42,3810.41,No
CUST-103179,Male,0,Yes,Yes,44,Yes,No,No,No internet service,No internet service,No internet service,No internet service,No internet service,No internet service,Month-to-month,Yes,Electronic check,21.42,933.51,No
CUST-104690,Male,0,Yes,No,35,Yes,Yes,DSL,Yes,No,Yes,No,No,No,Two year,Yes,Bank transfer (automatic),61.36,2162.39,No
CUST-105274,Female,0,Yes,Yes,66,Yes,Yes,No,No internet service,No internet service,No internet service,No internet service,No internet service,No internet service,Month-to-month,Yes,Electronic check,28.91,1904.86,No
CUST-102741,Male,0,Yes,Yes,51,Yes,Yes,No,No internet service,No internet service,No internet service,No internet service,No internet service,No internet service,Month-to-month,Yes,Mailed check,34.89,1779.79,No
CUST-103416,Female,0,Yes,No,63,Yes,No,No,No internet service,No internet service,No internet service,No internet service,No internet service,No internet service,Month-to-month,Yes,Credit card (automatic),22.67,1433.25,No
CUST-101790,Female,0,No,No,40,Yes,Yes,DSL,No,No,No,No,No,No,Month-to-month,Yes,Mailed check,52.14,2095.24,No
CUST-101252,Male,0,No,No,21,Yes,Yes,DSL,No,Yes,Yes,Yes,Yes,Yes,Month-to-month,No,Electronic check,81.87,1736.03,No
CUST-101279,Female,0,No,No,30,Yes,No,Fiber optic,No,Yes,Yes,No,Yes,No,Month-to-month,No,Credit card (automatic),87.4,2608.52,No
CUST-106410,Female,0,Yes,No,27,Yes,No,DSL,No,No,Yes,No,Yes,Yes,One year,Yes,Credit card (automatic),65.03,1771.67,No
CUST-103321,Male,1,No,No,41,Yes,Yes,Fiber optic,No,No,No,Yes,No,No,One year,Yes,Credit card (automatic),77.06,3152.78,Yes
CUST-101125,Female,0,Yes,Yes,50,No,No phone service,DSL,Yes,No,Yes,No,Yes,Yes,Month-to-month,Yes,Bank transfer (automatic),68.42,3447.56,No
CUST-105628,Male,0,Yes,Yes,8,Yes,No,DSL,Yes,Yes,No,No,Yes,No,Month-to-month,Yes,Credit card (automatic),64.61,520.84,No
CUST-101757,Female,0,Yes,Yes,11,No,No phone service,No,No internet service,No internet service,No internet service,No internet service,No internet service,No internet service,One year,No,Electronic check,21.98,230.46,No
CUST-106554,Male,0,No,No,24,Yes,No,DSL,No,No,No,No,Yes,Yes,Month-to-month,No,Electronic check,60.89,1470.22,Yes
CUST-105818,Male,0,Yes,Yes,21,Yes,Yes,Fiber optic,No,Yes,Yes,Yes,Yes,No,Month-to-month,Yes,Mailed check,98.38,2066.43,Yes
CUST-102519,Female,1,Yes,No,62,Yes,Yes,No,No internet service,No internet service,No internet service,No internet service,No internet service,No internet service,Month-to-month,No,Bank transfer (automatic),32.32,1988.84,No
CUST-103460,Male,0,No,No,49,Yes,Yes,Fiber optic,No,No,Yes,No,No,Yes,Month-to-month,No,Mailed check,82.55,4049.11,No
CUST-101216,Female,0,Yes,Yes,32,Yes,Yes,Fiber optic,No,Yes,No,No,No,No,One year,Yes,Bank transfer (automatic),78.58,2549.07,No
CUST-105423,Male,0,No,No,1,Yes,Yes,Fiber optic,No,Yes,No,Yes,No,No,Month-to-month,Yes,Credit card (automatic),79.41,87.63,Yes
CUST-104010,Male,0,No,No,2,Yes,Yes,Fiber optic,Yes,Yes,No,Yes,Yes,No,Month-to-month,Yes,Credit card (automatic),99.06,163.61,No
CUST-103444,Female,0,Yes,No,7,Yes,No,DSL,No,Yes,No,Yes,Yes,Yes,Month-to-month,Yes,Mailed check,68.14,458.09,No
CUST-102742,Female,0,No,No,55,Yes,No,Fiber optic,No,Yes,No,Yes,Yes,Yes,Month-to-month,Yes,Mailed check,93.22,5109.97,No
CUST-103060,Male,0,Yes,No,32,No,No phone service,DSL,No,No,Yes,No,No,Yes,Two year,Yes,Credit card (automatic),52.96,1684.56,No
CUST-104698,Male,0,Yes,Yes,28,No,No phone service,Fiber optic,No,Yes,No,No,No,Yes,Two year,Yes,Mailed check,72.6,2003.08,No
CUST-106065,Male,0,No,No,9,Yes,No,DSL,No,No,Yes,Yes,No,Yes,Two year,Yes,Mailed check,65.65,604.14,No
CUST-102863,Female,0,No,No,61,No,No phone service,Fiber optic,Yes,Yes,No,Yes,Yes,Yes,Month-to-month,No,Bank transfer (automatic),85.64,5213.06,No
CUST-101863,Male,1,No,No,3,Yes,Yes,DSL,No,No,No,No,No,No,Month-to-month,Yes,Bank transfer (automatic),52.18,151.68,Yes
CUST-102931,Female,0,Yes,No,5,Yes,No,Fiber optic,No,Yes,No,Yes,Yes,No,Two year,Yes,Credit card (automatic),83.54,393.3,Yes
CUST-103829,Male,0,Yes,Yes,68,No,No phone service,Fiber optic,No,Yes,No,Yes,Yes,No,One year,No,Electronic check,83.11,5650.39,No
CUST-105676,Female,0,No,No,72,Yes,Yes,Fiber optic,No,No,Yes,Yes,Yes,Yes,Month-to-month,No,Bank transfer (automatic),101.46,7304.05,No
CUST-103612,Female,0,No,Yes,4,Yes,Yes,No,No internet service,No internet service,No internet service,No internet service,No internet service,No internet service,One year,Yes,Electronic check,28.26,125.23,No
CUST-106724,Male,0,No,No,9,Yes,No,No,No internet service,No internet service,No internet service,No internet service,No internet service,No internet service,Month-to-month,Yes,Mailed check,20.65,205.16,No
CUST-104597,Male,0,No,No,2,Yes,No,No,No internet service,No internet service,No internet service,No internet service,No internet service,No internet service,Two year,Yes,Electronic check,22.0,69.21,No
CUST-104364,Female,0,Yes,No,63,Yes,No,Fiber optic,No,No,Yes,Yes,No,Yes,Two year,Yes,Mailed check,81.06,5085.12,No
CUST-104973,Female,0,No,No,58,No,No phone service,Fiber optic,No,Yes,Yes,No,No,Yes,Month-to-month,Yes,Bank transfer (automatic),78.4,4573.68,No
CUST-104781,Female,0,Yes,No,1,Yes,No,Fiber optic,No,No,Yes,No,Yes,Yes,One year,Yes,Bank transfer (automatic),84.0,74.54,No
CUST-100960,Male,0,No,No,48,Yes,No,DSL,No,Yes,Yes,Yes,No,Yes,Month-to-month,No,Mailed check,72.19,3473.78,No
CUST-101390,Male,0,No,No,6,Yes,Yes,Fiber optic,Yes,No,No,No,No,Yes,Month-to-month,Yes,Electronic check,89.72,517.74,Yes
CUST-100060,Female,0,Yes,Yes,1,No,No phone service,No,No internet service,No internet service,No internet service,No internet service,No internet service,No internet service,One year,No,Mailed check,19.04,0.0,No
CUST-100950,Male,1,No,Yes,54,Yes,Yes,Fiber optic,No,No,No,Yes,No,Yes,Month-to-month,No,Electronic check,83.65,4530.6,No
CUST-100080,Female,0,No,No,31,Yes,Yes,Fiber optic,No,No,Yes,No,Yes,No,One year,No,Bank transfer (automatic),90.75,2816.62,No
CUST-101429,Female,0,No,No,49,Yes,No,DSL,No,Yes,Yes,Yes,Yes,Yes,Month-to-month,No,Credit card (automatic),77.79,3815.05,No
CUST-106242,Female,0,No,No,56,Yes,No,No,No internet service,No internet service,No internet service,No internet service,No internet service,No internet service,Month-to-month,Yes,Electronic check,23.82,1333.77,No
CUST-102424,Male,0,No,Yes,50,Yes,No,DSL,No,No,No,Yes,No,No,Month-to-month,Yes,Bank transfer (automatic),46.46,2288.08,No
CUST-103487,Female,0,No,No,30,Yes,Yes,No,No internet service,No internet service,No internet service,No internet service,No internet service,No internet service,Month-to-month,Yes,Mailed check,32.07,914.36,No
CUST-103564,Female,0,Yes,Yes,54,Yes,No,DSL,Yes,No,No,No,Yes,Yes,Month-to-month,Yes,Mailed check,70.68,3798.41,No
CUST-102657,Male,0,Yes,No,31,Yes,No,DSL,No,No,No,No,No,Yes,Month-to-month,No,Mailed check,56.5,1730.92,No
CUST-102050,Male,0,No,No,7,Yes,Yes,DSL,Yes,No,No,Yes,No,No,Month-to-month,Yes,Bank transfer (automatic),63.53,482.49,No
CUST-100934,Male,0,No,No,53,Yes,Yes,Fiber optic,Yes,Yes,Yes,No,Yes,Yes,One year,Yes,Electronic check,97.17,5136.02,Yes
CUST-106215,Female,0,Yes,Yes,14,Yes,Yes,DSL,Yes,No,No,No,No,No,Month-to-month,Yes,Bank transfer (automatic),57.65,848.53,No
CUST-105445,Male,0,Yes,Yes,38,Yes,No,DSL,Yes,No,No,Yes,No,Yes,Month-to-month,Yes,Electronic check,56.07,2143.8,No
CUST-103769,Male,0,No,No,43,Yes,No,Fiber optic,No,Yes,No,Yes,No,Yes,Month-to-month,No,Credit card (automatic),79.33,3384.08,Yes
CUST-100875,Female,0,Yes,Yes,55,No,No phone service,Fiber optic,No,No,No,Yes,No,Yes,Month-to-month,No,Electronic check,72.59,3982.83,Yes
CUST-103265,Female,0,No,No,15,Yes,No,Fiber optic,No,No,Yes,No,Yes,No,Month-to-month,No,Electronic check,79.24,1195.89,No
CUST-104932,Female,1,No,No,7,Yes,No,DSL,Yes,No,Yes,Yes,Yes,Yes,Month-to-month,Yes,Credit card (automatic),74.86,548.85,No
CUST-103333,Female,1,No,No,19,Yes,No,Fiber optic,Yes,No,No,No,Yes,Yes,One year,No,Mailed check,85.82,1646.44,No
CUST-101845,Female,0,Yes,Yes,55,Yes,No,No,No internet service,No internet service,No internet service,No internet service,No internet service,No internet service,Month-to-month,Yes,Mailed check,26.48,1458.58,No
CUST-102928,Male,0,Yes,No,63,Yes,Yes,Fiber optic,Yes,Yes,No,Yes,Yes,Yes,Month-to-month,Yes,Mailed check,99.41,6272.45,No
CUST-101320,Male,0,No,No,22,Yes,Yes,Fiber optic,Yes,Yes,Yes,No,No,Yes,Month-to-month,Yes,Mailed check,92.78,2033.91,Yes
CUST-106659,Male,0,No,No,7,Yes,No,DSL,No,Yes,No,No,No,No,Month-to-month,No,Credit card (automatic),49.6,350.31,No
CUST-105245,Male,0,Yes,Yes,23,Yes,Yes,Fiber optic,No,No,No,Yes,No,Yes,One year,Yes,Bank transfer (automatic),79.01,1790.49,No
CUST-102775,Male,0,No,No,34,Yes,No,No,No internet service,No internet service,No internet service,No internet service,No internet service,No internet service,Month-to-month,No,Credit card (automatic),21.8,728.1,No
CUST-105854,Male,0,No,No,62,Yes,No,DSL,Yes,No,No,Yes,Yes,No,Two year,Yes,Electronic check,55.94,3437.31,No
CUST-103930,Female,0,Yes,No,67,No,No phone service,Fiber optic,No,No,No,No,Yes,No,Month-to-month,Yes,Bank transfer (automatic),64.64,4375.97,Yes
CUST-106878,Female,0,No,No,39,Yes,No,DSL,Yes,No,No,Yes,Yes,No,Month-to-month,No,Bank transfer (automatic),62.25,2459.42,No
CUST-104242,Female,0,No,Yes,47,Yes,No,Fiber optic,No,No,No,No,Yes,Yes,One year,Yes,Electronic check,79.15,3684.02,Yes
CUST-100893,Female,0,Yes,No,36,No,No phone service,No,No internet service,No internet service,No internet service,No internet service,No internet service,No internet service,Month-to-month,No,Mailed check,18.43,660.77,No
CUST-102029,Male,0,Yes,No,19,Yes,No,DSL,Yes,Yes,Yes,No,No,No,Two year,Yes,Electronic check,55.5,1068.0,No
CUST-104807,Female,0,No,Yes,8,Yes,Yes,Fiber optic,No,Yes,Yes,No,Yes,No,Two year,Yes,Electronic check,93.32,755.45,No
CUST-104836,Male,0,No,Yes,5,Yes,No,No,No internet service,No internet service,No internet service,No internet service,No internet service,No internet service,Month-to-month,No,Electronic check,23.8,107.61,No
CUST-102244,Female,0,No,No,71,Yes,Yes,DSL,Yes,No,No,No,No,Yes,Month-to-month,Yes,Electronic check,59.3,4206.48,No
CUST-105813,Female,0,No,No,55,Yes,No,No,No internet service,No internet service,No internet service,No internet service,No internet service,No internet service,Month-to-month,No,Bank transfer (automatic),20.57,1124.63,No
CUST-105728,Male,0,Yes,No,37,Yes,No,Fiber optic,No,No,Yes,Yes,No,Yes,Month-to-month,No,Credit card (automatic),79.7,2979.21,Yes
CUST-103823,Male,1,Yes,Yes,20,No,No phone service,DSL,No,No,Yes,No,No,No,Month-to-month,Yes,Bank transfer (automatic),45.72,908.83,No
CUST-105989,Female,1,Yes,Yes,63,Yes,No,Fiber optic,No,Yes,No,No,No,No,One year,Yes,Credit card (automatic),69.53,4396.37,No
CUST-100067,Male,0,No,No,52,Yes,Yes,DSL,Yes,No,No,No,No,No,Month-to-month,Yes,Electronic check,52.26,2727.6,No
CUST-102492,Female,1,Yes,No,51,Yes,No,DSL,No,Yes,Yes,Yes,No,No,Month-to-month,Yes,Mailed check,66.3,3402.21,No
CUST-106883,Male,0,No,No,11,Yes,Yes,DSL,No,No,Yes,No,Yes,Yes,Two year,Yes,Bank transfer (automatic),72.22,802.26,Yes
CUST-102622,Male,0,Yes,No,48,Yes,No,DSL,No,Yes,No,No,Yes,No,One year,No,Credit card (automatic),59.55,2881.56,No
CUST-105394,Female,0,No,No,8,Yes,Yes,Fiber optic,No,Yes,Yes,Yes,No,No,Month-to-month,No,Mailed check,89.1,724.57,No
CUST-103076,Male,0,Yes,Yes,14,Yes,No,Fiber optic,No,Yes,Yes,Yes,No,Yes,One year,Yes,Bank transfer (automatic),87.61,1228.04,No
CUST-101490,Male,0,No,No,60,Yes,Yes,Fiber optic,No,No,No,No,No,No,Month-to-month,No,Credit card (automatic),72.02,4327.07,Yes
CUST-100945,Male,0,Yes,Yes,50,Yes,No,No,No internet service,No internet service,No internet service,No internet service,No internet service,No internet service,Month-to-month,Yes,Electronic check,22.46,1153.17,No
CUST-102334,Female,0,Yes,No,42,Yes,No,No,No internet service,No internet service,No internet service,No internet service,No internet service,No internet service,Month-to-month,Yes,Electronic check,22.54,953.46,No
CUST-101082,Female,1,Yes,Yes,69,Yes,Yes,DSL,No,Yes,No,Yes,Yes,No,Month-to-month,Yes,Electronic check,66.99,4635.85,Yes
CUST-101077,Male,0,Yes,Yes,49,Yes,Yes,Fiber optic,No,No,No,No,No,No,One year,Yes,Mailed check,72.84,3591.87,No
CUST-100368,Male,0,No,No,7,Yes,No,DSL,No,Yes,No,No,Yes,No,Month-to-month,No,Bank transfer (automatic),57.12,388.4,No
CUST-100470,Female,1,No,No,33,Yes,No,Fiber optic,No,No,No,No,No,No,One year,Yes,Electronic check,64.94,2192.07,No
CUST-103909,Female,0,No,No,12,Yes,Yes,Fiber optic,Yes,Yes,No,Yes,Yes,No,Month-to-month,No,Credit card (automatic),89.36,1096.66,Yes
CUST-106555,Female,0,Yes,Yes,49,Yes,No,Fiber optic,No,No,No,Yes,Yes,No,Two year,No,Bank transfer (automatic),78.69,3848.63,No
CUST-102219,Male,0,Yes,Yes,22,Yes,Yes,Fiber optic,No,No,Yes,No,No,Yes,Month-to-month,No,Mailed check,81.11,1819.31,Yes
CUST-100562,Male,0,Yes,No,68,Yes,No,No,No internet service,No internet service,No internet service,No internet service,No internet service,No internet service,Two year,No,Credit card (automatic),27.61,1915.35,No
CUST-101449,Male,0,Yes,No,11,Yes,No,DSL,No,No,No,No,No,No,Two year,Yes,Bank transfer (automatic),43.49,503.57,No
CUST-101017,Male,0,Yes,No,9,Yes,No,Fiber optic,Yes,No,No,No,No,No,One year,No,Mailed check,63.62,560.35,No
CUST-103310,Female,0,Yes,No,9,Yes,No,DSL,No,No,Yes,No,No,Yes,Month-to-month,Yes,Electronic check,57.97,528.71,No
CUST-101759,Female,0,No,No,5,Yes,No,Fiber optic,No,No,Yes,No,No,No,Month-to-month,Yes,Mailed check,73.19,387.8,No
CUST-106959,Female,0,Yes,No,41,Yes,No,Fiber optic,Yes,No,No,Yes,Yes,No,Month-to-month,Yes,Credit card (automatic),86.26,3576.49,Yes
CUST-100699,Male,0,Yes,Yes,59,Yes,Yes,Fiber optic,No,Yes,No,No,No,Yes,Month-to-month,No,Mailed check,81.05,4834.67,No
CUST-101298,Female,1,Yes,No,14,Yes,Yes,Fiber optic,No,Yes,Yes,Yes,No,Yes,Month-to-month,No,Electronic check,86.24,1196.79,No
CUST-103396,Male,1,Yes,Yes,9,Yes,Yes,Fiber optic,No,No,No,No,No,No,One year,Yes,Mailed check,71.62,669.18,Yes
CUST-101700,Male,0,No,No,59,No,No phone service,DSL,No,No,No,No,No,No,Two year,Yes,Bank transfer (automatic),40.6,2378.61,No
CUST-102701,Female,0,Yes,Yes,31,Yes,No,Fiber optic,Yes,Yes,Yes,No,Yes,Yes,Month-to-month,Yes,Bank transfer (automatic),94.03,2909.4,No
CUST-106438,Male,0,No,No,2,Yes,Yes,Fiber optic,No,Yes,Yes,No,Yes,Yes,Month-to-month,No,Electronic check,92.17,176.62,No
CUST-103780,Male,0,Yes,No,9,Yes,Yes,Fiber optic,Yes,Yes,Yes,No,Yes,No,Two year,No,Credit card (automatic),91.81,842.9,No
CUST-106891,Male,1,Yes,Yes,52,Yes,No,No,No internet service,No internet service,No internet service,No internet service,No internet service,No internet service,Month-to-month,Yes,Bank transfer (automatic),25.03,1280.11,No
CUST-106171,Male,1,No,No,46,Yes,No,No,No internet service,No internet service,No internet service,No internet service,No internet service,No internet service,One year,No,Bank transfer (automatic),20.43,954.72,No
CUST-100978,Male,0,No,Yes,31,Yes,Yes,No,No internet service,No internet service,No internet service,No internet service,No internet service,No internet service,Month-to-month,Yes,Electronic check,27.61,839.67,No
CUST-103196,Male,0,Yes,Yes,13,Yes,No,Fiber optic,No,Yes,No,No,No,No,One year,Yes,Credit card (automatic),74.94,989.98,No
CUST-105173,Male,0,No,No,55,Yes,No,DSL,No,No,No,No,No,Yes,Month-to-month,Yes,Electronic check,51.31,2804.65,No
CUST-104735,Male,0,No,No,53,Yes,Yes,No,No internet service,No internet service,No internet service,No internet service,No internet service,No internet service,Month-to-month,No,Mailed check,22.07,1134.8,No
CUST-102374,Female,0,Yes,Yes,61,No,No phone service,Fiber optic,Yes,Yes,No,Yes,Yes,Yes,Two year,Yes,Mailed check,93.31,5702.94,No
CUST-100100,Female,0,No,No,38,Yes,Yes,Fiber optic,Yes,Yes,No,No,No,Yes,Two year,No,Electronic check,88.78,3391.25,Yes
CUST-103226,Female,0,Yes,Yes,27,Yes,No,No,No internet service,No internet service,No internet service,No internet service,No internet service,No internet service,One year,Yes,Electronic check,23.31,607.38,No
CUST-106016,Male,1,No,No,14,Yes,No,Fiber optic,No,Yes,Yes,Yes,No,Yes,One year,Yes,Electronic check,88.05,1238.94,No
CUST-106563,Male,0,No,Yes,68,Yes,Yes,Fiber optic,No,Yes,No,Yes,Yes,No,Month-to-month,Yes,Bank transfer (automatic),87.5,5953.35,Yes
CUST-101526,Male,0,No,No,58,Yes,Yes,Fiber optic,No,Yes,No,No,No,Yes,Two year,No,Credit card (automatic),79.34,4562.36,No
CUST-101442,Female,0,Yes,Yes,41,Yes,No,Fiber optic,No,No,Yes,Yes,Yes,No,One year,Yes,Mailed check,81.91,3392.43,No
CUST-106570,Female,0,No,No,3,No,No phone service,Fiber optic,No,No,Yes,No,No,No,Month-to-month,Yes,Mailed check,65.68,200.43,No
CUST-104186,Male,0,Yes,No,28,Yes,No,Fiber optic,No,Yes,Yes,No,Yes,Yes,Month-to-month,Yes,Bank transfer (automatic),90.04,2537.37,Yes
CUST-106726,Female,0,Yes,Yes,34,No,No phone service,DSL,Yes,No,No,No,No,No,One year,No,Bank transfer (automatic),41.28,1409.67,No
CUST-104224,Female,1,Yes,Yes,20,Yes,No,Fiber optic,No,No,No,No,No,Yes,Month-to-month,Yes,Electronic check,76.96,1551.74,Yes
CUST-106261,Male,0,No,No,52,Yes,No,No,No internet service,No internet service,No internet service,No internet service,No internet service,No internet service,Month-to-month,No,Credit card (automatic),20.83,1108.85,No
CUST-103557,Male,0,Yes,Yes,56,Yes,No,Fiber optic,No,No,No,Yes,No,No,One year,Yes,Mailed check,70.25,3969.37,No
CUST-106876,Male,0,No,No,69,Yes,Yes,Fiber optic,No,No,Yes,Yes,Yes,Yes,Month-to-month,Yes,Credit card (automatic),97.08,6675.9,No
CUST-102335,Female,0,Yes,No,33,Yes,No,Fiber optic,No,No,No,No,Yes,No,Month-to-month,No,Mailed check,67.26,2201.85,Yes
CUST-105432,Male,0,Yes,No,37,Yes,No,Fiber optic,No,No,No,No,Yes,No,Month-to-month,Yes,Electronic check,71.98,2674.99,No
CUST-100372,Male,0,No,No,4,Yes,Yes,Fiber optic,No,Yes,No,No,Yes,Yes,One year,No,Bank transfer (automatic),94.1,361.86,Yes
CUST-101130,Male,0,No,No,70,Yes,Yes,DSL,Yes,Yes,Yes,No,Yes,Yes,Month-to-month,No,Electronic check,80.25,5608.22,No
CUST-100130,Female,0,Yes,No,51,Yes,No,Fiber optic,Yes,No,Yes,Yes,Yes,No,Month-to-month,Yes,Bank transfer (automatic),89.9,4589.01,No
CUST-103804,Male,0,No,No,70,Yes,Yes,DSL,No,No,Yes,No,Yes,Yes,Month-to-month,Yes,Mailed check,70.89,4991.93,No
CUST-103955,Female,0,Yes,No,12,Yes,Yes,Fiber optic,Yes,No,Yes,Yes,Yes,Yes,Month-to-month,No,Electronic check,102.01,1234.99,No
CUST-100493,Female,0,Yes,Yes,29,Yes,No,DSL,No,No,No,Yes,Yes,Yes,Two year,Yes,Bank transfer (automatic),67.4,1968.5,No
CUST-103818,Female,0,No,No,52,Yes,No,No,No internet service,No internet service,No internet service,No internet service,No internet service,No internet service,Two year,Yes,Credit card (automatic),25.73,1302.24,No
CUST-101698,Male,0,No,No,67,Yes,No,DSL,Yes,No,No,No,No,Yes,Two year,No,Electronic check,56.73,3848.37,No
CUST-102766,Male,0,No,No,31,Yes,No,DSL,No,No,No,Yes,No,Yes,Two year,Yes,Credit card (automatic),59.01,1866.06,No
CUST-106003,Female,0,No,No,68,Yes,No,No,No internet service,No internet service,No internet service,No internet service,No internet service,No internet service,Month-to-month,No,Bank transfer (automatic),19.88,1352.8,No
CUST-105968,Male,0,Yes,No,7,Yes,No,DSL,No,No,No,No,Yes,Yes,Two year,Yes,Electronic check,61.16,415.25,No
CUST-102152,Female,0,Yes,No,12,Yes,No,Fiber optic,No,No,No,Yes,No,Yes,Two year,No,Bank transfer (automatic),80.01,932.46,No
CUST-101071,Male,1,No,No,20,Yes,No,DSL,No,No,No,No,No,No,Month-to-month,Yes,Mailed check,46.84,945.88,No
CUST-105120,Female,1,No,No,67,Yes,Yes,DSL,Yes,No,Yes,No,Yes,No,Month-to-month,No,Bank transfer (automatic),71.59,4776.28,No
CUST-101598,Female,0,No,No,1,Yes,No,Fiber optic,No,Yes,No,Yes,Yes,Yes,Month-to-month,Yes,Credit card (automatic),92.15,107.48,No
CUST-106137,Female,0,No,Yes,18,Yes,No,No,No internet service,No internet service,No internet service,No internet service,No internet service,No internet service,One year,Yes,Electronic check,24.61,454.87,Yes
CUST-102661,Female,0,Yes,Yes,43,Yes,No,No,No internet service,No internet service,No internet service,No internet service,No internet service,No internet service,One year,Yes,Electronic check,18.0,788.04,No
CUST-106627,Female,1,No,No,22,Yes,Yes,No,No internet service,No internet service,No internet service,No internet service,No internet service,No internet service,One year,Yes,Bank transfer (automatic),25.27,549.82,Yes
CUST-106492,Male,0,No,No,44,Yes,Yes,DSL,Yes,Yes,No,Yes,No,No,Two year,Yes,Electronic check,68.42,2987.41,No
CUST-102783,Female,0,Yes,Yes,67,Yes,Yes,DSL,No,Yes,No,No,No,No,Month-to-month,Yes,Credit card (automatic),57.86,3888.63,No
CUST-103173,Male,0,Yes,Yes,8,Yes,Yes,Fiber optic,No,Yes,No,No,No,Yes,Two year,Yes,Electronic check,84.68,663.95,No
CUST-104367,Male,0,Yes,No,13,Yes,Yes,DSL,No,No,No,Yes,No,Yes,Month-to-month,Yes,Mailed check,62.36,811.0,No
CUST-104223,Female,0,No,No,25,Yes,Yes,Fiber optic,Yes,No,No,No,No,Yes,One year,No,Bank transfer (automatic),75.8,1884.23,Yes
CUST-104167,Male,0,No,No,9,Yes,No,Fiber optic,Yes,No,Yes,Yes,Yes,No,One year,Yes,Credit card (automatic),88.72,827.22,Yes
CUST-102246,Female,0,No,No,9,Yes,No,Fiber optic,No,No,Yes,No,Yes,Yes,Month-to-month,No,Credit card (automatic),86.5,766.51,Yes
CUST-105069,Female,0,Yes,Yes,26,Yes,Yes,Fiber optic,No,Yes,No,No,No,Yes,Month-to-month,Yes,Bank transfer (automatic),84.04,2210.17,Yes
CUST-103601,Female,0,Yes,Yes,70,Yes,No,Fiber optic,Yes,Yes,Yes,Yes,No,Yes,Month-to-month,No,Electronic check,94.04,6597.08,No
CUST-102158,Female,0,No,No,1,Yes,Yes,Fiber optic,No,Yes,No,Yes,No,No,Month-to-month,No,Electronic check,78.9,54.24,No
CUST-104283,Male,0,No,No,39,Yes,No,DSL,Yes,Yes,No,No,Yes,Yes,One year,Yes,Credit card (automatic),67.86,2634.19,No
CUST-102885,Male,1,Yes,No,17,Yes,No,Fiber optic,Yes,No,Yes,Yes,No,No,Month-to-month,No,Electronic check,85.37,1433.0,Yes
CUST-103544,Male,1,No,No,31,Yes,Yes,DSL,No,Yes,No,No,No,No,Month-to-month,No,Electronic check,54.35,1671.3,Yes
CUST-100531,Male,0,Yes,No,46,Yes,No,Fiber optic,No,No,No,Yes,Yes,No,Month-to-month,No,Bank transfer (automatic),72.44,3310.96,Yes
CUST-103952,Female,0,Yes,No,11,Yes,Yes,Fiber optic,No,No,Yes,No,Yes,No,Month-to-month,Yes,Electronic check,80.94,879.47,No
CUST-104108,Female,0,No,No,28,Yes,Yes,No,No internet service,No internet service,No internet service,No internet service,No internet service,No internet service,One year,Yes,Bank transfer (automatic),33.45,929.57,No
CUST-105283,Female,0,Yes,Yes,13,Yes,Yes,Fiber optic,Yes,No,Yes,No,No,Yes,Month-to-month,No,Mailed check,84.94,1086.01,Yes
CUST-101740,Male,0,No,No,72,Yes,Yes,Fiber optic,No,Yes,Yes,No,No,Yes,One year,No,Credit card (automatic),86.74,6262.0,No
CUST-106417,Male,0,Yes,Yes,42,Yes,No,Fiber optic,No,No,No,No,No,No,One year,No,Credit card (automatic),61.04,2564.54,No
CUST-103203,Male,0,No,No,60,Yes,Yes,Fiber optic,No,No,No,Yes,Yes,No,Month-to-month,Yes,Bank transfer (automatic),78.7,4696.6,No
CUST-105618,Female,0,No,Yes,41,Yes,Yes,DSL,No,No,No,No,No,Yes,Two year,Yes,Electronic check,60.82,2499.28,No
CUST-104660,Female,0,Yes,Yes,2,Yes,No,No,No internet service,No internet service,No internet service,No internet service,No internet service,No internet service,Two year,No,Bank transfer (automatic),24.0,40.14,No
CUST-103433,Male,0,Yes,No,17,No,No phone service,Fiber optic,No,No,Yes,No,No,Yes,Month-to-month,No,Electronic check,72.68,1202.81,No
CUST-106799,Female,1,Yes,No,30,Yes,Yes,Fiber optic,Yes,No,No,Yes,Yes,No,Month-to-month,Yes,Bank transfer (automatic),87.86,2630.65,Yes
CUST-101675,Female,0,Yes,Yes,42,Yes,No,DSL,Yes,Yes,No,No,Yes,No,One year,Yes,Mailed check,63.54,2676.65,No
CUST-102460,Male,0,Yes,No,0,Yes,Yes,Fiber optic,No,No,Yes,Yes,No,Yes,One year,Yes,Mailed check,86.34,86.34,No
CUST-103031,Male,1,Yes,Yes,61,Yes,Yes,DSL,No,Yes,Yes,No,No,No,One year,Yes,Electronic check,57.69,3524.24,No
CUST-102985,Female,1,No,No,55,Yes,Yes,No,No internet service,No internet service,No internet service,No internet service,No internet service,No internet service,One year,Yes,Bank transfer (automatic),24.78,,No
CUST-105159,Female,0,No,No,41,Yes,No,DSL,Yes,Yes,Yes,No,Yes,Yes,One year,Yes,Electronic check,80.37,3299.63,Yes
CUST-105821,Female,0,No,No,18,Yes,Yes,DSL,Yes,No,Yes,Yes,Yes,Yes,Month-to-month,Yes,Electronic check,81.19,1460.33,No
CUST-104885,Male,0,No,No,53,Yes,No,No,No internet service,No internet service,No internet service,No internet service,No internet service,No internet service,One year,Yes,Credit card (automatic),21.82,1145.26,No
CUST-106677,Male,0,No,No,4,Yes,Yes,Fiber optic,No,No,Yes,No,Yes,No,Month-to-month,Yes,Credit card (automatic),77.89,283.3,No
CUST-101402,Male,0,Yes,Yes,27,Yes,No,No,No internet service,No internet service,No internet service,No internet service,No internet service,No internet service,Month-to-month,No,Mailed check,25.07,680.61,No
CUST-104648,Male,0,Yes,Yes,47,Yes,Yes,Fiber optic,Yes,Yes,Yes,No,No,No,One year,Yes,Electronic check,85.33,4036.46,No
CUST-102759,Male,0,No,No,64,No,No phone service,DSL,Yes,Yes,Yes,No,No,No,One year,Yes,Electronic check,53.16,3418.93,Yes
CUST-104133,Female,0,No,No,12,Yes,No,DSL,Yes,No,Yes,No,Yes,Yes,One year,Yes,Credit card (automatic),71.0,857.29,Yes
CUST-103480,Female,1,No,No,33,Yes,Yes,No,No internet service,No internet service,No internet service,No internet service,No internet service,No internet service,One year,No,Bank transfer (automatic),28.75,947.98,No
CUST-102425,Female,0,Yes,No,14,No,No phone service,Fiber optic,Yes,Yes,Yes,No,No,No,Month-to-month,No,Bank transfer (automatic),74.51,1048.37,No
CUST-102780,Male,0,Yes,Yes,62,Yes,No,DSL,No,No,No,No,Yes,Yes,Month-to-month,Yes,Bank transfer (automatic),62.9,3933.88,No
CUST-100228,Female,0,No,No,54,Yes,No,DSL,No,Yes,Yes,No,No,No,Two year,Yes,Bank transfer (automatic),55.73,2985.11,No
CUST-106613,Male,1,No,No,57,Yes,Yes,Fiber optic,No,No,Yes,Yes,No,No,Month-to-month,No,Credit card (automatic),77.93,4438.27,Yes
CUST-102820,Female,0,Yes,Yes,51,Yes,Yes,Fiber optic,No,No,No,Yes,No,Yes,Two year,Yes,Mailed check,88.51,4491.34,No
CUST-100742,Female,0,No,No,55,Yes,No,Fiber optic,No,Yes,No,Yes,Yes,Yes,One year,Yes,Credit card (automatic),88.5,4872.89,Yes
CUST-105402,Female,0,No,No,39,Yes,No,Fiber optic,Yes,Yes,Yes,No,Yes,Yes,Month-to-month,Yes,Bank transfer (automatic),100.83,3954.78,Yes
CUST-105648,Female,0,Yes,No,55,No,No phone service,Fiber optic,No,No,Yes,No,No,Yes,Month-to-month,No,Electronic check,71.4,3927.12,No
CUST-102718,Female,0,No,No,53,Yes,No,No,No internet service,No internet service,No internet service,No internet service,No internet service,No internet service,One year,No,Credit card (automatic),21.12,1115.9,No
CUST-106576,Male,0,Yes,No,67,Yes,No,Fiber optic,No,Yes,No,Yes,No,No,Month-to-month,No,Mailed check,77.09,5193.71,No
CUST-102956,Male,0,Yes,No,23,Yes,No,DSL,No,No,No,No,Yes,No,Two year,Yes,Mailed check,52.66,1187.93,No
CUST-102933,Male,1,No,No,30,Yes,Yes,No,No internet service,No internet service,No internet service,No internet service,No internet service,No internet service,Month-to-month,No,Electronic check,25.23,712.43,No
CUST-101506,Female,0,Yes,No,35,Yes,Yes,Fiber optic,Yes,No,Yes,Yes,Yes,No,Month-to-month,Yes,Bank transfer (automatic),93.73,3273.61,Yes
CUST-104643,Male,0,Yes,Yes,65,Yes,No,DSL,No,Yes,Yes,No,Yes,No,Two year,Yes,Electronic check,64.02,4158.9,No
CUST-101136,Female,0,No,No,23,Yes,No,No,No internet service,No internet service,No internet service,No internet service,No internet service,No internet service,Month-to-month,No,Credit card (automatic),27.62,666.95,No
CUST-104573,Female,0,No,Yes,42,Yes,No,Fiber optic,No,Yes,Yes,Yes,Yes,Yes,Month-to-month,No,Electronic check,94.9,3969.69,No
CUST-104087,Female,1,Yes,Yes,54,Yes,Yes,DSL,Yes,No,No,Yes,Yes,No,One year,Yes,Credit card (automatic),69.5,3761.36,No
CUST-100152,Female,0,No,Yes,26,Yes,No,Fiber optic,Yes,No,Yes,Yes,No,No,Two year,No,Bank transfer (automatic),79.25,2029.02,No
CUST-103027,Female,0,Yes,Yes,29,No,No phone service,Fiber optic,No,Yes,No,Yes,No,No,Two year,Yes,Credit card (automatic),67.45,1936.49,No
CUST-100838,Male,0,No,No,19,Yes,No,DSL,No,No,No,No,No,Yes,Two year,Yes,Mailed check,52.76,978.84,No
CUST-102652,Female,0,Yes,No,5,Yes,No,No,No internet service,No internet service,No internet service,No internet service,No internet service,No internet service,One year,Yes,Electronic check,32.68,163.75,Yes
CUST-101074,Male,1,No,No,37,Yes,No,DSL,Yes,Yes,No,Yes,No,No,Month-to-month,Yes,Electronic check,58.77,2193.63,No
CUST-102523,Male,1,Yes,Yes,28,Yes,No,DSL,No,No,Yes,Yes,Yes,Yes,One year,No,Electronic check,70.04,1967.61,No
CUST-102163,Female,0,No,No,37,No,No phone service,Fiber optic,Yes,Yes,No,No,Yes,Yes,One year,Yes,Bank transfer (automatic),83.91,3102.49,No
CUST-106785,Female,0,Yes,Yes,25,Yes,Yes,Fiber optic,Yes,Yes,Yes,No,No,No,Month-to-month,Yes,Electronic check,90.37,2270.18,No
CUST-100134,Female,0,No,No,39,Yes,No,Fiber optic,Yes,Yes,No,Yes,No,No,Month-to-month,Yes,Bank transfer (automatic),81.88,3166.35,No
CUST-102992,Male,1,No,No,1,Yes,Yes,Fiber optic,No,Yes,No,Yes,Yes,No,Two year,Yes,Bank transfer (automatic),91.96,97.84,No
CUST-104846,Female,0,Yes,No,17,Yes,No,Fiber optic,No,Yes,Yes,No,No,No,Two year,Yes,Electronic check,70.64,1195.97,No
CUST-105145,Female,0,Yes,No,23,No,No phone service,Fiber optic,No,No,No,Yes,No,No,Month-to-month,Yes,Mailed check,67.3,1525.33,Yes
CUST-104987,Female,0,No,No,51,No,No phone service,Fiber optic,Yes,No,No,Yes,No,Yes,Month-to-month,No,Electronic check,80.16,4108.92,No
CUST-104147,Female,0,No,No,42,Yes,No,Fiber optic,Yes,Yes,Yes,No,No,No,One year,No,Bank transfer (automatic),79.28,3343.2,Yes
CUST-105070,Female,0,Yes,Yes,2,Yes,No,DSL,No,No,Yes,No,No,Yes,One year,Yes,Mailed check,58.07,108.68,No
CUST-106109,Female,0,No,Yes,33,Yes,Yes,DSL,Yes,Yes,No,No,Yes,No,Month-to-month,No,Electronic check,66.44,2180.91,No
CUST-106357,Male,0,No,No,0,Yes,No,DSL,No,No,Yes,No,No,Yes,Month-to-month,No,Mailed check,60.67,60.67,No
CUST-102463,Female,0,No,No,37,Yes,Yes,No,No internet service,No internet service,No internet service,No internet service,No internet service,No internet service,Two year,No,Credit card (automatic),24.5,882.12,Yes
CUST-102170,Male,0,Yes,Yes,49,Yes,No,DSL,No,No,Yes,Yes,Yes,No,One year,No,Bank transfer (automatic),60.9,2990.81,No
CUST-103649,Female,0,No,No,27,Yes,No,Fiber optic,Yes,No,No,Yes,Yes,Yes,Two year,Yes,Electronic check,93.76,2501.82,No
CUST-102887,Male,0,No,No,30,Yes,Yes,Fiber optic,Yes,No,Yes,Yes,Yes,No,Month-to-month,Yes,Mailed check,90.27,2728.23,No
CUST-106532,Male,0,No,No,57,Yes,No,DSL,No,No,Yes,Yes,Yes,No,Month-to-month,No,Bank transfer (automatic),56.45,3237.97,No
CUST-100713,Female,0,Yes,Yes,6,No,No phone service,Fiber optic,Yes,No,Yes,No,Yes,No,Month-to-month,No,Credit card (automatic),83.14,485.11,Yes
CUST-104461,Male,0,Yes,No,12,Yes,No,DSL,No,Yes,Yes,No,No,Yes,Month-to-month,No,Electronic check,57.51,712.34,No
CUST-101489,Female,0,No,No,50,Yes,Yes,Fiber optic,Yes,Yes,Yes,No,Yes,Yes,Two year,Yes,Credit card (automatic),99.99,4980.38,Yes
CUST-100195,Male,0,Yes,No,60,Yes,Yes,Fiber optic,Yes,Yes,Yes,Yes,No,No,Two year,Yes,Mailed check,87.95,5262.03,No
CUST-104537,Female,0,Yes,No,15,Yes,No,Fiber optic,No,Yes,Yes,Yes,Yes,Yes,Month-to-month,Yes,Credit card (automatic),95.48,1422.47,No
CUST-102450,Female,0,Yes,No,20,Yes,No,Fiber optic,Yes,Yes,Yes,Yes,Yes,No,Month-to-month,No,Credit card (automatic),90.87,1824.46,No
CUST-102817,Female,0,Yes,No,20,Yes,No,Fiber optic,No,Yes,Yes,No,Yes,Yes,Month-to-month,No,Bank transfer (automatic),91.21,1855.19,Yes
CUST-104005,Female,0,No,No,35,Yes,Yes,No,No internet service,No internet service,No internet service,No internet service,No internet service,No internet service,Month-to-month,Yes,Mailed check,27.66,968.36,No
CUST-103398,Male,0,Yes,No,40,Yes,No,Fiber optic,No,No,No,Yes,No,Yes,Two year,Yes,Mailed check,80.32,3233.2,No
CUST-102141,Female,0,No,No,28,Yes,Yes,Fiber optic,Yes,No,Yes,Yes,Yes,Yes,Month-to-month,No,Credit card (automatic),98.85, ,Yes
CUST-105129,Female,1,Yes,Yes,12,Yes,No,Fiber optic,No,Yes,No,No,Yes,No,Month-to-month,Yes,Electronic check,82.66,956.99,No
CUST-100904,Male,0,No,No,13,Yes,Yes,DSL,Yes,No,Yes,No,Yes,No,One year,No,Electronic check,64.48,819.94,No
CUST-101644,Male,0,Yes,No,53,Yes,No,DSL,No,Yes,Yes,Yes,No,Yes,One year,No,Electronic check,71.67,3820.67,No
CUST-105374,Female,0,No,No,53,Yes,No,Fiber optic,Yes,No,No,No,Yes,No,One year,Yes,Credit card (automatic),80.86,4313.12,Yes
CUST-101614,Male,0,No,No,16,Yes,Yes,Fiber optic,Yes,No,No,Yes,Yes,Yes,Two year,No,Electronic check,92.23,1491.1,No
CUST-102510,Male,0,Yes,Yes,33,Yes,No,DSL,Yes,Yes,Yes,Yes,No,No,Two year,Yes,Electronic check,62.13,2062.42,No
CUST-101365,Male,0,No,No,48,No,No phone service,No,No internet service,No internet service,No internet service,No internet service,No internet service,No internet service,Month-to-month,Yes,Bank transfer (automatic),18.0,835.59,No
CUST-104985,Male,0,No,No,44,No,No phone service,Fiber optic,No,No,Yes,No,Yes,No,Two year,Yes,Electronic check,75.04,3282.53,Yes
CUST-102494,Male,0,No,No,1,Yes,No,Fiber optic,No,No,Yes,No,Yes,Yes,Month-to-month,No,Electronic check,86.23,97.95,Yes
CUST-105382,Male,0,Yes,Yes,44,Yes,No,DSL,Yes,Yes,No,No,Yes,No,Month-to-month,Yes,Electronic check,61.52,2680.07,No
CUST-103986,Male,0,Yes,No,42,Yes,Yes,No,No internet service,No internet service,No internet service,No internet service,No internet service,No internet service,Two year,No,Mailed check,26.97,1110.33,No
CUST-103475,Male,0,No,No,43,Yes,No,Fiber optic,Yes,No,Yes,Yes,Yes,Yes,Month-to-month,Yes,Electronic check,89.4,3831.76,No
CUST-103125,Female,1,No,No,24,No,No phone service,DSL,No,Yes,No,No,Yes,No,Two year,Yes,Mailed check,56.01,1353.3,No
CUST-106914,Male,0,No,No,48,Yes,Yes,Fiber optic,No,No,Yes,Yes,Yes,No,Two year,No,Bank transfer (automatic),88.31,4237.76,No
CUST-102386,Female,0,Yes,Yes,32,Yes,No,DSL,No,No,No,No,Yes,Yes,Two year,Yes,Electronic check,58.05,1838.27,No
CUST-102220,Female,0,Yes,Yes,19,Yes,No,Fiber optic,No,No,Yes,Yes,Yes,Yes,Month-to-month,Yes,Electronic check,88.97,1722.8,Yes
CUST-102735,Male,0,Yes,No,2,Yes,No,No,No internet service,No internet service,No internet service,No internet service,No internet service,No internet service,Two year,No,Bank transfer (automatic),25.36,25.13,No
CUST-105584,Male,0,No,No,23,Yes,No,Fiber optic,Yes,Yes,Yes,No,No,No,Month-to-month,Yes,Mailed check,83.62,1896.24,No
CUST-102748,Male,0,No,Yes,53,Yes,No,DSL,Yes,No,Yes,Yes,No,Yes,Two year,Yes,Mailed check,69.37,3652.21,No
CUST-100377,Female,1,No,No,52,Yes,No,Fiber optic,No,Yes,No,No,Yes,Yes,Month-to-month,Yes,Credit card (automatic),84.16,4378.24,Yes
CUST-100474,Female,0,No,No,57,Yes,Yes,Fiber optic,Yes,Yes,No,No,No,No,Month-to-month,No,Mailed check,83.22,4768.43,No
CUST-106106,Male,0,No,No,30,Yes,No,Fiber optic,No,No,Yes,No,Yes,No,One year,Yes,Electronic check,73.3,2201.42,Yes
CUST-101417,Male,0,No,No,14,Yes,Yes,No,No internet service,No internet service,No internet service,No internet service,No internet service,No internet service,One year,Yes,Electronic check,29.28,422.9,No
CUST-100397,Male,0,No,No,17,Yes,No,Fiber optic,No,No,Yes,No,No,Yes,Month-to-month,No,Bank transfer (automatic),77.17,1318.68,Yes
CUST-105318,Female,0,Yes,No,30,No,No phone service,DSL,No,No,No,No,No,No,Two year,Yes,Mailed check,45.37,1352.67,No
CUST-103404,Male,0,Yes,Yes,12,Yes,No,Fiber optic,No,No,No,Yes,No,No,One year,Yes,Bank transfer (automatic),70.87,,No
CUST-106529,Male,0,No,No,24,Yes,No,No,No internet service,No internet service,No internet service,No internet service,No internet service,No internet service,Month-to-month,Yes,Mailed check,21.14,512.61,No
CUST-100369,Female,0,No,No,25,Yes,No,Fiber optic,No,No,Yes,No,Yes,Yes,Two year,Yes,Electronic check,87.93,2195.98,Yes
CUST-106202,Male,1,Yes,No,65,Yes,Yes,No,No internet service,No internet service,No internet service,No internet service,No internet service,No internet service,Month-to-month,No,Electronic check,26.02,1711.62,Yes
CUST-103110,Female,0,No,No,5,Yes,Yes,Fiber optic,Yes,No,Yes,Yes,Yes,Yes,Month-to-month,No,Bank transfer (automatic),101.75,486.2,Yes
CUST-100188,Male,0,No,No,30,Yes,No,DSL,Yes,Yes,No,No,No,No,Month-to-month,Yes,Mailed check,57.56,1739.99,No
CUST-106512,Male,0,No,Yes,47,Yes,No,DSL,No,Yes,No,Yes,Yes,No,Two year,No,Bank transfer (automatic),59.96,2818.37,No
CUST-100063,Female,0,Yes,No,7,Yes,No,No,No internet service,No internet service,No internet service,No internet service,No internet service,No internet service,Two year,No,Mailed check,26.48,203.63,No
CUST-105345,Male,0,Yes,No,0,Yes,No,DSL,No,No,No,Yes,No,No,Month-to-month,Yes,Electronic check,48.02,48.02,No
CUST-104738,Male,0,No,No,20,No,No phone service,DSL,No,No,Yes,No,Yes,Yes,Month-to-month,No,Credit card (automatic),57.95,1141.73,Yes
CUST-103464,Male,0,No,Yes,16,Yes,No,No,No internet service,No internet service,No internet service,No internet service,No internet service,No internet service,Month-to-month,Yes,Credit card (automatic),23.75,399.59,No
CUST-103897,Male,0,Yes,Yes,8,Yes,No,DSL,Yes,Yes,Yes,Yes,Yes,No,Two year,No,Mailed check,75.77,613.92,Yes
CUST-102094,Male,0,No,No,27,Yes,No,Fiber optic,Yes,No,Yes,No,No,No,Month-to-month,Yes,Bank transfer (automatic),72.4,1922.37,Yes
CUST-106154,Male,1,Yes,No,17,Yes,No,No,No internet service,No internet service,No internet service,No internet service,No internet service,No internet service,Month-to-month,No,Credit card (automatic),26.1,468.11,No
CUST-100716,Female,0,No,No,61,Yes,Yes,Fiber optic,Yes,Yes,Yes,No,No,No,Two year,No,Electronic check,87.74,5318.32,No
CUST-102267,Female,0,Yes,Yes,48,Yes,Yes,Fiber optic,No,No,Yes,No,Yes,Yes,Month-to-month,No,Credit card (automatic),91.19,4391.91,No
CUST-103600,Male,0,Yes,Yes,35,Yes,No,Fiber optic,Yes,Yes,No,No,Yes,Yes,Month-to-month,Yes,Mailed check,94.04,3326.41,No
CUST-100328,Male,1,No,No,26,No,No phone service,Fiber optic,Yes,No,No,No,No,Yes,Month-to-month,No,Electronic check,68.36,1746.34,No
CUST-103168,Female,0,No,No,70,Yes,Yes,DSL,Yes,No,No,No,Yes,Yes,Month-to-month,Yes,Electronic check,71.61,5032.16,No
CUST-102021,Female,0,No,No,58,Yes,No,Fiber optic,No,No,No,Yes,No,No,Month-to-month,Yes,Credit card (automatic),68.55,3977.94,No
CUST-100172,Female,0,Yes,Yes,21,Yes,No,Fiber optic,No,No,Yes,Yes,Yes,Yes,Two year,Yes,Credit card (automatic),91.11,1899.91,No
CUST-101554,Male,0,No,No,12,Yes,No,Fiber optic,No,No,Yes,No,Yes,No,Month-to-month,Yes,Electronic check,83.23,1030.14,Yes
CUST-103228,Female,0,Yes,No,51,No,No phone service,Fiber optic,No,Yes,Yes,Yes,Yes,No,One year,Yes,Credit card (automatic),80.9,4138.29,No
CUST-102086,Female,0,Yes,Yes,1,Yes,Yes,No,No internet service,No internet service,No internet service,No internet service,No internet service,No internet service,One year,Yes,Electronic check,27.75,7.11,No
CUST-104551,Male,0,No,No,18,Yes,No,Fiber optic,No,Yes,Yes,Yes,Yes,Yes,One year,Yes,Electronic check,97.72,1746.84,No
CUST-103787,Male,0,Yes,Yes,30,Yes,No,Fiber optic,No,No,No,No,Yes,Yes,Month-to-month,Yes,Bank transfer (automatic),76.09,2291.37,Yes
CUST-104285,Female,1,Yes,No,58,Yes,No,DSL,No,No,Yes,Yes,No,No,One year,Yes,Electronic check,54.89,3135.66,No
CUST-100701,Female,0,Yes,Yes,7,Yes,No,Fiber optic,Yes,No,No,Yes,No,No,Two year,Yes,Electronic check,74.35,515.68,No
CUST-101090,Female,0,Yes,Yes,26,Yes,No,Fiber optic,No,Yes,Yes,No,Yes,No,Month-to-month,Yes,Mailed check,87.93,2277.21,Yes
CUST-102069,Male,1,Yes,No,6,Yes,No,Fiber optic,Yes,Yes,Yes,Yes,Yes,Yes,One year,No,Electronic check,105.46,642.53,No
CUST-106259,Female,0,No,No,17,Yes,No,No,No internet service,No internet service,No internet service,No internet service,No internet service,No internet service,Month-to-month,No,Bank transfer (automatic),22.61,386.04,No
CUST-105550,Female,0,No,No,49,Yes,Yes,DSL,No,Yes,Yes,Yes,No,Yes,One year,Yes,Mailed check,70.58,3459.72,No
CUST-101238,Male,0,Yes,Yes,3,Yes,No,No,No internet service,No internet service,No internet service,No internet service,No internet service,No internet service,Month-to-month,No,Mailed check,29.72,106.35,No
CUST-104661,Female,0,Yes,No,70,Yes,No,DSL,Yes,No,Yes,Yes,Yes,No,Two year,No,Mailed check,69.02,4812.42,No
CUST-103070,Male,0,Yes,Yes,20,No,No phone service,No,No internet service,No internet service,No internet service,No internet service,No internet service,No internet service,One year,Yes,Credit card (automatic),18.0,354.13,No
CUST-105397,Male,0,Yes,Yes,44,Yes,No,Fiber optic,No,No,No,Yes,No,No,Month-to-month,Yes,Credit card (automatic),69.23,3070.16,Yes
CUST-105316,Female,1,No,No,16,Yes,No,Fiber optic,No,No,Yes,No,No,Yes,Month-to-month,Yes,Mailed check,76.56,1215.2,Yes
CUST-105729,Male,0,No,No,35,Yes,Yes,Fiber optic,Yes,No,No,Yes,Yes,No,One year,No,Mailed check,91.06,3197.17,Yes
CUST-102553,Male,0,Yes,Yes,56,Yes,No,No,No internet service,No internet service,No internet service,No internet service,No internet service,No internet service,Two year,Yes,Electronic check,25.68,1461.71,No
CUST-103377,Female,0,Yes,No,11,Yes,No,DSL,No,No,No,No,Yes,No,Month-to-month,Yes,Credit card (automatic),53.72,571.77,No
CUST-104420,Female,0,Yes,Yes,19,Yes,No,Fiber optic,Yes,Yes,Yes,No,No,No,Month-to-month,No,Credit card (automatic),88.41,1708.28,No
CUST-105272,Male,0,No,No,9,Yes,No,Fiber optic,No,No,No,Yes,Yes,Yes,One year,Yes,Mailed check,90.8,816.33,No
CUST-100243,Female,0,No,No,4,Yes,Yes,Fiber optic,No,No,Yes,No,Yes,Yes,Month-to-month,Yes,Electronic check,90.09,386.46,Yes
CUST-105953,Female,0,Yes,No,58,Yes,No,No,No internet service,No internet service,No internet service,No internet service,No internet service,No internet service,Two year,Yes,Credit card (automatic),23.99,1382.12,No
CUST-106146,Female,0,No,No,50,Yes,Yes,DSL,No,Yes,No,Yes,Yes,Yes,Month-to-month,No,Electronic check,68.64,3422.14,No
CUST-103734,Male,0,Yes,Yes,36,No,No phone service,No,No internet service,No internet service,No internet service,No internet service,No internet service,No internet service,Month-to-month,No,Credit card (automatic),20.09,747.11,No
CUST-103743,Male,0,Yes,Yes,26,Yes,No,Fiber optic,Yes,Yes,No,No,No,No,Month-to-month,No,Bank transfer (automatic),76.69,2001.35,No
CUST-100160,Female,0,Yes,Yes,61,Yes,Yes,DSL,Yes,Yes,Yes,No,Yes,Yes,Month-to-month,Yes,Electronic check,81.2,4965.63,No
CUST-103256,Male,0,No,No,37,Yes,No,DSL,No,No,Yes,Yes,Yes,No,Month-to-month,Yes,Mailed check,60.32,2217.12,No
CUST-101435,Male,0,No,No,36,Yes,Yes,Fiber optic,Yes,No,No,Yes,No,Yes,Month-to-month,Yes,Credit card (automatic),84.95,3044.25,Yes
CUST-104626,Male,0,No,No,64,Yes,Yes,DSL,No,No,Yes,Yes,No,No,Month-to-month,No,Bank transfer (automatic),61.06,3922.13,No
CUST-102736,Female,0,Yes,Yes,35,Yes,Yes,DSL,No,Yes,No,No,No,Yes,Two year,Yes,Bank transfer (automatic),63.95,2226.4,No
CUST-104668,Female,0,Yes,No,51,No,No phone service,Fiber optic,Yes,No,Yes,No,Yes,No,Month-to-month,No,Credit card (automatic),78.03,3962.68,No
CUST-103727,Female,0,Yes,Yes,2,Yes,Yes,Fiber optic,No,Yes,Yes,No,No,No,Month-to-month,Yes,Bank transfer (automatic),80.17,179.99,Yes
CUST-100039,Female,0,No,No,43,Yes,No,Fiber optic,No,Yes,Yes,No,Yes,Yes,Month-to-month,No,Electronic check,87.77,3760.01,Yes
CUST-103135,Male,0,Yes,No,10,No,No phone service,No,No internet service,No internet service,No internet service,No internet service,No internet service,No internet service,Month-to-month,Yes,Mailed check,18.0,176.89,No
CUST-100449,Male,0,Yes,No,38,Yes,No,Fiber optic,No,Yes,No,No,No,No,One year,Yes,Electronic check,66.97,2524.43,No
CUST-104830,Male,0,No,No,28,Yes,Yes,No,No internet service,No internet service,No internet service,No internet service,No internet service,No internet service,Month-to-month,Yes,Credit card (automatic),32.57,909.84,No
CUST-104818,Female,0,Yes,Yes,67,Yes,Yes,Fiber optic,No,Yes,Yes,No,Yes,Yes,One year,No,Electronic check,93.8,6303.58,No
CUST-103847,Male,0,No,No,69,Yes,Yes,Fiber optic,No,No,Yes,Yes,No,Yes,Month-to-month,Yes,Bank transfer (automatic),87.35,6021.87,No
CUST-103177,Male,1,Yes,No,69,Yes,Yes,Fiber optic,Yes,No,No,No,No,No,Month-to-month,No,Electronic check,76.3,5270.48,No
CUST-102057,Female,0,Yes,No,4,Yes,Yes,Fiber optic,No,No,No,No,Yes,No,Two year,No,Bank transfer (automatic),74.53,259.91,Yes
CUST-106297,Female,0,Yes,No,65,Yes,Yes,Fiber optic,Yes,No,No,No,Yes,Yes,Two year,No,Electronic check,96.35,6260.13,No
CUST-101883,Female,0,Yes,No,54,Yes,No,Fiber optic,Yes,No,Yes,No,Yes,No,Month-to-month,Yes,Electronic check,80.33,4365.03,Yes
CUST-100361,Female,0,No,No,71,Yes,No,Fiber optic,No,No,No,Yes,No,Yes,Month-to-month,Yes,Bank transfer (automatic),85.03,6022.71,No
CUST-104474,Female,0,Yes,No,16,Yes,Yes,No,No internet service,No internet service,No internet service,No internet service,No internet service,No internet service,Month-to-month,No,Electronic check,22.75,327.55,No
CUST-106725,Female,0,Yes,No,3,Yes,No,Fiber optic,Yes,Yes,Yes,No,No,Yes,Month-to-month,Yes,Electronic check,83.04,218.58,Yes
CUST-104613,Female,0,No,Yes,21,Yes,Yes,No,No internet service,No internet service,No internet service,No internet service,No internet service,No internet service,Month-to-month,No,Mailed check,26.14,543.99,No
CUST-101109,Male,1,Yes,No,1,Yes,Yes,DSL,No,Yes,No,Yes,No,No,Two year,Yes,Credit card (automatic),63.35,69.46,No
CUST-105369,Male,0,No,No,38,Yes,No,No,No internet service,No internet service,No internet service,No internet service,No internet service,No internet service,Two year,No,Bank transfer (automatic),23.33,876.94,No
CUST-103120,Female,0,No,No,39,Yes,No,DSL,No,No,No,No,No,Yes,Two year,No,Electronic check,53.55,2114.18,No
CUST-102831,Female,1,Yes,Yes,43,Yes,Yes,Fiber optic,No,No,No,No,Yes,Yes,Two year,Yes,Credit card (automatic),85.01,3640.5,No
CUST-102850,Male,0,No,No,21,Yes,No,Fiber optic,No,Yes,No,Yes,No,Yes,Two year,No,Bank transfer (automatic),82.68,1747.8,No
CUST-100163,Male,0,No,Yes,31,Yes,No,DSL,Yes,No,Yes,No,Yes,Yes,Month-to-month,Yes,Bank transfer (automatic),69.76,2157.23,No
CUST-105900,Female,0,No,No,16,No,No phone service,No,No internet service,No internet service,No internet service,No internet service,No internet service,No internet service,Two year,Yes,Bank transfer (automatic),18.03,293.27,No
CUST-100444,Female,0,No,No,18,Yes,No,DSL,No,No,Yes,Yes,Yes,No,Month-to-month,No,Credit card (automatic),60.86,1083.14,Yes
CUST-100640,Female,0,Yes,No,0,Yes,No,Fiber optic,Yes,No,No,Yes,Yes,Yes,Two year,No,Credit card (automatic),94.32,94.32,No
CUST-102416,Female,0,No,No,50,Yes,No,No,No internet service,No internet service,No internet service,No internet service,No internet service,No internet service,Month-to-month,No,Electronic check,26.69,1364.68,No
CUST-103216,Male,0,No,No,71,Yes,No,Fiber optic,Yes,Yes,No,No,No,No,Month-to-month,No,Credit card (automatic),75.78,5382.71,Yes
CUST-102457,Female,0,Yes,Yes,26,Yes,No,Fiber optic,No,Yes,No,Yes,No,No,Month-to-month,No,Electronic check,71.22,1852.52,No
CUST-101208,Male,0,Yes,No,6,Yes,No,No,No internet service,No internet service,No internet service,No internet service,No internet service,No internet service,Month-to-month,Yes,Electronic check,18.91,89.3,No
CUST-100459,Male,0,No,Yes,16,No,No phone service,No,No internet service,No internet service,No internet service,No internet service,No internet service,No internet service,Two year,No,Credit card (automatic),18.61,287.95,No
CUST-106258,Female,0,Yes,Yes,34,Yes,Yes,DSL,Yes,No,No,Yes,No,Yes,Two year,No,Electronic check,66.48,2255.99,No
CUST-103448,Female,0,No,No,36,Yes,No,DSL,No,Yes,Yes,Yes,Yes,Yes,Month-to-month,Yes,Bank transfer (automatic),70.96,2565.24,No
CUST-102352,Female,0,Yes,Yes,33,Yes,No,Fiber optic,No,Yes,No,No,No,Yes,One year,No,Credit card (automatic),82.06,2694.22,No
CUST-102413,Female,0,No,No,11,Yes,Yes,DSL,Yes,No,Yes,Yes,Yes,No,One year,Yes,Credit card (automatic),67.32,737.11,No
CUST-101153,Female,0,No,No,54,Yes,No,Fiber optic,No,No,Yes,Yes,No,No,Month-to-month,No,Bank transfer (automatic),68.54,3700.19,Yes
CUST-101537,Male,0,No,No,3,Yes,Yes,No,No internet service,No internet service,No internet service,No internet service,No internet service,No internet service,Month-to-month,Yes,Mailed check,27.93,45.27,No
CUST-106827,Male,0,No,No,57,Yes,No,No,No internet service,No internet service,No internet service,No internet service,No internet service,No internet service,Month-to-month,Yes,Mailed check,22.93,1330.97,No
CUST-106737,Male,0,No,No,28,Yes,No,DSL,No,No,No,Yes,No,Yes,Two year,No,Credit card (automatic),59.54,1700.59,No
CUST-100587,Male,0,No,No,26,Yes,No,Fiber optic,Yes,Yes,Yes,Yes,No,No,One year,No,Mailed check,81.48,2125.6,No
CUST-100625,Male,0,Yes,Yes,56,Yes,No,DSL,Yes,No,Yes,Yes,No,Yes,One year,Yes,Electronic check,70.16,3922.74,No
CUST-105658,Female,0,No,No,26,Yes,Yes,Fiber optic,No,Yes,No,No,No,No,One year,No,Credit card (automatic),77.37,2000.43,No
CUST-106012,Female,0,Yes,Yes,54,Yes,Yes,Fiber optic,Yes,No,Yes,No,No,No,Two year,No,Electronic check,80.65,4369.27,No
CUST-101875,Male,0,Yes,Yes,71,No,No phone service,No,No internet service,No internet service,No internet service,No internet service,No internet service,No internet service,Month-to-month,No,Bank transfer (automatic),19.82,1407.78,No
CUST-103207,Female,0,Yes,Yes,20,Yes,No,Fiber optic,No,No,Yes,No,No,No,Month-to-month,Yes,Bank transfer (automatic),74.2,1477.7,No
CUST-101963,Female,0,Yes,Yes,54,Yes,No,DSL,No,Yes,No,No,No,No,Two year,Yes,Bank transfer (automatic),51.64,2758.98,No
CUST-106939,Female,0,No,No,14,Yes,No,Fiber optic,Yes,No,No,No,Yes,Yes,Month-to-month,Yes,Bank transfer (automatic),86.91,1237.61,No
CUST-105323,Male,0,No,No,62,Yes,No,DSL,Yes,Yes,No,No,No,No,Month-to-month,Yes,Credit card (automatic),56.17,3477.77,No
CUST-101057,Female,0,No,No,19,Yes,No,Fiber optic,No,No,No,Yes,No,Yes,Month-to-month,Yes,Mailed check,75.92,1413.6,No
CUST-101181,Female,0,Yes,No,68,Yes,Yes,Fiber optic,No,No,No,No,No,Yes,Two year,Yes,Electronic check,80.55,5507.16,No
CUST-102126,Male,0,No,No,22,Yes,No,Fiber optic,Yes,No,No,No,Yes,Yes,Month-to-month,No,Bank transfer (automatic),86.51,1903.2,Yes
CUST-100421,Female,1,No,Yes,20,Yes,No,DSL,Yes,No,Yes,No,Yes,No,Month-to-month,No,Electronic check,65.89,1321.28,No
CUST-100735,Female,0,No,No,52,Yes,Yes,Fiber optic,Yes,Yes,No,No,Yes,No,One year,No,Bank transfer (automatic),91.8,4746.68,No
CUST-101137,Male,0,No,No,15,Yes,No,Fiber optic,Yes,Yes,Yes,No,No,Yes,Month-to-month,Yes,Mailed check,88.75,1328.02,No
CUST-101871,Male,1,Yes,No,64,Yes,Yes,DSL,No,Yes,Yes,Yes,Yes,No,Month-to-month,Yes,Credit card (automatic),73.98,4721.86,No
CUST-101785,Male,0,Yes,No,61,Yes,Yes,No,No internet service,No internet service,No internet service,No internet service,No internet service,No internet service,Month-to-month,Yes,Credit card (automatic),24.78,1503.17,No
CUST-103350,Male,1,No,No,62,Yes,No,No,No internet service,No internet service,No internet service,No internet service,No internet service,No internet service,One year,No,Credit card (automatic),24.5,1536.21,No
CUST-103648,Female,0,No,No,32,Yes,No,DSL,No,No,No,No,No,No,Month-to-month,Yes,Credit card (automatic),41.79,1367.22,No
CUST-104786,female ,0,No,No,57,Yes,No,DSL,No,Yes,Yes,Yes,Yes,Yes,Month-to-month,Yes,Electronic check,74.84,4237.15,No
CUST-106552,Male,0,No,No,47,Yes,No,Fiber optic,Yes,Yes,Yes,Yes,Yes,No,One year,Yes,Bank transfer (automatic),90.11,4263.1,No
CUST-103910,Male,0,Yes,No,69,Yes,No,Fiber optic,Yes,No,No,No,No,Yes,Month-to-month,Yes,Credit card (automatic),79.36,5464.14,Yes
CUST-102015,Male,1,No,No,46,No,No phone service,DSL,Yes,No,No,No,No,No,Two year,No,Electronic check,46.86,2166.25,No
CUST-103199,Male,0,Yes,No,4,Yes,No,Fiber optic,No,No,No,Yes,Yes,No,Two year,Yes,Electronic check,78.69,321.02,No
CUST-106069,Female,0,Yes,Yes,71,No,No phone service,Fiber optic,No,Yes,No,No,Yes,No,Month-to-month,Yes,Credit card (automatic),71.82,5127.5,Yes
CUST-104942,Female,0,No,No,22,Yes,Yes,Fiber optic,No,No,No,No,No,Yes,Month-to-month,Yes,Credit card (automatic),78.84,1721.49,No
CUST-101338,Female,0,No,No,28,Yes,No,Fiber optic,No,Yes,No,Yes,Yes,Yes,Month-to-month,No,Credit card (automatic),89.17,2488.41,No
CUST-105702,Male,0,Yes,Yes,60,Yes,No,DSL,No,Yes,No,No,No,No,Month-to-month,Yes,Credit card (automatic),51.58,3096.33,No
CUST-103371,Male,0,Yes,Yes,4,Yes,Yes,Fiber optic,No,Yes,No,No,No,No,One year,Yes,Electronic check,75.53,332.13,No
CUST-102811,Male,1,No,Yes,40,Yes,No,No,No internet service,No internet service,No internet service,No internet service,No internet service,No internet service,One year,No,Credit card (automatic),23.91,957.75,Yes
CUST-100336,Female,0,Yes,Yes,57,Yes,Yes,DSL,Yes,No,No,Yes,Yes,No,One year,No,Bank transfer (automatic),72.44,4119.26,No
CUST-100108,Male,0,No,No,49,Yes,Yes,Fiber optic,No,No,Yes,Yes,No,Yes,Two year,No,Electronic check,90.22,4438.15,Yes
CUST-104468,Female,0,No,No,23,Yes,Yes,No,No internet service,No internet service,No internet service,No internet service,No internet service,No internet service,Month-to-month,No,Mailed check,28.5,629.71,No
CUST-104959,Female,0,Yes,No,56,Yes,No,DSL,No,No,Yes,Yes,No,No,Month-to-month,No,Credit card (automatic),53.87,3021.82,No
CUST-104314,Female,0,Yes,Yes,4,Yes,No,No,No internet service,No internet service,No internet service,No internet service,No internet service,No internet service,Month-to-month,Yes,Electronic check,26.15,102.24,No
CUST-100279,Male,1,No,No,54,Yes,Yes,Fiber optic,No,No,Yes,Yes,Yes,Yes,One year,Yes,Electronic check,94.99,5128.19,No
CUST-103723,Female,0,No,No,34,Yes,No,No,No internet service,No internet service,No internet service,No internet service,No internet service,No internet service,Two year,Yes,Bank transfer (automatic),21.13,726.71,No
CUST-101282,Male,1,No,Yes,17,Yes,Yes,DSL,No,Yes,No,Yes,Yes,Yes,Month-to-month,Yes,Mailed check,73.61,1238.11,Yes
CUST-102862,Female,0,Yes,No,53,Yes,Yes,Fiber optic,No,No,No,Yes,Yes,Yes,Month-to-month,Yes,Mailed check,87.19,4620.52,No
CUST-104726,Male,0,Yes,Yes,60,Yes,No,DSL,No,No,No,No,Yes,Yes,One year,Yes,Electronic check,61.11,3667.46,No
CUST-100876,Female,0,No,No,22,Yes,No,Fiber optic,No,No,Yes,No,Yes,No,Month-to-month,No,Bank transfer (automatic),74.21,1629.26,No
CUST-105262,Female,0,Yes,No,2,Yes,No,Fiber optic,No,No,Yes,No,Yes,Yes,One year,No,Mailed check,86.48,163.02,No
CUST-106094,Male,0,No,No,5,Yes,Yes,Fiber optic,No,Yes,No,No,Yes,No,Month-to-month,No,Mailed check,81.89,418.76,No
CUST-101820,Male,0,Yes,Yes,28,Yes,Yes,DSL,No,No,No,Yes,Yes,No,Month-to-month,Yes,Bank transfer (automatic),63.71,1769.26,No
CUST-104232,Female,0,Yes,No,43,Yes,Yes,Fiber optic,Yes,No,Yes,No,No,No,Month-to-month,Yes,Credit card (automatic),79.01,3388.64,No
CUST-106073,Female,0,Yes,No,50,No,No phone service,Fiber optic,No,No,No,Yes,Yes,Yes,One year,No,Credit card (automatic),79.48,3988.02,No
CUST-106483,Female,0,Yes,No,31,Yes,Yes,Fiber optic,Yes,No,Yes,No,No,Yes,Month-to-month,No,Electronic check,85.81,2657.04,No
CUST-100138,Male,0,No,No,38,Yes,No,DSL,No,Yes,Yes,No,No,No,Two year,No,Bank transfer (automatic),55.05,2122.61,No
CUST-104808,Male,0,No,No,44,Yes,No,Fiber optic,No,No,No,Yes,No,Yes,Two year,No,Electronic check,77.03,3369.34,No
CUST-103693,Male,0,No,No,36,Yes,No,Fiber optic,No,No,No,Yes,Yes,Yes,Month-to-month,Yes,Credit card (automatic),87.38,3137.87,No
CUST-101294,Female,0,No,No,25,Yes,Yes,DSL,No,No,No,No,Yes,Yes,Month-to-month,Yes,Electronic check,64.61,1600.0,No
CUST-100504,Male,0,No,No,51,Yes,No,Fiber optic,Yes,Yes,No,No,Yes,Yes,Month-to-month,Yes,Electronic check,91.71,4672.65,Yes
CUST-102530,Female,0,Yes,Yes,30,Yes,No,No,No internet service,No internet service,No internet service,No internet service,No internet service,No internet service,Month-to-month,Yes,Mailed check,22.23,649.07,No
CUST-104979,Female,0,Yes,Yes,39,Yes,No,DSL,Yes,Yes,Yes,No,Yes,Yes,Two year,No,Electronic check,71.68,2782.69,No
CUST-105387,Female,0,Yes,Yes,62,Yes,Yes,No,No internet service,No internet service,No internet service,No internet service,No internet service,No internet service,One year,No,Electronic check,29.02,1819.31,No
CUST-103715,Male,0,Yes,No,68,Yes,Yes,DSL,No,Yes,Yes,No,No,No,Month-to-month,No,Electronic check,65.79,4459.86,No
CUST-103084,Male,0,No,No,18,Yes,Yes,No,No internet service,No internet service,No internet service,No internet service,No internet service,No internet service,Month-to-month,No,Credit card (automatic),28.52,518.86,No
CUST-100913,Female,0,No,No,15,Yes,No,DSL,No,No,No,No,No,Yes,Month-to-month,No,Mailed check,47.33,691.46,Yes
CUST-103339,Female,1,No,No,66,Yes,No,Fiber optic,No,No,Yes,Yes,Yes,No,Month-to-month,Yes,Mailed check,83.92,5542.87,Yes
CUST-101651,Male,0,No,No,69,Yes,No,DSL,No,No,Yes,Yes,No,No,Two year,Yes,Electronic check,57.32,3928.86,No
CUST-103306,Male,0,Yes,No,56,Yes,Yes,Fiber optic,No,No,No,No,No,No,One year,No,Electronic check,67.75,3796.84,No
CUST-106045,Male,0,No,No,11,Yes,No,Fiber optic,Yes,No,No,Yes,No,No,Month-to-month,Yes,Bank transfer (automatic),74.37,810.53,No
CUST-105067,Male,0,No,No,3,Yes,No,DSL,Yes,Yes,No,Yes,No,Yes,Month-to-month,Yes,Electronic check,66.45,205.21,No
CUST-101447,Female,0,Yes,Yes,70,Yes,Yes,Fiber optic,No,Yes,No,Yes,Yes,No,One year,No,Electronic check,86.98,6076.34,No
CUST-100120,Male,0,No,No,24,No,No phone service,Fiber optic,No,Yes,No,Yes,Yes,No,Month-to-month,Yes,Credit card (automatic),77.43,1864.31,No
CUST-100387,Female,1,No,No,11,Yes,No,DSL,No,No,No,Yes,No,No,Month-to-month,No,Mailed check,50.49,545.77,Yes
CUST-101586,Female,0,No,No,38,Yes,No,DSL,No,Yes,No,Yes,No,Yes,Month-to-month,Yes,Bank transfer (automatic),63.51,2451.52,No
CUST-102769,Female,0,No,Yes,38,Yes,No,Fiber optic,No,No,No,No,Yes,Yes,One year,No,Bank transfer (automatic),79.82,3020.7,Yes
CUST-103236,Male,0,No,No,4,Yes,No,Fiber optic,Yes,Yes,No,No,No,Yes,Two year,No,Bank transfer (automatic),80.69,292.53,No
CUST-102066,Female,0,Yes,No,50,Yes,No,DSL,Yes,No,No,No,Yes,No,One year,Yes,Electronic check,58.51,2927.29,No
CUST-105259,Male,0,Yes,Yes,45,Yes,Yes,DSL,No,Yes,Yes,Yes,No,Yes,Month-to-month,Yes,Electronic check,74.2,3345.05,No
CUST-100037,Female,0,No,No,38,Yes,Yes,DSL,Yes,No,Yes,No,No,Yes,Two year,No,Mailed check,64.25,2429.23,Yes
CUST-102717,Female,0,No,No,1,Yes,No,Fiber optic,No,No,Yes,Yes,No,No,One year,Yes,Bank transfer (automatic),73.14,85.3,No
CUST-105522,Female,1,No,No,6,Yes,No,Fiber optic,Yes,No,Yes,No,Yes,Yes,One year,No,Mailed check,89.84,540.12,No
CUST-102864,Male,1,Yes,Yes,70,No,No phone service,No,No internet service,No internet service,No internet service,No internet service,No internet service,No internet service,One year,No,Electronic check,18.0,1261.23,No
CUST-102185,Male,0,Yes,Yes,47,Yes,No,Fiber optic,Yes,No,Yes,No,Yes,Yes,One year,No,Bank transfer (automatic),92.27,4351.66,No
CUST-105310,Female,0,No,No,7,Yes,Yes,DSL,No,No,Yes,Yes,Yes,Yes,Month-to-month,No,Credit card (automatic),77.47,526.63,No
CUST-101246,Female,0,Yes,Yes,42,Yes,No,Fiber optic,Yes,No,No,Yes,No,No,Two year,No,Electronic check,73.32,3081.04,No
CUST-106601,Female,0,No,No,62,Yes,No,Fiber optic,No,No,No,No,Yes,No,Month-to-month,Yes,Bank transfer (automatic),72.62,4493.63,No
CUST-106728,Male,0,No,Yes,17,Yes,No,Fiber optic,Yes,No,Yes,No,No,No,Two year,No,Bank transfer (automatic),73.64,1269.87,Yes
CUST-105526,Female,0,No,No,19,Yes,Yes,Fiber optic,No,No,Yes,No,No,No,One year,Yes,Mailed check,77.77,1494.26,Yes
CUST-104956,Male,1,No,No,22,Yes,Yes,No,No internet service,No internet service,No internet service,No internet service,No internet service,No internet service,Month-to-month,Yes,Bank transfer (automatic),25.76,581.43,Yes
CUST-102942,Female,0,Yes,Yes,43,Yes,No,Fiber optic,Yes,No,No,Yes,Yes,Yes,Month-to-month,No,Electronic check,87.55,3776.69,No
CUST-101244,Female,0,Yes,Yes,60,Yes,No,DSL,No,No,Yes,No,No,Yes,Month-to-month,Yes,Bank transfer (automatic),57.69,3483.89,No
CUST-101086,Female,0,No,Yes,55,Yes,Yes,DSL,No,Yes,Yes,No,No,Yes,Month-to-month,No,Credit card (automatic),69.03,3763.24,No
CUST-102655,Female,0,No,No,49,Yes,No,No,No internet service,No internet service,No internet service,No internet service,No internet service,No internet service,Month-to-month,Yes,Credit card (automatic),22.33,1125.56,No
CUST-100245,Male,0,No,No,20,Yes,Yes,DSL,No,No,No,Yes,Yes,Yes,Month-to-month,No,Bank transfer (automatic),74.81,1514.74,No
CUST-104635,Female,0,No,No,39,Yes,Yes,No,No internet service,No internet service,No internet service,No internet service,No internet service,No internet service,Month-to-month,Yes,Credit card (automatic),29.84,1145.15,Yes
CUST-102938,Female,1,Yes,Yes,20,Yes,Yes,Fiber optic,No,Yes,Yes,No,Yes,No,Two year,No,Mailed check,86.92,1712.2,No
CUST-106136,Male,0,No,No,59,Yes,Yes,Fiber optic,No,Yes,Yes,Yes,No,Yes,Month-to-month,No,Electronic check,95.69,5666.93,No
CUST-101847,Female,0,Yes,Yes,43,Yes,No,Fiber optic,Yes,Yes,Yes,No,No,Yes,Month-to-month,No,Electronic check,87.29,3742.9,No
CUST-105975,Female,1,No,No,37,Yes,No,Fiber optic,No,No,No,No,No,No,Two year,No,Bank transfer (automatic),65.55,2426.66,No
CUST-103581,Female,0,Yes,No,38,Yes,Yes,Fiber optic,Yes,No,No,No,No,No,Month-to-month,Yes,Bank transfer (automatic),76.0,2887.42,Yes
CUST-106635,Male,0,No,No,50,Yes,Yes,No,No internet service,No internet service,No internet service,No internet service,No internet service,No internet service,One year,Yes,Credit card (automatic),34.27,1695.09,No
CUST-101521,Female,0,Yes,Yes,37,Yes,No,DSL,No,Yes,No,No,Yes,Yes,Month-to-month,Yes,Electronic check,67.91,2476.57,No
CUST-105001,Male,0,No,No,41,No,No phone service,DSL,Yes,No,Yes,No,Yes,No,Month-to-month,No,Mailed check,55.62,2265.43,No
CUST-103329,Female,0,Yes,No,27,Yes,No,No,No internet service,No internet service,No internet service,No internet service,No internet service,No internet service,One year,No,Bank transfer (automatic),25.09,683.14,No
CUST-102702,Male,0,No,No,6,Yes,Yes,Fiber optic,No,No,Yes,No,No,Yes,Month-to-month,Yes,Mailed check,79.74,459.02,No
CUST-102038,Female,0,No,No,42,Yes,No,Fiber optic,No,Yes,No,Yes,Yes,Yes,One year,Yes,Mailed check,93.36,3899.29,No
CUST-104194,Female,0,No,No,31,Yes,Yes,Fiber optic,No,Yes,No,No,Yes,No,Month-to-month,Yes,Bank transfer (automatic),84.86,2622.27,Yes
CUST-100147,Male,0,No,No,36,Yes,No,DSL,No,No,Yes,No,No,No,One year,Yes,Credit card (automatic),49.94,1801.4,No
CUST-101910,Male,0,No,No,44,Yes,No,No,No internet service,No internet service,No internet service,No internet service,No internet service,No internet service,One year,Yes,Mailed check,21.38,1006.18,No
CUST-106782,Male,0,No,No,72,No,No phone service,DSL,No,Yes,No,No,No,No,One year,Yes,Credit card (automatic),45.13,3276.68,No
CUST-102901,Female,0,Yes,No,12,Yes,No,DSL,No,Yes,Yes,No,No,No,Two year,Yes,Bank transfer (automatic),55.74,624.66,No
CUST-106326,Male,1,No,No,50,Yes,No,Fiber optic,No,Yes,Yes,No,No,No,Month-to-month,No,Mailed check,69.88,3480.71,No
CUST-102034,Female,0,Yes,No,11,No,No phone service,DSL,No,Yes,No,Yes,Yes,Yes,One year,Yes,Bank transfer (automatic),69.2,769.68,No
CUST-100193,Male,0,Yes,No,42,Yes,No,Fiber optic,No,No,Yes,No,No,No,Month-to-month,No,Bank transfer (automatic),65.62,2778.38,Yes
CUST-104192,Female,0,No,Yes,55,Yes,No,Fiber optic,No,Yes,Yes,No,Yes,No,One year,No,Electronic check,79.53,4360.31,No
CUST-104555,Male,0,No,No,51,Yes,No,DSL,Yes,No,No,No,No,Yes,One year,Yes,Credit card (automatic),56.77,2900.32,No
CUST-101726,Female,0,Yes,Yes,22,Yes,No,DSL,No,Yes,No,Yes,No,Yes,One year,Yes,Electronic check,67.02,1492.13,No
CUST-103914,Female,0,Yes,No,52,No,No phone service,Fiber optic,No,Yes,No,No,No,Yes,One year,No,Electronic check,71.42,3736.28,No
CUST-102714,Female,0,No,No,70,Yes,No,Fiber optic,No,No,Yes,No,No,Yes,Month-to-month,No,Mailed check,80.32,5619.79,No
CUST-106837,Male,1,No,Yes,42,Yes,No,DSL,No,No,Yes,No,Yes,Yes,Two year,No,Electronic check,64.07,2680.66,No
CUST-105862,Female,0,No,No,43,Yes,Yes,Fiber optic,No,Yes,No,Yes,Yes,No,Two year,Yes,Mailed check,86.53,3729.9,No
CUST-106902,Female,0,No,No,34,Yes,No,Fiber optic,Yes,Yes,No,Yes,No,No,Two year,Yes,Mailed check,85.44,2858.69,No
CUST-104575,Female,0,No,No,0,Yes,No,Fiber optic,Yes,No,No,Yes,Yes,Yes,Month-to-month,No,Bank transfer (automatic),95.95,95.95,No
CUST-100035,Male,0,Yes,No,34,Yes,No,DSL,Yes,No,Yes,No,Yes,No,Month-to-month,Yes,Mailed check,66.32,2240.72,No
CUST-102247,Male,1,Yes,Yes,13,Yes,No,Fiber optic,No,Yes,Yes,Yes,No,No,Month-to-month,Yes,Bank transfer (automatic),77.03,1017.59,No
CUST-104134,Female,0,Yes,Yes,63,Yes,No,DSL,Yes,Yes,No,No,Yes,No,Two year,No,Electronic check,64.64,4074.47,No
CUST-100631,Male,0,Yes,Yes,13,Yes,No,Fiber optic,Yes,Yes,No,No,Yes,Yes,Two year,Yes,Mailed check,92.46,1211.76,No
CUST-106770,Female,0,Yes,No,5,Yes,Yes,Fiber optic,No,Yes,No,No,Yes,Yes,One year,No,Mailed check,88.5,410.02,No
CUST-101721,Female,0,No,Yes,71,Yes,Yes,DSL,No,Yes,Yes,No,No,Yes,Two year,Yes,Electronic check,62.81,4470.41,No
CUST-104941,Male,0,No,No,36,Yes,Yes,DSL,No,Yes,Yes,Yes,No,Yes,Two year,Yes,Credit card (automatic),74.27,2665.06,No
CUST-102924,Male,0,Yes,No,64,Yes,No,Fiber optic,No,No,Yes,No,Yes,Yes,Month-to-month,Yes,Credit card (automatic),84.37,5410.13,No
CUST-104891,Female,0,Yes,No,71,Yes,No,DSL,Yes,Yes,Yes,No,Yes,Yes,Two year,Yes,Credit card (automatic),78.82,5579.89,No
CUST-103253,Male,1,Yes,No,72,Yes,No,Fiber optic,No,Yes,Yes,No,No,No,Month-to-month,Yes,Electronic check,78.59,5642.28,No
CUST-106927,Male,0,Yes,Yes,13,Yes,No,No,No internet service,No internet service,No internet service,No internet service,No internet service,No internet service,One year,Yes,Electronic check,26.54,370.99,Yes
CUST-100728,Male,0,No,No,70,Yes,No,DSL,No,No,Yes,No,No,No,One year,Yes,Credit card (automatic),50.53,3536.18,No
CUST-105171,Male,0,Yes,Yes,27,Yes,Yes,DSL,No,Yes,Yes,No,No,Yes,Month-to-month,Yes,Electronic check,66.89,1786.67,No
CUST-104546,Female,0,Yes,Yes,55,No,No phone service,Fiber optic,Yes,No,No,No,No,Yes,Two year,Yes,Bank transfer (automatic),73.93,4119.4,No
CUST-102537,Male,0,No,No,69,Yes,No,No,No internet service,No internet service,No internet service,No internet service,No internet service,No internet service,Month-to-month,Yes,Bank transfer (automatic),25.05,1744.82,No
CUST-104938,Male,1,No,No,55,Yes,No,DSL,Yes,No,No,No,Yes,No,Month-to-month,Yes,Electronic check,61.56,3386.62,No
CUST-101394,Male,0,Yes,No,38,Yes,No,Fiber optic,No,Yes,Yes,Yes,No,Yes,Month-to-month,Yes,Mailed check,84.87,3229.81,Yes
CUST-105621,Male,1,No,No,38,Yes,No,Fiber optic,Yes,Yes,No,No,Yes,No,One year,Yes,Credit card (automatic),82.29,3124.58,No
CUST-103538,Female,1,No,No,33,Yes,No,DSL,No,Yes,Yes,No,Yes,No,One year,No,Bank transfer (automatic),59.51,1941.82,No
CUST-100453,Male,0,No,No,19,Yes,No,Fiber optic,Yes,Yes,Yes,No,No,Yes,Two year,Yes,Bank transfer (automatic),87.66,1658.06,No
CUST-101485,Female,0,Yes,Yes,38,Yes,No,No,No internet service,No internet service,No internet service,No internet service,No internet service,No internet service,Two year,No,Electronic check,20.59,758.3,No
CUST-101547,Female,0,Yes,Yes,70,Yes,No,Fiber optic,Yes,No,Yes,Yes,No,No,Month-to-month,Yes,Mailed check,77.2,5412.46,Yes
CUST-106493,Male,0,No,No,33,Yes,Yes,DSL,No,No,No,No,Yes,Yes,Month-to-month,No,Mailed check,63.8,2125.07,No
CUST-101056,Male,0,Yes,No,49,Yes,Yes,Fiber optic,No,No,Yes,No,No,Yes,Month-to-month,Yes,Bank transfer (automatic),84.39,4157.53,Yes
CUST-102004,Female,1,No,No,10,No,No phone service,DSL,No,Yes,No,Yes,Yes,Yes,Month-to-month,No,Electronic check,65.27,670.24,Yes
CUST-102747,Female,1,Yes,Yes,8,Yes,Yes,DSL,No,Yes,Yes,No,No,Yes,Two year,Yes,Electronic check,68.94,610.85,No
CUST-103155,Female,0,Yes,Yes,63,Yes,No,Fiber optic,No,Yes,No,No,No,No,Month-to-month,No,Electronic check,69.33,4379.19,No
CUST-102467,Female,0,Yes,Yes,2,Yes,Yes,No,No internet service,No internet service,No internet service,No internet service,No internet service,No internet service,Month-to-month,No,Credit card (automatic),23.1,41.25,No
CUST-101542,Male,0,No,No,52,Yes,No,No,No internet service,No internet service,No internet service,No internet service,No internet service,No internet service,Two year,No,Bank transfer (automatic),22.04,1200.11,No
CUST-101152,Male,0,No,No,58,No,No phone service,Fiber optic,No,Yes,Yes,No,Yes,Yes,One year,No,Credit card (automatic),84.09,4895.82,No
CUST-102910,Male,0,No,No,60,Yes,No,Fiber optic,Yes,No,Yes,Yes,Yes,No,Two year,Yes,Credit card (automatic),84.42,5050.87,No
CUST-103425,Female,0,No,Yes,57,No,No phone service,Fiber optic,Yes,Yes,No,No,No,Yes,Month-to-month,No,Electronic check,76.45,4338.3,No
CUST-101058,Male,0,No,No,15,Yes,No,No,No internet service,No internet service,No internet service,No internet service,No internet service,No internet service,One year,No,Credit card (automatic),22.53,328.55,No
CUST-100441,Male,0,No,No,3,Yes,Yes,DSL,No,Yes,Yes,No,No,Yes,Month-to-month,Yes,Credit card (automatic),69.36,223.47,No
CUST-104684,Female,0,No,No,70,Yes,No,Fiber optic,No,Yes,No,No,Yes,Yes,Two year,Yes,Mailed check,82.06,5766.56,No
CUST-101763,Female,1,Yes,Yes,25,Yes,Yes,Fiber optic,No,No,No,No,Yes,No,One year,No,Mailed check,79.45,1980.77,Yes
CUST-102629,Male,0,Yes,Yes,29,Yes,No,DSL,No,No,No,No,Yes,Yes,Month-to-month,Yes,Mailed check,59.46,1753.19,No
CUST-103976,Female,0,Yes,No,57,Yes,No,Fiber optic,No,No,Yes,No,No,No,Month-to-month,Yes,Mailed check,65.66,3710.56,No
CUST-106231,Female,0,No,No,71,Yes,No,Fiber optic,No,Yes,No,No,Yes,Yes,Month-to-month,No,Credit card (automatic),85.87,6110.3,No
CUST-105712,Male,0,Yes,Yes,64,Yes,No,DSL,Yes,Yes,No,Yes,No,No,Month-to-month,Yes,Bank transfer (automatic),60.45,3885.44,No
CUST-104120,Female,0,No,No,47,Yes,Yes,Fiber optic,No,No,No,No,No,Yes,Month-to-month,Yes,Mailed check,68.38,3217.17,Yes
CUST-103455,Female,0,No,No,62,Yes,No,Fiber optic,No,Yes,No,No,No,No,Month-to-month,Yes,Bank transfer (automatic),73.89,,Yes
CUST-102670,Female,1,No,No,25,Yes,Yes,Fiber optic,Yes,Yes,No,No,Yes,No,Month-to-month,No,Electronic check,86.68,2167.31,Yes
CUST-104866,Male,0,No,No,5,No,No phone service,No,No internet service,No internet service,No internet service,No internet service,No internet service,No internet service,Two year,Yes,Credit card (automatic),18.0,101.75,No
CUST-102650,Female,0,No,No,61,Yes,No,No,No internet service,No internet service,No internet service,No internet service,No internet service,No internet service,Month-to-month,No,Mailed check,25.18,1502.09,No
CUST-103498,Male,1,Yes,No,21,Yes,Yes,Fiber optic,No,No,Yes,No,No,No,Month-to-month,No,Electronic check,77.34,1625.54,No
CUST-103166,Female,0,No,No,25,Yes,No,Fiber optic,No,Yes,No,No,No,Yes,Month-to-month,Yes,Mailed check,72.86,1836.0,No
CUST-103738,Female,0,No,No,30,Yes,No,Fiber optic,Yes,No,No,No,Yes,No,Month-to-month,Yes,Credit card (automatic),80.86,2429.85,No
CUST-104877,Male,0,Yes,No,32,Yes,No,No,No internet service,No internet service,No internet service,No internet service,No internet service,No internet service,Month-to-month,No,Electronic check,21.66,667.48,Yes
CUST-106910,Female,0,No,No,32,Yes,Yes,DSL,Yes,No,No,Yes,Yes,No,Month-to-month,Yes,Electronic check,66.53,2150.18,No
CUST-102428,Female,1,Yes,No,63,Yes,No,DSL,No,Yes,No,Yes,Yes,No,Two year,Yes,Mailed check,66.47,4185.87,No
CUST-103192,Female,1,Yes,Yes,21,Yes,Yes,Fiber optic,No,Yes,No,No,No,Yes,Month-to-month,Yes,Mailed check,79.88,1663.07,No
CUST-100173,Female,0,No,No,71,Yes,Yes,No,No internet service,No internet service,No internet service,No internet service,No internet service,No internet service,Two year,Yes,Mailed check,29.94,,No
CUST-100448,Female,1,Yes,Yes,54,Yes,Yes,DSL,Yes,Yes,No,Yes,Yes,Yes,Month-to-month,Yes,Electronic check,85.82,4614.97,No
CUST-100207,Female,0,No,No,13,Yes,No,No,No internet service,No internet service,No internet service,No internet service,No internet service,No internet service,Month-to-month,No,Mailed check,22.51,275.23,No
CUST-102129,Male,0,No,No,68,Yes,No,Fiber optic,No,Yes,No,No,No,No,Month-to-month,No,Electronic check,71.28,4871.91,Yes
CUST-102658,Female,0,No,No,63,Yes,No,Fiber optic,Yes,No,Yes,No,Yes,No,One year,Yes,Mailed check,84.54,5316.6,No
CUST-103671,Male,0,Yes,No,17,Yes,Yes,DSL,Yes,No,No,No,Yes,No,Two year,Yes,Electronic check,61.55,1061.64,Yes
CUST-105389,Female,0,Yes,Yes,15,Yes,No,Fiber optic,No,Yes,No,No,No,No,One year,Yes,Bank transfer (automatic),68.28,1031.94,No
CUST-100981,Female,0,No,Yes,64,Yes,No,No,No internet service,No internet service,No internet service,No internet service,No internet service,No internet service,Month-to-month,No,Electronic check,19.02,1234.72,No
CUST-105679,Male,0,No,No,9,Yes,No,DSL,No,No,No,No,No,No,Month-to-month,Yes,Credit card (automatic),42.7,393.5,No
CUST-101576,Female,0,Yes,Yes,64,Yes,No,Fiber optic,No,Yes,No,Yes,No,No,Month-to-month,Yes,Electronic check,78.72,5067.99,No
CUST-104731,Female,0,No,No,5,Yes,Yes,No,No internet service,No internet service,No internet service,No internet service,No internet service,No internet service,Month-to-month,Yes,Credit card (automatic),27.59,140.73,No
CUST-105054,Male,0,No,No,50,Yes,Yes,Fiber optic,No,Yes,Yes,Yes,Yes,No,Month-to-month,Yes,Credit card (automatic),94.77,4744.29,No
CUST-106040,Male,1,No,No,30,Yes,No,No,No internet service,No internet service,No internet service,No internet service,No internet service,No internet service,Month-to-month,No,Mailed check,28.85,840.74,No
CUST-104892,Male,0,No,No,25,Yes,No,Fiber optic,No,No,No,Yes,Yes,No,Month-to-month,No,Mailed check,74.26,1811.01,Yes
CUST-100932,Male,0,No,No,32,Yes,Yes,DSL,Yes,No,Yes,No,Yes,No,Two year,Yes,Mailed check,68.02,2191.51,No
CUST-106342,Female,0,Yes,Yes,19,No,No phone service,DSL,Yes,Yes,No,Yes,Yes,Yes,Month-to-month,No,Electronic check,66.48,1293.95,No
CUST-102162,Male,0,No,No,60,Yes,No,Fiber optic,No,No,Yes,Yes,Yes,Yes,One year,Yes,Credit card (automatic),90.62,5399.71,No
CUST-100085,Female,0,No,No,47,Yes,No,Fiber optic,Yes,No,No,No,No,No,One year,No,Credit card (automatic),67.85,3172.7,No
CUST-103345,Female,0,Yes,No,16,Yes,No,DSL,Yes,Yes,No,No,Yes,No,One year,Yes,Bank transfer (automatic),59.64,931.97,Yes
CUST-106710,Male,0,No,No,66,Yes,Yes,DSL,No,No,Yes,Yes,No,Yes,Month-to-month,Yes,Bank transfer (automatic),73.83,4876.22,No
CUST-104504,Male,0,No,No,22,Yes,No,No,No internet service,No internet service,No internet service,No internet service,No internet service,No internet service,Two year,Yes,Electronic check,20.11,424.49,No
CUST-105579,Male,0,Yes,Yes,62,Yes,Yes,No,No internet service,No internet service,No internet service,No internet service,No internet service,No internet service,One year,Yes,Electronic check,24.31,1517.37,No
CUST-105263,Male,0,No,Yes,50,No,No phone service,Fiber optic,Yes,No,No,Yes,No,Yes,One year,Yes,Credit card (automatic),77.92,3898.67,No
CUST-105219,Male,0,No,No,10,Yes,No,Fiber optic,No,No,No,Yes,Yes,Yes,Month-to-month,Yes,Electronic check,82.35,829.82,Yes
CUST-104964,Female,0,No,No,39,Yes,No,Fiber optic,No,Yes,Yes,No,No,Yes,Month-to-month,No,Electronic check,90.64,3537.05,Yes
CUST-105580,Female,0,Yes,No,62,Yes,Yes,DSL,Yes,Yes,Yes,No,No,No,Two year,Yes,Mailed check,65.91,4059.13,No
CUST-102995,Female,0,Yes,No,1,Yes,No,Fiber optic,No,No,No,Yes,Yes,No,One year,Yes,Credit card (automatic),75.96,68.3,No
CUST-105103,Male,1,Yes,No,57,No,No phone service,DSL,Yes,No,Yes,No,Yes,Yes,Month-to-month,Yes,Mailed check,69.1,3919.15,Yes
CUST-104883,Male,0,No,No,30,No,No phone service,Fiber optic,No,Yes,No,Yes,No,Yes,One year,Yes,Bank transfer (automatic),76.13,2288.68,No
CUST-101714,Female,0,No,No,21,Yes,No,Fiber optic,Yes,No,Yes,Yes,Yes,No,One year,Yes,Credit card (automatic),86.91,1830.73,No
CUST-100595,Female,0,No,No,12,Yes,No,DSL,Yes,Yes,No,Yes,No,Yes,Month-to-month,Yes,Bank transfer (automatic),66.43,774.42,No
CUST-105505,Female,0,No,No,8,Yes,Yes,Fiber optic,No,No,No,No,No,Yes,Two year,Yes,Credit card (automatic),78.12,573.83,Yes
CUST-101428,Male,0,No,Yes,49,Yes,No,Fiber optic,No,Yes,Yes,No,No,No,Two year,No,Electronic check,73.27,3622.22,No
CUST-100800,Male,0,No,No,5,Yes,No,Fiber optic,No,Yes,No,Yes,No,Yes,Month-to-month,Yes,Credit card (automatic),80.39,398.64,Yes
CUST-102124,Female,0,No,No,30,Yes,Yes,Fiber optic,Yes,Yes,Yes,No,No,No,One year,Yes,Bank transfer (automatic),81.69,2427.04,No
CUST-104171,Male,0,Yes,Yes,14,Yes,No,Fiber optic,Yes,No,Yes,No,Yes,Yes,One year,Yes,Electronic check,92.06,1277.14,No
CUST-104639,Female,0,Yes,Yes,57,Yes,No,DSL,Yes,No,Yes,No,Yes,Yes,One year,Yes,Electronic check,71.93,4090.79,No
CUST-105094,Male,0,No,No,40,Yes,No,Fiber optic,No,Yes,No,No,Yes,Yes,Two year,No,Bank transfer (automatic),82.19,3315.21,No
CUST-104936,Female,0,Yes,Yes,52,Yes,Yes,Fiber optic,Yes,No,Yes,Yes,No,No,One year,No,Credit card (automatic),86.4,4484.46,No
CUST-106762,Male,0,Yes,No,21,Yes,Yes,Fiber optic,Yes,No,Yes,Yes,No,No,One year,Yes,Mailed check,79.91,1672.82,No
CUST-102261,Female,1,No,No,58,No,No phone service,Fiber optic,Yes,Yes,No,No,Yes,No,Month-to-month,No,Electronic check,79.59,4628.35,No
CUST-105833,Male,0,No,No,16,Yes,Yes,Fiber optic,Yes,Yes,Yes,No,No,No,Month-to-month,No,Bank transfer (automatic),82.81,1329.36,No
CUST-106955,Female,0,No,No,8,Yes,No,DSL,No,No,Yes,No,Yes,No,Two year,Yes,Credit card (automatic),54.68,435.97,No
CUST-105829,Male,0,Yes,No,71,Yes,No,Fiber optic,Yes,Yes,Yes,No,Yes,No,One year,No,Electronic check,91.66,6530.88,No
CUST-104568,Male,0,Yes,Yes,26,Yes,Yes,No,No internet service,No internet service,No internet service,No internet service,No internet service,No internet service,One year,No,Electronic check,34.04,925.88,No
CUST-103747,Female,0,Yes,Yes,31,Yes,Yes,No,No internet service,No internet service,No internet service,No internet service,No internet service,No internet service,Month-to-month,No,Credit card (automatic),24.19,730.49,No
CUST-106517,Female,0,No,No,3,Yes,No,Fiber optic,Yes,Yes,No,Yes,Yes,Yes,Month-to-month,No,Mailed check,96.13,230.39,Yes
CUST-100678,Female,0,No,No,35,Yes,No,Fiber optic,Yes,No,Yes,Yes,Yes,No,One year,Yes,Bank transfer (automatic),89.32,3121.72,Yes
CUST-102614,Male,0,Yes,No,43,Yes,Yes,Fiber optic,No,No,Yes,No,No,Yes,Month-to-month,No,Bank transfer (automatic),84.74,3633.08,No
CUST-106995,Female,1,Yes,No,33,Yes,No,Fiber optic,No,No,Yes,No,No,Yes,Two year,No,Electronic check,81.87,2693.9,No
CUST-106778,Male,0,Yes,No,30,No,No phone service,No,No internet service,No internet service,No internet service,No internet service,No internet service,No internet service,Month-to-month,No,Bank transfer (automatic),18.0,527.27,No
CUST-101523,Male,0,Yes,Yes,58,Yes,Yes,No,No internet service,No internet service,No internet service,No internet service,No internet service,No internet service,Month-to-month,No,Electronic check,30.41,1765.18,No
CUST-104473,Male,0,No,No,25,Yes,No,DSL,Yes,Yes,No,No,Yes,Yes,Month-to-month,No,Credit card (automatic),75.1,1896.53,No
CUST-105598,Female,0,Yes,No,68,Yes,No,DSL,Yes,Yes,No,No,Yes,No,Month-to-month,No,Mailed check,64.09,4337.14,No
CUST-101178,Male,0,No,No,6,Yes,No,DSL,No,Yes,No,Yes,No,No,Month-to-month,No,Credit card (automatic),53.72,336.3,No
CUST-105194,Male,0,No,Yes,13,Yes,No,Fiber optic,No,Yes,No,No,No,No,Month-to-month,Yes,Electronic check,69.76,923.62,Yes
CUST-104051,Male,0,Yes,No,23,Yes,No,DSL,No,No,Yes,No,No,No,Month-to-month,Yes,Electronic check,48.79,1108.45,Yes
CUST-106877,Male,0,No,No,32,Yes,No,No,No internet service,No internet service,No internet service,No internet service,No internet service,No internet service,One year,Yes,Mailed check,24.28,804.35,No
CUST-106803,Female,0,Yes,Yes,34,No,No phone service,Fiber optic,No,Yes,No,Yes,Yes,No,Month-to-month,No,Electronic check,80.02,2737.25,No
CUST-104095,Female,1,No,No,36,Yes,Yes,No,No internet service,No internet service,No internet service,No internet service,No internet service,No internet service,Month-to-month,Yes,Mailed check,34.02,1238.7,No
CUST-106013,Female,0,No,No,31,Yes,Yes,DSL,Yes,Yes,No,Yes,No,No,One year,Yes,Mailed check,66.72,2109.5,No
CUST-103066,Female,0,Yes,No,25,Yes,Yes,DSL,No,Yes,Yes,No,No,No,Month-to-month,Yes,Electronic check,53.76,1379.58,No
CUST-105041,Male,0,No,No,20,Yes,No,DSL,Yes,No,Yes,Yes,No,No,Month-to-month,Yes,Mailed check,62.18,1243.01,No
CUST-101585,Male,0,No,No,35,No,No phone service,DSL,No,No,No,No,Yes,No,Month-to-month,Yes,Electronic check,50.69,1754.58,No
CUST-106434,Female,1,No,No,2,No,No phone service,DSL,No,No,No,No,Yes,No,Two year,Yes,Electronic check,53.24,135.71,No
CUST-100723,Male,0,No,No,36,Yes,No,Fiber optic,No,No,Yes,No,Yes,Yes,Two year,No,Mailed check,83.85,2992.67,No
CUST-102945,Male,0,Yes,Yes,2,Yes,No,DSL,No,No,No,Yes,No,No,One year,Yes,Mailed check,48.95,65.66,No
CUST-105198,Female,0,No,No,65,Yes,No,Fiber optic,No,No,Yes,No,Yes,No,Month-to-month,Yes,Mailed check,74.77,4863.83,No
CUST-102575,Male,0,No,No,36,No,No phone service,DSL,No,Yes,Yes,Yes,No,No,Two year,Yes,Electronic check,54.72,1964.73,No
CUST-105484,Female,0,Yes,No,24,Yes,No,No,No internet service,No internet service,No internet service,No internet service,No internet service,No internet service,Month-to-month,No,Credit card (automatic),23.83,616.59,No
CUST-104457,Male,0,Yes,No,63,No,No phone service,Fiber optic,No,No,Yes,No,Yes,No,Month-to-month,Yes,Electronic check,71.31,4508.99,No
CUST-102957,Male,0,No,No,0,Yes,Yes,DSL,No,No,Yes,No,Yes,Yes,Two year,No,Mailed check,69.37,69.37,No
CUST-102109,Male,0,No,No,19,Yes,No,DSL,Yes,No,No,Yes,Yes,Yes,Month-to-month,No,Electronic check,72.68,1398.12,No
CUST-100901,Male,0,No,No,12,Yes,No,Fiber optic,No,Yes,No,No,No,No,One year,No,Bank transfer (automatic),70.26,843.37,No
CUST-104541,Female,0,No,No,37,Yes,Yes,DSL,No,Yes,No,No,No,No,Month-to-month,Yes,Electronic check,56.04,2076.82,Yes
CUST-103311,Male,0,No,No,11,Yes,Yes,Fiber optic,No,No,No,No,No,No,Two year,No,Mailed check,65.62,705.98,No
CUST-104485,Male,0,No,No,19,No,No phone service,Fiber optic,Yes,No,No,No,Yes,No,Month-to-month,Yes,Electronic check,74.99,1410.27,Yes
CUST-104086,Male,0,No,No,65,Yes,Yes,No,No internet service,No internet service,No internet service,No internet service,No internet service,No internet service,Two year,No,Credit card (automatic),27.96,1821.95,Yes
CUST-101935,Male,0,No,No,5,Yes,Yes,No,No internet service,No internet service,No internet service,No internet service,No internet service,No internet service,Month-to-month,Yes,Credit card (automatic),24.71,140.11,No
CUST-106895,Female,0,No,No,17,Yes,No,Fiber optic,Yes,Yes,Yes,No,Yes,Yes,Two year,Yes,Credit card (automatic),93.7,1608.5,No
CUST-105802,Male,0,Yes,Yes,28,Yes,No,No,No internet service,No internet service,No internet service,No internet service,No internet service,No internet service,Two year,No,Bank transfer (automatic),25.77,700.98,No
CUST-101335,Female,0,No,No,36,Yes,Yes,Fiber optic,No,No,Yes,No,Yes,Yes,Month-to-month,Yes,Credit card (automatic),87.54,3161.66,Yes
CUST-106036,Female,1,Yes,Yes,63,Yes,No,Fiber optic,No,No,Yes,No,Yes,Yes,Month-to-month,No,Bank transfer (automatic),87.71,5565.41,No
CUST-104970,Female,0,Yes,Yes,66,Yes,Yes,No,No internet service,No internet service,No internet service,No internet service,No internet service,No internet service,Two year,Yes,Mailed check,26.87,1760.69,No
CUST-106466,Male,0,Yes,Yes,49,Yes,No,Fiber optic,Yes,No,No,Yes,No,Yes,Month-to-month,No,Credit card (automatic),83.77,4119.01,Yes
CUST-103091,Male,0,No,No,59,Yes,Yes,Fiber optic,Yes,No,No,No,No,No,Month-to-month,No,Mailed check,77.32,4549.65,No
CUST-104894,Male,0,Yes,No,2,Yes,No,Fiber optic,Yes,No,No,No,No,No,Two year,No,Credit card (automatic),71.7,125.82,No
CUST-100766,Female,0,No,No,25,Yes,Yes,DSL,No,No,No,No,No,No,Month-to-month,No,Electronic check,56.06,1376.07,No
CUST-101746,Female,0,No,No,47,No,No phone service,Fiber optic,No,Yes,No,No,No,Yes,Month-to-month,Yes,Mailed check,75.38,3554.48,No
CUST-104748,Female,0,No,No,42,Yes,Yes,No,No internet service,No internet service,No internet service,No internet service,No internet service,No internet service,Two year,No,Mailed check,26.67,1130.04,No
CUST-103908,Male,0,Yes,Yes,57,Yes,No,DSL,No,Yes,No,Yes,Yes,No,One year,Yes,Credit card (automatic),63.09,3597.5,No
CUST-104151,Female,0,Yes,Yes,70,Yes,No,DSL,Yes,No,No,No,Yes,No,One year,No,Mailed check,59.05,4139.89,No
CUST-100622,Male,1,No,No,5,No,No phone service,Fiber optic,No,Yes,No,No,Yes,Yes,Two year,No,Bank transfer (automatic),82.47,426.46,No
CUST-102642,Male,0,Yes,No,19,Yes,No,DSL,No,No,No,Yes,Yes,No,One year,Yes,Electronic check,56.83,1058.83,No
CUST-103690,Male,0,Yes,No,7,Yes,Yes,DSL,No,Yes,No,No,Yes,Yes,Month-to-month,No,Mailed check,74.8,541.91,Yes
CUST-103368,Male,0,Yes,Yes,48,Yes,No,Fiber optic,Yes,No,No,No,Yes,Yes,Month-to-month,Yes,Electronic check,85.34,4120.12,Yes
CUST-104760,Female,0,Yes,Yes,17,No,No phone service,No,No internet service,No internet service,No internet service,No internet service,No internet service,No internet service,Two year,No,Mailed check,18.03,306.04,No
CUST-105045,Male,0,Yes,No,48,Yes,No,Fiber optic,No,No,No,No,No,No,Month-to-month,Yes,Mailed check,65.16,3119.08,Yes
CUST-105720,Female,1,Yes,Yes,4,Yes,Yes,Fiber optic,No,Yes,Yes,Yes,Yes,Yes,One year,Yes,Electronic check,98.31,407.91,No
CUST-101718,Male,0,No,No,18,Yes,No,DSL,Yes,Yes,No,Yes,Yes,Yes,Month-to-month,Yes,Electronic check,79.8,1444.52,Yes
CUST-105146,Male,0,No,No,57,Yes,No,DSL,No,No,Yes,Yes,Yes,Yes,Month-to-month,Yes,Electronic check,69.8,3982.65,No
CUST-103032,Female,0,Yes,Yes,54,Yes,No,Fiber optic,No,No,Yes,No,No,Yes,One year,No,Bank transfer (automatic),76.74,4117.38,No
CUST-103522,Female,0,No,Yes,63,No,No phone service,DSL,No,Yes,Yes,No,No,Yes,Month-to-month,Yes,Bank transfer (automatic),53.87,3404.94,No
CUST-102738,Male,0,Yes,No,8,Yes,No,Fiber optic,No,Yes,No,No,Yes,No,Two year,No,Electronic check,74.1,584.78,Yes
CUST-100541,Male,0,Yes,No,4,Yes,Yes,DSL,Yes,No,Yes,No,Yes,Yes,One year,No,Mailed check,74.75,284.84,No
CUST-102790,Female,0,No,No,23,Yes,Yes,No,No internet service,No internet service,No internet service,No internet service,No internet service,No internet service,Month-to-month,Yes,Bank transfer (automatic),35.86,818.45,No
CUST-101686,Male,0,Yes,No,19,Yes,No,DSL,Yes,No,No,No,No,Yes,Month-to-month,No,Mailed check,59.86,1125.88,Yes
CUST-100512,Female,1,No,No,21,Yes,No,Fiber optic,No,Yes,No,No,No,No,Month-to-month,No,Mailed check,66.77,1401.24,Yes
CUST-103675,Male,0,No,Yes,66,Yes,Yes,Fiber optic,Yes,No,No,Yes,No,No,Month-to-month,Yes,Bank transfer (automatic),78.72,5194.8,No
CUST-104184,Male,0,Yes,Yes,48,Yes,Yes,Fiber optic,Yes,No,No,Yes,No,Yes,Month-to-month,Yes,Bank transfer (automatic),87.32,4179.23,No
CUST-101085,Female,0,No,No,62,Yes,No,DSL,Yes,No,Yes,No,Yes,Yes,Month-to-month,Yes,Mailed check,76.29,4688.81,No
CUST-106403,Female,0,No,No,70,Yes,No,Fiber optic,No,No,No,No,Yes,No,Month-to-month,Yes,Credit card (automatic),73.08,5105.13,No
CUST-102969,Female,1,Yes,Yes,2,Yes,Yes,Fiber optic,No,No,Yes,No,Yes,Yes,Month-to-month,Yes,Mailed check,91.6,173.3,Yes
CUST-105150,Male,0,No,No,43,Yes,No,DSL,No,No,Yes,No,Yes,No,Month-to-month,Yes,Electronic check,58.06,2492.0,No
CUST-105519,Female,0,No,No,42,Yes,No,DSL,Yes,No,No,No,No,Yes,Month-to-month,No,Electronic check,52.47,2211.34,No
CUST-103468,Female,0,Yes,Yes,33,Yes,Yes,DSL,Yes,No,Yes,No,Yes,Yes,One year,Yes,Electronic check,71.75,2377.33,Yes
CUST-101455,Male,0,No,No,43,Yes,Yes,Fiber optic,Yes,No,Yes,No,No,No,One year,No,Electronic check,79.62,3467.81,No
CUST-102316,Male,0,No,No,47,Yes,No,DSL,No,No,No,No,No,Yes,One year,No,Credit card (automatic),51.65,2427.57,No
CUST-100916,Female,0,No,No,5,Yes,No,Fiber optic,No,Yes,Yes,Yes,Yes,Yes,Month-to-month,Yes,Electronic check,96.71,479.51,No
CUST-102026,Female,0,No,No,22,Yes,No,DSL,No,No,Yes,No,Yes,No,One year,Yes,Electronic check,56.0,1228.32,No
CUST-105666,Male,0,No,Yes,54,Yes,No,Fiber optic,No,No,Yes,Yes,No,Yes,Two year,Yes,Bank transfer (automatic),85.45,4601.03,No
CUST-105787,Female,0,No,No,42,Yes,Yes,DSL,Yes,No,No,Yes,No,No,Month-to-month,Yes,Mailed check,60.82,2550.8,Yes
CUST-106951,Male,1,Yes,No,55,Yes,No,Fiber optic,Yes,No,Yes,No,No,Yes,Two year,Yes,Bank transfer (automatic),76.79,4235.76,No
CUST-104853,Male,0,No,No,35,Yes,Yes,No,No internet service,No internet service,No internet service,No internet service,No internet service,No internet service,Month-to-month,Yes,Bank transfer (automatic),32.29,1113.68,No
CUST-106462,Male,0,Yes,No,52,Yes,Yes,DSL,No,Yes,Yes,No,Yes,Yes,Month-to-month,Yes,Credit card (automatic),76.27,3943.69,No
CUST-102961,Male,0,No,Yes,3,No,No phone service,Fiber optic,No,No,No,Yes,No,Yes,Month-to-month,No,Electronic check,71.9,204.67,Yes
CUST-103115,Male,0,Yes,Yes,39,Yes,Yes,Fiber optic,Yes,Yes,No,Yes,Yes,No,Month-to-month,Yes,Electronic check,95.67,3766.94,No
CUST-103890,Female,0,No,No,27,No,No phone service,No,No internet service,No internet service,No internet service,No internet service,No internet service,No internet service,Month-to-month,No,Bank transfer (automatic),18.0,455.81,No
CUST-101114,Male,0,No,No,19,Yes,No,Fiber optic,No,No,Yes,No,Yes,No,One year,No,Electronic check,81.32,1565.57,Yes
CUST-105616,Female,0,Yes,No,34,Yes,Yes,No,No internet service,No internet service,No internet service,No internet service,No internet service,No internet service,Two year,Yes,Credit card (automatic),28.44,967.65,No
CUST-100798,Male,0,No,Yes,28,No,No phone service,No,No internet service,No internet service,No internet service,No internet service,No internet service,No internet service,Month-to-month,No,Credit card (automatic),19.67,536.94,No
CUST-106425,Female,1,No,No,34,Yes,Yes,DSL,No,Yes,No,Yes,No,Yes,Two year,Yes,Mailed check,64.18,2163.62,No
CUST-102290,Male,0,No,No,71,No,No phone service,Fiber optic,No,Yes,No,No,No,Yes,Two year,Yes,Mailed check,79.12,5607.98,Yes
CUST-105840,Female,0,No,No,42,No,No phone service,DSL,Yes,No,Yes,Yes,No,Yes,One year,Yes,Mailed check,65.22,2763.99,No
CUST-104316,Female,0,No,No,55,Yes,No,DSL,No,Yes,No,Yes,Yes,No,One year,No,Electronic check,70.11,3839.9,No
CUST-104545,Female,0,No,No,71,Yes,Yes,Fiber optic,No,No,Yes,No,No,Yes,Month-to-month,No,Mailed check,89.44,6353.46,No
CUST-102792,Female,1,No,No,62,Yes,Yes,Fiber optic,No,Yes,No,Yes,Yes,No,Month-to-month,No,Credit card (automatic),88.12,5428.72,No
CUST-101755,Male,1,No,No,33,Yes,Yes,DSL,No,No,No,No,No,Yes,Month-to-month,No,Electronic check,58.72,1919.84,No
CUST-104469,Female,0,No,No,20,Yes,No,DSL,Yes,No,Yes,Yes,Yes,No,Month-to-month,No,Electronic check,69.3,1357.72,No
CUST-103378,Female,0,No,No,57,Yes,Yes,DSL,No,Yes,No,No,Yes,Yes,Month-to-month,No,Mailed check,72.63,4141.68,No
CUST-101412,Male,0,No,No,14,Yes,No,Fiber optic,No,Yes,No,Yes,No,No,Month-to-month,No,Mailed check,70.07,944.48,No
CUST-103048,Male,0,Yes,No,52,No,No phone service,Fiber optic,No,Yes,No,No,No,Yes,Month-to-month,No,Mailed check,67.15,3476.95,Yes
CUST-102886,Female,0,Yes,No,22,Yes,Yes,Fiber optic,Yes,No,Yes,No,Yes,Yes,Month-to-month,Yes,Electronic check,98.33,2178.42,Yes
CUST-106121,Female,0,Yes,Yes,58,Yes,No,Fiber optic,No,Yes,Yes,Yes,No,Yes,Month-to-month,Yes,Mailed check,88.86,5130.28,No
CUST-101310,Female,0,No,Yes,49,Yes,No,Fiber optic,Yes,No,No,Yes,Yes,Yes,One year,Yes,Credit card (automatic),87.6,4282.22,No
CUST-101674,Female,0,No,No,20,Yes,Yes,DSL,Yes,No,No,No,No,Yes,Month-to-month,Yes,Bank transfer (automatic),61.28,1227.71,Yes
CUST-103269,Female,0,Yes,No,48,Yes,Yes,No,No internet service,No internet service,No internet service,No internet service,No internet service,No internet service,One year,No,Electronic check,28.19,1358.55,No
CUST-104061,Male,0,No,No,7,Yes,Yes,Fiber optic,No,No,Yes,No,Yes,No,Month-to-month,Yes,Credit card (automatic),83.54,622.92,Yes
CUST-100227,Female,0,No,No,29,Yes,Yes,Fiber optic,No,Yes,No,Yes,No,No,Month-to-month,Yes,Electronic check,76.83,2208.32,No
CUST-103553,Female,0,No,No,34,Yes,No,No,No internet service,No internet service,No internet service,No internet service,No internet service,No internet service,One year,Yes,Bank transfer (automatic),22.1,767.67,No
CUST-103261,Male,0,No,No,23,Yes,Yes,DSL,No,No,No,No,Yes,No,Month-to-month,No,Electronic check,56.04,1282.91,No
CUST-101297,Female,0,Yes,Yes,37,Yes,Yes,No,No internet service,No internet service,No internet service,No internet service,No internet service,No internet service,Month-to-month,Yes,Credit card (automatic),29.19,1065.21,No
CUST-106375,Female,0,Yes,No,18,Yes,No,No,No internet service,No internet service,No internet service,No internet service,No internet service,No internet service,Month-to-month,No,Mailed check,21.53,397.34,Yes
CUST-105221,Female,0,Yes,No,13,No,No phone service,No,No internet service,No internet service,No internet service,No internet service,No internet service,No internet service,Month-to-month,No,Credit card (automatic),18.0,248.29,No
CUST-103449,Male,1,Yes,Yes,49,Yes,No,Fiber optic,No,Yes,No,No,Yes,Yes,Two year,No,Credit card (automatic),89.34,4388.48,No
CUST-106429,Male,0,Yes,Yes,7,Yes,Yes,No,No internet service,No internet service,No internet service,No internet service,No internet service,No internet service,Two year,Yes,Bank transfer (automatic),31.25,206.8,No
CUST-102565,Male,1,Yes,No,56,Yes,No,Fiber optic,Yes,No,Yes,No,Yes,Yes,One year,No,Bank transfer (automatic),89.45,4986.21,No
CUST-102075,Male,0,Yes,Yes,52,Yes,No,Fiber optic,No,Yes,No,No,No,Yes,Two year,Yes,Credit card (automatic),77.87,4044.48,No
CUST-104368,Female,0,No,Yes,50,Yes,Yes,Fiber optic,No,No,No,No,Yes,Yes,Month-to-month,Yes,Mailed check,84.48,4216.56,No
CUST-105042,Male,0,Yes,No,4,Yes,No,No,No internet service,No internet service,No internet service,No internet service,No internet service,No internet service,Month-to-month,Yes,Electronic check,21.95,83.03,Yes
CUST-106892,Male,0,No,No,12,Yes,Yes,DSL,No,No,Yes,Yes,Yes,Yes,Month-to-month,No,Electronic check,77.72,975.12,No
CUST-105411,Male,0,No,No,28,Yes,Yes,No,No internet service,No internet service,No internet service,No internet service,No internet service,No internet service,Month-to-month,No,Electronic check,26.22,732.5,No
CUST-104535,Female,1,Yes,Yes,44,Yes,No,Fiber optic,No,Yes,No,No,No,Yes,Month-to-month,No,Mailed check,77.37,3409.27,No
CUST-104581,Female,0,No,No,20,Yes,Yes,Fiber optic,No,Yes,Yes,No,No,No,Two year,No,Credit card (automatic),78.44,1566.75,No
CUST-106836,Female,0,No,No,69,Yes,No,DSL,No,Yes,Yes,Yes,No,No,One year,Yes,Mailed check,63.5,4392.51,No
CUST-103439,Female,0,No,No,58,Yes,Yes,Fiber optic,Yes,Yes,No,No,Yes,No,Month-to-month,Yes,Credit card (automatic),85.94,4972.7,No
CUST-103835,Female,1,Yes,No,44,Yes,No,Fiber optic,Yes,Yes,Yes,Yes,Yes,No,Month-to-month,No,Bank transfer (automatic),88.66,3904.38,No
CUST-104150,Male,0,No,No,43,Yes,Yes,No,No internet service,No internet service,No internet service,No internet service,No internet service,No internet service,One year,Yes,Mailed check,30.07,1321.9,No
CUST-103221,Male,0,Yes,Yes,69,No,No phone service,No,No internet service,No internet service,No internet service,No internet service,No internet service,No internet service,One year,Yes,Electronic check,22.97,1567.27,No
CUST-102625,Female,0,Yes,No,15,Yes,No,Fiber optic,No,No,Yes,No,Yes,No,Month-to-month,Yes,Electronic check,82.35,1223.76,Yes
CUST-106469,Male,0,No,No,64,Yes,No,Fiber optic,No,No,No,No,Yes,No,Two year,Yes,Electronic check,73.25,4666.87,No
CUST-103423,Male,0,No,No,44,Yes,No,DSL,No,Yes,Yes,No,No,Yes,Two year,Yes,Mailed check,64.18,2832.95,No
CUST-100313,Male,0,No,No,2,Yes,Yes,Fiber optic,Yes,No,No,Yes,No,Yes,Month-to-month,No,Mailed check,90.74,187.71,Yes
CUST-104733,Male,0,No,Yes,13,Yes,No,Fiber optic,Yes,No,No,Yes,Yes,Yes,Two year,No,Electronic check,95.8,1262.52,Yes
CUST-102632,Female,0,Yes,No,41,Yes,Yes,DSL,No,No,No,No,No,No,One year,No,Bank transfer (automatic),49.53,2008.34,No
CUST-100755,Male,0,Yes,Yes,70,Yes,No,DSL,No,Yes,Yes,No,No,Yes,Two year,No,Electronic check,62.51,4370.74,No
CUST-106055,Female,0,Yes,No,67,No,No phone service,No,No internet service,No internet service,No internet service,No internet service,No internet service,No internet service,Month-to-month,Yes,Bank transfer (automatic),18.0,1202.43,No
CUST-103169,Female,1,No,No,19,Yes,Yes,No,No internet service,No internet service,No internet service,No internet service,No internet service,No internet service,Month-to-month,No,Bank transfer (automatic),31.91,600.31,No
CUST-103856,Male,0,Yes,No,29,Yes,No,Fiber optic,No,No,No,Yes,No,Yes,One year,No,Electronic check,77.55,2228.76,No
CUST-106628,Male,0,Yes,Yes,39,Yes,Yes,No,No internet service,No internet service,No internet service,No internet service,No internet service,No internet service,Two year,No,Bank transfer (automatic),24.48,973.02,No
CUST-105312,Male,0,Yes,No,43,Yes,No,No,No internet service,No internet service,No internet service,No internet service,No internet service,No internet service,One year,Yes,Mailed check,24.08,1046.37,No
CUST-103768,Female,1,No,No,61,Yes,Yes,Fiber optic,Yes,Yes,Yes,No,Yes,No,Two year,No,Bank transfer (automatic),94.25,5752.2,No
CUST-100126,Male,1,Yes,Yes,56,No,No phone service,DSL,Yes,No,No,Yes,Yes,Yes,Month-to-month,Yes,Electronic check,62.33,3500.63,No
CUST-103343,Female,0,No,No,0,Yes,No,DSL,No,No,No,Yes,No,No,Month-to-month,No,Bank transfer (automatic),54.51,54.51,No
CUST-104303,Male,0,Yes,Yes,70,Yes,Yes,DSL,Yes,Yes,Yes,No,Yes,No,Month-to-month,Yes,Credit card (automatic),74.84,5248.91,No
CUST-102801,Male,0,No,No,17,No,No phone service,DSL,No,No,No,Yes,Yes,No,Month-to-month,Yes,Electronic check,52.78,885.26,No
CUST-103597,Female,0,Yes,Yes,47,Yes,No,DSL,No,Yes,Yes,Yes,Yes,No,One year,No,Credit card (automatic),70.74,3349.47,No
CUST-104508,Male,1,Yes,Yes,70,Yes,Yes,Fiber optic,No,Yes,Yes,Yes,No,Yes,Two year,Yes,Electronic check,95.33,6663.08,No
CUST-102345,Male,1,No,No,7,Yes,No,No,No internet service,No internet service,No internet service,No internet service,No internet service,No internet service,One year,Yes,Electronic check,26.54,195.41,No
CUST-105529,Male,0,No,No,11,Yes,Yes,DSL,Yes,No,No,Yes,No,Yes,Month-to-month,No,Mailed check,70.58,789.07,No
CUST-101272,Female,0,Yes,Yes,4,Yes,Yes,No,No internet service,No internet service,No internet service,No internet service,No internet service,No internet service,Two year,Yes,Credit card (automatic),27.26,90.29,No
CUST-100285,Female,1,No,No,63,Yes,No,No,No internet service,No internet service,No internet service,No internet service,No internet service,No internet service,Month-to-month,No,Credit card (automatic),23.98,1544.09,No
CUST-102143,Female,0,Yes,Yes,27,Yes,No,No,No internet service,No internet service,No internet service,No internet service,No internet service,No internet service,Month-to-month,Yes,Electronic check,22.36,596.13,No
CUST-101228,Male,0,No,No,42,Yes,Yes,Fiber optic,Yes,Yes,No,Yes,No,No,Month-to-month,Yes,Bank transfer (automatic),88.62,3705.6,Yes
CUST-103326,Male,0,Yes,No,4,No,No phone service,Fiber optic,No,Yes,Yes,No,No,Yes,One year,Yes,Bank transfer (automatic),77.27,314.58,No
CUST-106812,Male,0,Yes,Yes,41,Yes,No,Fiber optic,Yes,No,No,No,Yes,No,Month-to-month,Yes,Electronic check,75.14,3074.37,No
CUST-104536,Male,0,No,No,29,Yes,No,Fiber optic,No,No,No,No,No,No,One year,Yes,Mailed check,66.78,1915.72,Yes
CUST-102012,Male,0,Yes,Yes,36,Yes,No,DSL,No,No,No,No,No,No,Month-to-month,Yes,Electronic check,47.16,1678.62,No
CUST-102209,Male,0,Yes,No,72,Yes,No,Fiber optic,Yes,No,Yes,No,No,Yes,Month-to-month,No,Mailed check,84.48,6118.08,No
CUST-102558,Male,0,Yes,No,59,Yes,Yes,No,No internet service,No internet service,No internet service,No internet service,No internet service,No internet service,Month-to-month,No,Bank transfer (automatic),30.74,1816.93,No
CUST-100171,Male,0,No,No,13,Yes,Yes,DSL,Yes,No,No,No,No,Yes,Month-to-month,Yes,Credit card (automatic),67.16,900.49,No
CUST-104612,Female,1,No,No,35,Yes,Yes,DSL,Yes,No,Yes,No,Yes,No,One year,No,Mailed check,67.57,2378.57,No
CUST-103506,Female,0,No,No,15,Yes,No,Fiber optic,No,No,No,No,Yes,Yes,Two year,No,Mailed check,84.39,1295.9,No
CUST-105576,Female,0,Yes,No,1,No,No phone service,Fiber optic,No,Yes,Yes,Yes,No,No,Month-to-month,No,Bank transfer (automatic),75.95,104.88,No
CUST-103430,Male,0,No,No,40,Yes,Yes,No,No internet service,No internet service,No internet service,No internet service,No internet service,No internet service,Month-to-month,Yes,Bank transfer (automatic),31.3,1272.75,No
CUST-104117,Male,0,No,Yes,32,Yes,No,DSL,No,No,No,No,Yes,No,Month-to-month,No,Electronic check,58.17,1899.73,Yes
CUST-103983,Female,0,Yes,Yes,6,No,No phone service,No,No internet service,No internet service,No internet service,No internet service,No internet service,No internet service,Two year,No,Electronic check,18.0,120.03,No
CUST-100250,Male,0,Yes,Yes,72,Yes,Yes,DSL,No,No,Yes,Yes,Yes,No,Month-to-month,Yes,Electronic check,71.71,5149.76,No
CUST-101667,Female,0,No,No,31,Yes,No,Fiber optic,No,Yes,No,Yes,Yes,Yes,Month-to-month,Yes,Electronic check,91.51,2858.67,Yes
CUST-103579,Male,1,No,No,14,Yes,No,Fiber optic,No,Yes,Yes,No,No,No,One year,Yes,Bank transfer (automatic),74.39,1030.63,No
CUST-102089,Male,0,No,No,46,No,No phone service,DSL,No,Yes,No,No,No,Yes,Two year,Yes,Mailed check,56.22,2583.14,No
CUST-100048,Female,0,No,No,15,Yes,Yes,Fiber optic,No,No,No,No,No,Yes,Two year,Yes,Electronic check,75.57,1138.93,Yes
CUST-100111,Female,0,Yes,Yes,62,Yes,Yes,Fiber optic,No,No,Yes,Yes,No,No,Month-to-month,No,Electronic check,78.32,4875.31,Yes
CUST-103277,Male,0,No,No,38,Yes,Yes,No,No internet service,No internet service,No internet service,No internet service,No internet service,No internet service,Month-to-month,Yes,Electronic check,29.45,1091.33,No
CUST-104337,Male,0,Yes,No,50,Yes,Yes,DSL,No,No,Yes,No,Yes,Yes,One year,Yes,Credit card (automatic),70.38,3521.45,No
CUST-101464,Female,0,Yes,Yes,64,Yes,Yes,DSL,Yes,Yes,No,Yes,Yes,No,Month-to-month,No,Credit card (automatic),75.96,4836.86,No
CUST-106804,Male,1,No,No,49,Yes,Yes,Fiber optic,No,Yes,No,No,No,Yes,Month-to-month,Yes,Electronic check,77.74,3835.6,No
CUST-100612,Female,0,Yes,No,21,Yes,No,Fiber optic,No,No,Yes,No,No,Yes,Month-to-month,Yes,Electronic check,81.52,1696.56,Yes
CUST-105622,Male,1,Yes,Yes,28,Yes,Yes,No,No internet service,No internet service,No internet service,No internet service,No internet service,No internet service,Month-to-month,Yes,Credit card (automatic),28.05,786.35,No
CUST-102114,Female,0,Yes,Yes,42,Yes,No,No,No internet service,No internet service,No internet service,No internet service,No internet service,No internet service,Two year,No,Credit card (automatic),24.95,1042.78,No
CUST-103122,Male,0,No,No,2,Yes,No,Fiber optic,Yes,Yes,No,No,Yes,No,One year,No,Bank transfer (automatic),79.76,164.26,No
CUST-100672,Female,1,No,No,12,Yes,No,Fiber optic,No,No,No,Yes,Yes,No,Month-to-month,No,Electronic check,77.28,956.37,Yes
CUST-100881,Female,0,Yes,Yes,23,Yes,Yes,DSL,No,Yes,Yes,Yes,No,No,Month-to-month,Yes,Electronic check,68.72,1605.88,No
CUST-105960,Male,1,Yes,Yes,0,Yes,No,Fiber optic,No,No,Yes,Yes,Yes,Yes,Month-to-month,Yes,Electronic check,88.57,88.57,Yes
CUST-103094,Female,1,No,No,57,Yes,Yes,No,No internet service,No internet service,No internet service,No internet service,No internet service,No internet service,Two year,No,Credit card (automatic),23.71,1361.0,No
CUST-104361,Female,0,No,No,62,Yes,No,Fiber optic,Yes,No,No,No,No,Yes,Month-to-month,Yes,Bank transfer (automatic),76.4,4690.54,No
CUST-103916,Male,0,No,No,36,Yes,No,DSL,No,No,Yes,Yes,No,No,Month-to-month,Yes,Electronic check,59.07,2139.07,No
CUST-103331,Female,0,Yes,Yes,13,Yes,No,Fiber optic,Yes,No,No,Yes,No,No,One year,No,Electronic check,72.13,938.98,No
CUST-104276,Male,0,No,No,31,Yes,No,Fiber optic,No,No,No,Yes,Yes,Yes,Month-to-month,No,Mailed check,85.58,2661.57,No
CUST-104211,Female,0,No,No,38,Yes,Yes,Fiber optic,Yes,No,No,No,No,Yes,Month-to-month,Yes,Credit card (automatic),83.05,3159.78,No
CUST-105863,Male,0,Yes,No,49,Yes,Yes,Fiber optic,Yes,Yes,No,Yes,No,Yes,Month-to-month,Yes,Mailed check,99.81,4902.88,No
CUST-102084,Male,0,No,No,51,Yes,No,DSL,Yes,No,No,No,No,No,One year,Yes,Credit card (automatic),55.97,2872.89,No
CUST-101308,Male,0,Yes,No,13,Yes,No,DSL,No,No,Yes,Yes,No,No,Month-to-month,Yes,Mailed check,58.68,711.41,No
CUST-101602,Female,0,Yes,No,6,No,No phone service,Fiber optic,Yes,No,Yes,No,No,Yes,One year,Yes,Credit card (automatic),80.04,465.52,No
CUST-103682,Male,0,No,No,2,Yes,Yes,Fiber optic,No,No,No,Yes,No,No,One year,Yes,Mailed check,76.66,158.47,Yes
CUST-106010,Male,0,Yes,No,67,No,No phone service,Fiber optic,No,Yes,Yes,Yes,No,Yes,Two year,No,Credit card (automatic),81.6,5458.17,No
CUST-106184,Male,0,Yes,No,22,Yes,Yes,No,No internet service,No internet service,No internet service,No internet service,No internet service,No internet service,Month-to-month,No,Mailed check,24.85,539.98,No
CUST-105780,Male,1,No,No,38,Yes,No,Fiber optic,Yes,No,No,No,Yes,No,One year,Yes,Credit card (automatic),77.29,2939.61,No
CUST-103202,Female,1,Yes,Yes,31,No,No phone service,No,No internet service,No internet service,No internet service,No internet service,No internet service,No internet service,Month-to-month,No,Credit card (automatic),18.0,565.06,Yes
CUST-102857,Female,1,Yes,No,37,Yes,No,No,No internet service,No internet service,No internet service,No internet service,No internet service,No internet service,Month-to-month,Yes,Mailed check,21.15,777.93,No
CUST-105670,Male,0,No,No,37,Yes,No,DSL,No,No,No,No,Yes,No,Month-to-month,Yes,Electronic check,55.98,2079.74,Yes
CUST-101440,Female,1,No,No,1,Yes,No,DSL,Yes,No,Yes,No,No,No,One year,Yes,Electronic check,63.42,52.56,Yes
CUST-101337,Male,0,No,No,51,Yes,Yes,No,No internet service,No internet service,No internet service,No internet service,No internet service,No internet service,Two year,Yes,Credit card (automatic),33.79,1715.43,No
CUST-106018,Female,0,No,No,9,Yes,No,Fiber optic,No,No,Yes,Yes,No,No,One year,No,Mailed check,72.66,663.5,No
CUST-100959,Male,0,Yes,Yes,16,Yes,Yes,Fiber optic,No,No,No,No,No,No,One year,No,Mailed check,72.01,1143.41,No
CUST-102888,Male,1,No,No,3,Yes,Yes,DSL,No,No,No,No,Yes,No,Two year,Yes,Bank transfer (automatic),59.99,198.67,Yes
CUST-106367,Male,0,No,No,32,Yes,No,DSL,Yes,No,No,Yes,No,Yes,Month-to-month,Yes,Credit card (automatic),59.59,1914.56,No
CUST-106212,Female,1,Yes,No,35,Yes,Yes,No,No internet service,No internet service,No internet service,No internet service,No internet service,No internet service,Two year,Yes,Bank transfer (automatic),33.35,1160.34,No
CUST-102788,Male,0,No,No,21,Yes,No,Fiber optic,No,No,No,Yes,Yes,Yes,Two year,No,Bank transfer (automatic),86.64,1827.65,No
CUST-100882,Male,0,Yes,Yes,52,Yes,No,No,No internet service,No internet service,No internet service,No internet service,No internet service,No internet service,Month-to-month,No,Electronic check,23.42,1257.03,No
CUST-100567,Male,0,Yes,Yes,45,Yes,No,No,No internet service,No internet service,No internet service,No internet service,No internet service,No internet service,One year,Yes,Credit card (automatic),22.1,985.41,No
CUST-102421,Female,0,No,No,10,Yes,No,DSL,Yes,Yes,No,Yes,Yes,Yes,Two year,Yes,Mailed check,78.46,792.92,No
CUST-104235,Male,0,Yes,No,12,Yes,No,Fiber optic,No,No,No,No,No,Yes,Month-to-month,Yes,Electronic check,72.23,853.98,Yes
CUST-106853,Male,0,Yes,No,62,Yes,Yes,Fiber optic,Yes,No,No,No,No,Yes,Two year,No,Electronic check,84.94,5248.7,No
CUST-102926,Female,0,No,No,49,Yes,No,DSL,Yes,Yes,No,No,Yes,Yes,Month-to-month,Yes,Credit card (automatic),73.03,3576.12,No
CUST-103915,Male,0,No,Yes,31,Yes,No,Fiber optic,Yes,No,Yes,No,Yes,No,One year,No,Electronic check,82.38,2589.1,Yes
CUST-100344,Female,1,Yes,No,44,Yes,No,No,No internet service,No internet service,No internet service,No internet service,No internet service,No internet service,Month-to-month,Yes,Electronic check,21.51,922.62,No
CUST-102950,Male,0,Yes,No,58,Yes,No,DSL,No,No,No,No,Yes,No,Two year,Yes,Bank transfer (automatic),49.04,2816.91,No
CUST-105141,Male,1,Yes,Yes,38,Yes,No,Fiber optic,Yes,No,Yes,No,No,Yes,Month-to-month,No,Bank transfer (automatic),79.41,3000.94,Yes
CUST-100572,Male,0,No,No,15,Yes,Yes,Fiber optic,No,Yes,Yes,Yes,No,No,Two year,No,Electronic check,86.39,1319.61,No
CUST-103017,Male,0,Yes,No,14,Yes,No,Fiber optic,Yes,Yes,No,No,Yes,No,One year,No,Electronic check,85.75,1195.53,No
CUST-103421,Female,0,No,No,3,Yes,No,DSL,No,No,Yes,No,Yes,Yes,Month-to-month,Yes,Electronic check,63.73,197.98,No
CUST-101987,Male,0,Yes,No,9,Yes,No,DSL,Yes,Yes,Yes,No,No,Yes,Two year,Yes,Credit card (automatic),64.47,607.41,No
CUST-105956,Male,0,No,No,56,Yes,Yes,DSL,Yes,No,No,No,No,Yes,Month-to-month,Yes,Mailed check,60.26,3344.83,No
CUST-105377,Male,0,No,No,49,Yes,No,No,No internet service,No internet service,No internet service,No internet service,No internet service,No internet service,One year,Yes,Electronic check,23.58,1175.54,No
CUST-106937,Male,1,Yes,Yes,14,Yes,Yes,Fiber optic,No,No,Yes,Yes,No,Yes,One year,No,Electronic check,86.34,1183.16,Yes
CUST-103467,Male,0,No,No,20,Yes,Yes,Fiber optic,Yes,Yes,Yes,Yes,No,Yes,Two year,Yes,Electronic check,99.47,1975.93,Yes
CUST-106807,Female,0,No,No,27,No,No phone service,No,No internet service,No internet service,No internet service,No internet service,No internet service,No internet service,Two year,Yes,Electronic check,18.0,539.0,No
CUST-104221,Female,1,Yes,Yes,53,Yes,No,No,No internet service,No internet service,No internet service,No internet service,No internet service,No internet service,Two year,Yes,Electronic check,22.62,1212.49,No
CUST-102971,Male,0,No,Yes,25,Yes,Yes,DSL,No,Yes,No,No,No,No,Month-to-month,Yes,Bank transfer (automatic),53.01,1306.69,No
CUST-104289,Male,0,No,Yes,32,Yes,No,DSL,No,Yes,Yes,Yes,No,Yes,Two year,Yes,Bank transfer (automatic),69.5,2218.83,No
CUST-100929,Female,0,No,No,63,Yes,No,Fiber optic,Yes,Yes,Yes,Yes,No,Yes,Two year,No,Electronic check,95.6,6033.05,No
CUST-106362,Female,0,Yes,No,5,Yes,No,Fiber optic,No,Yes,Yes,No,Yes,No,One year,No,Credit card (automatic),83.03,405.96,Yes
CUST-100748,Male,0,Yes,No,15,No,No phone service,DSL,Yes,No,No,Yes,Yes,Yes,One year,Yes,Electronic check,61.06,883.88,No
CUST-101788,Male,0,No,No,42,Yes,No,DSL,Yes,No,Yes,No,No,No,Two year,Yes,Credit card (automatic),53.36,2229.44,No
CUST-106653,Male,0,Yes,No,22,No,No phone service,Fiber optic,No,No,No,Yes,Yes,No,Month-to-month,Yes,Electronic check,67.42,1437.43,No
CUST-102502,Female,0,No,No,42,No,No phone service,Fiber optic,Yes,Yes,Yes,No,No,No,Month-to-month,No,Electronic check,82.37,3489.96,Yes
CUST-106874,Male,0,Yes,No,49,Yes,No,No,No internet service,No internet service,No internet service,No internet service,No internet service,No internet service,Month-to-month,No,Mailed check,23.6,1203.95,No
CUST-106702,Female,0,No,No,44,Yes,No,No,No internet service,No internet service,No internet service,No internet service,No internet service,No internet service,One year,Yes,Bank transfer (automatic),19.62,863.49,No
CUST-102215,Male,0,Yes,Yes,68,Yes,No,Fiber optic,Yes,No,Yes,Yes,Yes,Yes,One year,No,Mailed check,97.75,6620.14,Yes
CUST-101064,Female,0,Yes,No,32,Yes,No,No,No internet service,No internet service,No internet service,No internet service,No internet service,No internet service,Month-to-month,Yes,Mailed check,20.69,629.3,No
CUST-101381,Male,0,No,No,65,Yes,Yes,No,No internet service,No internet service,No internet service,No internet service,No internet service,No internet service,Month-to-month,Yes,Electronic check,23.88,1564.36,No
CUST-105838,Male,0,No,No,19,Yes,No,DSL,No,No,Yes,No,No,Yes,Two year,Yes,Credit card (automatic),55.86,1051.79,No
CUST-100517,Male,0,Yes,Yes,49,Yes,Yes,Fiber optic,No,Yes,No,No,No,Yes,Month-to-month,Yes,Bank transfer (automatic),85.34,4215.46,Yes
CUST-106458,Male,0,No,No,53,Yes,Yes,No,No internet service,No internet service,No internet service,No internet service,No internet service,No internet service,Month-to-month,Yes,Credit card (automatic),21.88,1168.76,No
CUST-102383,Male,1,No,No,61,No,No phone service,Fiber optic,Yes,Yes,Yes,Yes,No,No,One year,Yes,Electronic check,83.66,5109.71,No
CUST-100229,Male,0,No,No,19,Yes,Yes,DSL,No,No,Yes,Yes,Yes,No,One year,No,Credit card (automatic),68.23,1287.6,No
CUST-102970,Female,0,No,No,70,Yes,No,DSL,Yes,Yes,Yes,No,No,Yes,Two year,Yes,Mailed check,71.27,4978.87,No
CUST-102175,Female,1,Yes,Yes,24,Yes,No,No,No internet service,No internet service,No internet service,No internet service,No internet service,No internet service,Month-to-month,No,Electronic check,25.04,586.71,No
CUST-102531,Female,0,Yes,Yes,55,No,No phone service,No,No internet service,No internet service,No internet service,No internet service,No internet service,No internet service,Month-to-month,No,Electronic check,21.02,1164.07,No
CUST-103218,Female,0,No,Yes,55,Yes,No,Fiber optic,Yes,Yes,No,Yes,Yes,Yes,Month-to-month,No,Mailed check,97.89,5351.54,No
CUST-106642,Female,0,No,No,50,Yes,No,Fiber optic,Yes,No,No,Yes,Yes,Yes,Month-to-month,Yes,Bank transfer (automatic),89.26,4472.73,No
CUST-103623,Male,1,No,No,59,Yes,No,Fiber optic,No,Yes,Yes,Yes,No,No,One year,Yes,Bank transfer (automatic),80.39,4737.57,Yes
CUST-102077,Male,0,No,No,49,Yes,No,Fiber optic,No,No,No,Yes,Yes,No,Month-to-month,No,Credit card (automatic),79.49,3908.99,Yes
CUST-104008,Male,0,No,No,25,Yes,Yes,No,No internet service,No internet service,No internet service,No internet service,No internet service,No internet service,One year,Yes,Electronic check,27.73,651.74,Yes
CUST-106558,Female,0,Yes,Yes,4,Yes,Yes,Fiber optic,No,No,Yes,No,No,Yes,Month-to-month,No,Credit card (automatic),81.6,304.95,No
CUST-106661,Female,0,No,No,14,Yes,No,Fiber optic,No,Yes,Yes,No,Yes,Yes,Month-to-month,No,Mailed check,90.88,1275.97,Yes
CUST-106977,Male,0,No,No,29,Yes,No,DSL,No,No,No,No,No,Yes,Two year,Yes,Electronic check,56.37,1657.98,No
CUST-105372,Male,0,Yes,No,18,Yes,Yes,Fiber optic,No,Yes,Yes,No,No,No,Two year,No,Electronic check,83.98,1512.11,No
CUST-102940,Female,0,No,No,10,Yes,No,DSL,No,No,Yes,Yes,No,Yes,Month-to-month,No,Electronic check,58.53,612.62,Yes
CUST-105175,Male,0,Yes,Yes,66,Yes,No,Fiber optic,No,No,Yes,No,No,Yes,Month-to-month,Yes,Credit card (automatic),75.89,5012.37,Yes
CUST-105907,Female,0,Yes,Yes,18,Yes,No,Fiber optic,No,No,No,No,Yes,No,Month-to-month,Yes,Bank transfer (automatic),74.78,1365.64,Yes
CUST-106544,Male,0,No,No,37,Yes,Yes,Fiber optic,Yes,No,No,No,No,Yes,Month-to-month,Yes,Credit card (automatic),78.88,2937.6,No
CUST-105509,Female,0,No,No,5,Yes,Yes,No,No internet service,No internet service,No internet service,No internet service,No internet service,No internet service,One year,Yes,Electronic check,22.91,118.24,No
CUST-101254,Female,1,No,No,20,Yes,No,Fiber optic,No,No,Yes,No,Yes,Yes,Two year,No,Bank transfer (automatic),86.99,1731.36,Yes
CUST-103665,Male,0,Yes,Yes,36,Yes,No,Fiber optic,No,Yes,Yes,No,No,No,Month-to-month,No,Credit card (automatic),70.92,2548.42,Yes
CUST-106393,Female,1,Yes,Yes,53,Yes,No,Fiber optic,No,No,No,Yes,Yes,No,Two year,Yes,Electronic check,81.62,4350.52,Yes
CUST-105433,Female,1,No,No,65,Yes,Yes,DSL,Yes,No,Yes,No,Yes,No,Month-to-month,No,Credit card (automatic),65.58,4281.72,No
CUST-100006,Male,0,No,No,44,Yes,No,No,No internet service,No internet service,No internet service,No internet service,No internet service,No internet service,Two year,No,Credit card (automatic),18.0,794.12,No
CUST-105993,Female,0,No,No,7,Yes,Yes,Fiber optic,No,No,No,Yes,Yes,No,Month-to-month,No,Electronic check,84.0,628.79,No
CUST-105705,Female,1,No,No,32,Yes,No,Fiber optic,No,Yes,No,No,Yes,No,Two year,Yes,Credit card (automatic),78.52,2510.68,No
CUST-101580,Male,0,No,No,44,Yes,No,Fiber optic,No,No,Yes,No,No,Yes,Month-to-month,Yes,Electronic check,77.72,3409.59,Yes
CUST-106963,Female,0,Yes,Yes,59,Yes,No,DSL,No,No,Yes,Yes,Yes,Yes,Month-to-month,Yes,Bank transfer (automatic),71.65,4234.15,No
CUST-102993,Female,0,Yes,No,32,Yes,Yes,No,No internet service,No internet service,No internet service,No internet service,No internet service,No internet service,One year,Yes,Bank transfer (automatic),30.8,997.27,No
CUST-106999,Female,0,Yes,Yes,20,Yes,Yes,DSL,No,No,No,No,No,No,Month-to-month,Yes,Bank transfer (automatic),49.06,940.78,No
CUST-100280,Male,0,Yes,Yes,69,Yes,Yes,Fiber optic,Yes,No,Yes,No,No,No,Month-to-month,No,Electronic check,77.16,5317.78,No
CUST-103390,Male,0,No,No,54,Yes,No,DSL,No,Yes,Yes,No,No,No,Two year,Yes,Mailed check,54.41,2918.34,No
CUST-103044,Male,0,Yes,Yes,32,Yes,No,Fiber optic,No,No,Yes,No,No,No,Month-to-month,Yes,Electronic check,70.47,2220.01,No
CUST-104306,Female,0,No,Yes,43,Yes,No,Fiber optic,No,No,Yes,No,Yes,Yes,Month-to-month,Yes,Electronic check,85.2,3687.67,No
CUST-101129,Female,0,No,No,32,Yes,No,DSL,Yes,Yes,Yes,No,Yes,No,Month-to-month,No,Credit card (automatic),74.97,2385.76,No
CUST-104313,Male,0,Yes,No,15,Yes,No,DSL,No,Yes,Yes,No,Yes,No,Month-to-month,Yes,Electronic check,64.15,952.32,Yes
CUST-103933,Female,0,No,No,41,Yes,Yes,DSL,No,No,Yes,No,No,No,Month-to-month,No,Electronic check,52.95,2188.91,No
CUST-102217,Female,1,No,Yes,33,Yes,No,Fiber optic,No,No,No,No,No,No,Two year,No,Mailed check,63.04,2058.69,Yes
CUST-101702,Female,0,No,No,25,Yes,No,Fiber optic,No,No,Yes,Yes,Yes,No,Two year,No,Bank transfer (automatic),82.87,2065.6,No
CUST-103465,Female,0,No,Yes,71,Yes,No,Fiber optic,Yes,No,No,Yes,No,Yes,Month-to-month,No,Bank transfer (automatic),82.36,5819.34,No
CUST-106580,Male,0,No,No,50,Yes,Yes,DSL,No,Yes,Yes,No,No,No,Two year,No,Electronic check,60.88,3014.44,No
CUST-100180,Female,0,No,No,7,Yes,No,DSL,No,No,Yes,Yes,No,Yes,Month-to-month,Yes,Bank transfer (automatic),60.6,426.5,Yes
CUST-103362,Male,0,Yes,Yes,47,Yes,No,DSL,Yes,No,Yes,No,No,Yes,One year,No,Bank transfer (automatic),60.15,2860.45,No
CUST-102338,Male,0,No,No,60,No,No phone service,No,No internet service,No internet service,No internet service,No internet service,No internet service,No internet service,One year,No,Electronic check,20.29,1226.45,No
CUST-106426,Female,0,No,No,47,Yes,No,No,No internet service,No internet service,No internet service,No internet service,No internet service,No internet service,Month-to-month,Yes,Bank transfer (automatic),21.97,1002.45,Yes
CUST-104237,Male,0,No,No,41,Yes,Yes,Fiber optic,No,Yes,No,No,No,No,Month-to-month,Yes,Mailed check,73.22,3010.64,No
CUST-101782,Male,1,No,No,25,Yes,No,Fiber optic,No,Yes,No,Yes,Yes,No,Month-to-month,No,Credit card (automatic),84.57,2096.85,Yes
CUST-100431,Female,0,No,No,0,Yes,Yes,Fiber optic,Yes,Yes,No,No,No,No,Month-to-month,Yes,Electronic check,80.83,80.83,Yes
CUST-102806,Male,0,No,No,33,Yes,No,Fiber optic,Yes,Yes,Yes,No,No,No,Month-to-month,Yes,Mailed check,81.22,2694.24,No
CUST-100569,Female,0,Yes,Yes,62,Yes,Yes,Fiber optic,No,Yes,Yes,No,Yes,Yes,Two year,Yes,Credit card (automatic),99.72,6207.31,No
CUST-106498,Male,0,Yes,Yes,50,Yes,No,No,No internet service,No internet service,No internet service,No internet service,No internet service,No internet service,One year,Yes,Credit card (automatic),18.0,854.64,No
CUST-100087,Male,0,No,Yes,69,Yes,No,Fiber optic,No,No,No,No,Yes,No,Two year,No,Mailed check,68.9,4749.23,Yes
CUST-104777,Female,0,No,No,47,Yes,No,Fiber optic,No,Yes,No,No,No,No,Two year,Yes,Mailed check,66.44,3163.57,No
CUST-102644,Male,0,Yes,Yes,17,Yes,No,DSL,No,No,No,No,Yes,Yes,Two year,No,Bank transfer (automatic),61.18,1051.85,No
CUST-106394,Female,0,Yes,No,44,Yes,Yes,DSL,No,Yes,Yes,Yes,No,No,Month-to-month,Yes,Credit card (automatic),63.7,2805.53,No
CUST-103560,Male,0,Yes,No,71,Yes,Yes,Fiber optic,No,Yes,No,No,Yes,No,Two year,No,Electronic check,84.98,6008.67,No
CUST-101949,Male,0,Yes,No,57,Yes,No,DSL,No,Yes,Yes,No,Yes,Yes,Month-to-month,Yes,Electronic check,73.17,4136.22,No
CUST-101825,Female,0,Yes,Yes,55,Yes,Yes,DSL,No,No,Yes,Yes,Yes,Yes,Two year,Yes,Electronic check,78.36,4295.41,No
CUST-105240,Male,0,No,No,59,Yes,Yes,No,No internet service,No internet service,No internet service,No internet service,No internet service,No internet service,Two year,No,Electronic check,30.28,1755.37,No
CUST-104754,Male,0,Yes,No,38,Yes,No,No,No internet service,No internet service,No internet service,No internet service,No internet service,No internet service,One year,No,Bank transfer (automatic),24.14,932.82,No
CUST-102556,Female,0,Yes,No,21,Yes,No,DSL,Yes,No,No,No,No,No,Month-to-month,Yes,Electronic check,51.32,1073.4,Yes
CUST-104544,Male,1,No,No,54,Yes,Yes,No,No internet service,No internet service,No internet service,No internet service,No internet service,No internet service,Month-to-month,No,Electronic check,29.24,1588.41,No
CUST-104132,Female,1,No,No,60,Yes,No,DSL,Yes,No,No,No,Yes,Yes,Month-to-month,No,Credit card (automatic),70.24,4197.56,No
CUST-103594,Male,0,Yes,No,28,No,No phone service,Fiber optic,No,No,Yes,Yes,No,No,Month-to-month,No,Mailed check,71.79,2015.52,No
CUST-105566,Male,0,Yes,Yes,26,Yes,Yes,No,No internet service,No internet service,No internet service,No internet service,No internet service,No internet service,Two year,Yes,Electronic check,28.35,754.09,No
CUST-101699,Female,0,No,No,28,Yes,Yes,DSL,No,No,Yes,Yes,No,Yes,One year,Yes,Mailed check,67.94,1884.26,No
CUST-102675,Female,1,Yes,No,33,Yes,No,DSL,No,No,Yes,Yes,Yes,No,One year,Yes,Credit card (automatic),63.82,2140.83,No
CUST-104990,Female,0,No,No,5,Yes,No,Fiber optic,No,Yes,No,Yes,Yes,Yes,Two year,Yes,Bank transfer (automatic),91.61,456.74,Yes
CUST-104352,Female,0,No,Yes,64,Yes,No,DSL,No,Yes,Yes,No,No,No,Month-to-month,Yes,Electronic check,54.12,3471.82,No
CUST-104674,Female,0,Yes,Yes,26,No,No phone service,DSL,No,No,Yes,No,No,No,Two year,No,Mailed check,46.26,1175.53,No
CUST-103992,Male,0,No,Yes,35,Yes,No,DSL,Yes,No,No,No,No,No,Month-to-month,No,Credit card (automatic),50.16,1748.51,No
CUST-106456,Male,0,Yes,Yes,23,Yes,Yes,DSL,Yes,No,No,Yes,No,No,Two year,No,Mailed check,57.95,1370.73,No
CUST-104029,Male,0,Yes,No,32,Yes,No,Fiber optic,Yes,No,No,Yes,Yes,No,Two year,Yes,Credit card (automatic),76.01,2412.83,No
CUST-104622,Female,0,Yes,No,3,Yes,Yes,No,No internet service,No internet service,No internet service,No internet service,No internet service,No internet service,Month-to-month,Yes,Mailed check,27.98,66.61,No
CUST-100855,Female,0,Yes,Yes,39,Yes,No,DSL,No,Yes,No,No,No,Yes,Month-to-month,No,Electronic check,58.53,2274.49,No
CUST-100264,Female,0,No,No,47,No,No phone service,Fiber optic,No,Yes,No,No,Yes,Yes,One year,Yes,Bank transfer (automatic),79.53,3735.18,No
CUST-105586,Male,0,Yes,No,22,Yes,No,Fiber optic,No,No,Yes,No,No,No,Month-to-month,Yes,Bank transfer (automatic),70.49,1557.36,Yes
CUST-102496,Female,0,No,No,1,Yes,No,DSL,No,Yes,Yes,No,Yes,Yes,Month-to-month,Yes,Bank transfer (automatic),69.31,68.88,Yes
CUST-104016,Male,1,No,No,26,Yes,Yes,No,No internet service,No internet service,No internet service,No internet service,No internet service,No internet service,Month-to-month,Yes,Electronic check,27.52,714.06,No
CUST-106551,Female,0,Yes,No,72,Yes,No,DSL,Yes,No,No,Yes,Yes,No,Two year,Yes,Credit card (automatic),61.73,4450.2,No
CUST-100486,Male,0,Yes,Yes,31,Yes,Yes,Fiber optic,No,Yes,Yes,No,No,No,Month-to-month,No,Bank transfer (automatic),79.04,2469.51,No
CUST-104456,Female,0,Yes,No,28,Yes,No,Fiber optic,No,No,Yes,Yes,No,No,Month-to-month,No,Credit card (automatic),73.97,2069.95,No
CUST-106720,Female,0,No,No,47,Yes,No,No,No internet service,No internet service,No internet service,No internet service,No internet service,No internet service,Month-to-month,No,Bank transfer (automatic),23.69,1149.27,No
CUST-106722,Male,0,Yes,No,27,Yes,No,No,No internet service,No internet service,No internet service,No internet service,No internet service,No internet service,Month-to-month,Yes,Mailed check,20.29,552.65,No
CUST-101584,Female,1,No,No,45,Yes,No,No,No internet service,No internet service,No internet service,No internet service,No internet service,No internet service,One year,Yes,Mailed check,25.48,1133.39,No
CUST-101374,Female,0,No,No,28,Yes,Yes,Fiber optic,Yes,No,Yes,Yes,Yes,Yes,One year,No,Electronic check,105.24,2950.51,Yes
CUST-102578,Female,0,No,No,21,Yes,No,No,No internet service,No internet service,No internet service,No internet service,No internet service,No internet service,One year,Yes,Bank transfer (automatic),20.26,436.81,No
CUST-104001,Female,0,No,No,38,Yes,No,Fiber optic,No,Yes,No,No,Yes,Yes,One year,No,Mailed check,89.0,3370.36,No
CUST-103355,Male,0,No,No,39,Yes,Yes,Fiber optic,No,Yes,No,Yes,No,No,One year,No,Mailed check,75.6,2961.68,No
CUST-103065,Female,0,No,No,56,Yes,No,DSL,No,No,Yes,Yes,No,Yes,Two year,No,Mailed check,63.98,3574.62,No
CUST-104708,Female,0,Yes,Yes,38,Yes,No,No,No internet service,No internet service,No internet service,No internet service,No internet service,No internet service,Month-to-month,Yes,Bank transfer (automatic),22.84,831.85,Yes
CUST-103064,Female,0,No,No,9,Yes,No,Fiber optic,No,No,No,Yes,No,No,One year,Yes,Credit card (automatic),67.77,586.48,No
CUST-106107,Female,0,Yes,Yes,1,Yes,Yes,Fiber optic,Yes,No,No,No,Yes,No,Month-to-month,No,Electronic check,82.74,65.86,No
CUST-100841,Female,0,Yes,No,44,Yes,No,Fiber optic,No,No,No,Yes,Yes,Yes,Month-to-month,No,Electronic check,88.26,3890.9,Yes
CUST-106932,Male,0,Yes,Yes,37,Yes,Yes,No,No internet service,No internet service,No internet service,No internet service,No internet service,No internet service,Month-to-month,Yes,Electronic check,28.06,1068.17,No
CUST-101903,Male,0,Yes,Yes,51,Yes,Yes,DSL,Yes,No,No,Yes,No,Yes,Month-to-month,Yes,Electronic check,72.84,3690.0,No
CUST-102179,Male,0,No,No,1,Yes,Yes,No,No internet service,No internet service,No internet service,No internet service,No internet service,No internet service,Month-to-month,No,Credit card (automatic),27.24,38.01,No
CUST-103036,Female,0,No,No,14,Yes,Yes,Fiber optic,Yes,Yes,No,No,Yes,Yes,Month-to-month,No,Credit card (automatic),94.48,1347.82,Yes
CUST-105227,Female,0,No,No,46,Yes,Yes,DSL,No,No,No,Yes,Yes,No,Two year,Yes,Bank transfer (automatic),59.4,2692.44,No
CUST-101637,Female,0,No,No,71,Yes,No,DSL,Yes,No,No,No,No,Yes,Two year,Yes,Electronic check,58.29,4147.75,No
CUST-102293,Female,0,Yes,Yes,4,Yes,Yes,DSL,Yes,Yes,Yes,Yes,No,No,One year,Yes,Mailed check,69.28,262.62,No
CUST-102224,Male,0,Yes,Yes,18,No,No phone service,Fiber optic,Yes,No,Yes,No,No,No,Two year,Yes,Electronic check,67.02,1185.16,No
CUST-104055,Male,1,No,No,43,Yes,No,Fiber optic,No,Yes,No,No,Yes,No,One year,Yes,Credit card (automatic),81.08,,Yes
CUST-106537,Female,0,Yes,No,60,Yes,No,No,No internet service,No internet service,No internet service,No internet service,No internet service,No internet service,Month-to-month,Yes,Mailed check,22.53,1372.98,No
CUST-102360,Female,0,No,No,67,Yes,Yes,Fiber optic,No,Yes,Yes,Yes,No,Yes,Month-to-month,No,Bank transfer (automatic),89.49,5986.17,No
CUST-104072,Female,0,Yes,No,22,Yes,No,DSL,No,No,Yes,Yes,No,No,One year,No,Mailed check,53.09,1173.59,No
CUST-101767,Male,1,Yes,Yes,7,Yes,Yes,No,No internet service,No internet service,No internet service,No internet service,No internet service,No internet service,Two year,Yes,Credit card (automatic),22.46,173.49,No
CUST-101291,Female,0,No,No,19,Yes,No,Fiber optic,Yes,No,Yes,No,Yes,No,Month-to-month,No,Electronic check,89.37,1678.0,No
CUST-102730,Female,1,Yes,Yes,32,No,No phone service,Fiber optic,No,No,No,Yes,No,Yes,Two year,Yes,Electronic check,72.61,2351.65,No
CUST-106090,Male,0,No,No,35,Yes,No,No,No internet service,No internet service,No internet service,No internet service,No internet service,No internet service,One year,No,Mailed check,23.49,817.37,No
CUST-101990,Female,0,Yes,Yes,8,Yes,No,No,No internet service,No internet service,No internet service,No internet service,No internet service,No internet service,One year,No,Electronic check,18.0,138.51,No
CUST-105518,Female,0,No,No,27,No,No phone service,DSL,Yes,No,No,No,Yes,Yes,Two year,No,Bank transfer (automatic),57.82,1550.77,No
CUST-103235,Female,1,No,No,46,Yes,No,Fiber optic,Yes,No,No,Yes,Yes,No,One year,No,Mailed check,88.95,4122.8,No
CUST-104189,Female,0,No,No,39,Yes,Yes,No,No internet service,No internet service,No internet service,No internet service,No internet service,No internet service,Month-to-month,Yes,Electronic check,23.93,955.55,Yes
CUST-101677,Male,0,No,No,59,Yes,No,No,No internet service,No internet service,No internet service,No internet service,No internet service,No internet service,Month-to-month,No,Electronic check,23.61,1364.5,No
CUST-104112,Male,0,Yes,Yes,60,Yes,Yes,No,No internet service,No internet service,No internet service,No internet service,No internet service,No internet service,One year,Yes,Mailed check,27.12,1642.13,No
CUST-100118,Male,0,No,No,10,Yes,No,Fiber optic,Yes,Yes,Yes,No,Yes,Yes,One year,Yes,Bank transfer (automatic),93.9,956.99,No
CUST-105711,Female,0,No,No,23,No,No phone service,No,No internet service,No internet service,No internet service,No internet service,No internet service,No internet service,Month-to-month,No,Electronic check,19.77,462.73,No
CUST-103313,Male,0,No,No,23,Yes,No,DSL,No,No,Yes,No,Yes,Yes,Month-to-month,No,Electronic check,67.04,1541.89,No
CUST-104096,Female,0,Yes,No,15,Yes,No,DSL,No,Yes,No,Yes,No,Yes,Month-to-month,No,Bank transfer (automatic),67.45,1003.81,No
CUST-106508,Female,0,No,No,42,Yes,No,Fiber optic,No,Yes,Yes,No,Yes,No,Month-to-month,Yes,Electronic check,81.89,3483.13,Yes
CUST-104715,Female,0,Yes,No,23,Yes,No,Fiber optic,Yes,No,No,No,No,Yes,Two year,No,Mailed check,77.96,1810.87,No
CUST-102962,Female,0,No,No,15,Yes,Yes,Fiber optic,Yes,No,No,No,No,No,Month-to-month,Yes,Electronic check,71.36,1080.1,Yes
CUST-104220,Male,0,No,No,59,Yes,No,Fiber optic,No,No,No,No,Yes,No,Two year,Yes,Bank transfer (automatic),75.42,4454.31,No
CUST-104868,Female,0,Yes,No,5,Yes,No,Fiber optic,No,Yes,No,Yes,No,Yes,Month-to-month,Yes,Bank transfer (automatic),82.83,392.21,Yes
CUST-103758,Male,0,Yes,Yes,36,Yes,Yes,DSL,Yes,No,No,No,Yes,No,One year,Yes,Electronic check,67.0,2419.6,No
CUST-105301,Female,0,No,No,23,Yes,Yes,Fiber optic,No,No,Yes,No,Yes,No,Two year,No,Bank transfer (automatic),80.81,1856.86,Yes
CUST-100588,Female,0,No,No,25,Yes,No,Fiber optic,No,Yes,No,No,Yes,No,Two year,Yes,Electronic check,79.67,1986.68,No
CUST-103707,Female,0,No,No,45,Yes,No,Fiber optic,Yes,Yes,Yes,Yes,No,No,Month-to-month,No,Electronic check,78.86,3546.23,No
CUST-104253,Male,1,No,No,46,No,No phone service,Fiber optic,No,No,Yes,No,No,No,Two year,Yes,Bank transfer (automatic),64.76,3000.26,Yes
CUST-101610,Female,0,Yes,Yes,47,Yes,No,Fiber optic,Yes,Yes,No,Yes,Yes,No,Month-to-month,No,Bank transfer (automatic),82.63,3861.44,No
CUST-101629,Male,1,No,No,35,Yes,No,DSL,No,No,No,Yes,No,Yes,Two year,Yes,Electronic check,53.16,1853.27,No
CUST-106873,Male,0,No,No,71,Yes,No,No,No internet service,No internet service,No internet service,No internet service,No internet service,No internet service,One year,Yes,Credit card (automatic),26.24,1869.05,No
CUST-100681,Male,0,Yes,Yes,60,Yes,No,Fiber optic,No,Yes,No,No,No,Yes,Month-to-month,Yes,Mailed check,76.31,4587.53,No
CUST-100708,Male,0,No,No,58,No,No phone service,No,No internet service,No internet service,No internet service,No internet service,No internet service,No internet service,Month-to-month,No,Bank transfer (automatic),20.44,1215.05,No
CUST-102936,Female,0,Yes,No,32,Yes,No,Fiber optic,No,No,No,No,Yes,No,One year,Yes,Electronic check,69.88,2247.99,No
CUST-102633,Female,0,No,No,22,No,No phone service,DSL,Yes,No,Yes,No,Yes,No,Two year,Yes,Credit card (automatic),58.14,1278.07,No
CUST-104042,Female,0,No,No,42,Yes,No,Fiber optic,Yes,No,No,No,Yes,No,Month-to-month,No,Credit card (automatic),77.46,3243.11,No
CUST-101706,Female,0,Yes,Yes,56,Yes,No,DSL,No,No,No,No,No,Yes,Month-to-month,Yes,Electronic check,52.51,2989.34,No
CUST-105581,Female,0,No,No,25,Yes,Yes,Fiber optic,Yes,Yes,No,Yes,Yes,No,One year,No,Mailed check,91.11,2306.67,Yes
CUST-100977,Female,0,No,No,47,Yes,No,Fiber optic,No,Yes,No,No,Yes,No,Month-to-month,Yes,Credit card (automatic),78.55,3707.02,No
CUST-102559,Female,1,No,No,68,No,No phone service,DSL,No,No,No,No,Yes,No,Month-to-month,Yes,Mailed check,53.99,3654.93,No
CUST-101546,Female,0,No,Yes,42,No,No phone service,No,No internet service,No internet service,No internet service,No internet service,No internet service,No internet service,One year,Yes,Credit card (automatic),18.0,763.05,No
CUST-104724,Male,0,No,No,11,Yes,Yes,Fiber optic,Yes,No,Yes,No,No,Yes,One year,Yes,Mailed check,87.02,958.08,No
CUST-104928,Male,1,Yes,No,26,Yes,Yes,DSL,Yes,No,No,Yes,Yes,Yes,Month-to-month,Yes,Electronic check,76.98,1980.51,No
CUST-103846,Female,0,Yes,No,36,Yes,No,Fiber optic,No,Yes,No,No,Yes,No,Two year,No,Mailed check,80.3,2924.76,No
CUST-106961,Male,0,Yes,Yes,25,Yes,Yes,DSL,No,Yes,Yes,No,Yes,Yes,One year,Yes,Mailed check,73.41,1851.58,No
CUST-105869,Female,0,Yes,Yes,56,Yes,No,Fiber optic,Yes,Yes,Yes,No,Yes,Yes,One year,Yes,Mailed check,98.91,5531.88,No
CUST-105461,Male,0,No,No,34,Yes,No,Fiber optic,Yes,No,No,Yes,No,Yes,Month-to-month,Yes,Electronic check,83.9,2847.45,Yes
CUST-104287,Female,1,No,No,6,Yes,No,DSL,No,Yes,Yes,No,No,No,One year,No,Electronic check,54.23,291.2,No
CUST-105302,Male,0,Yes,Yes,62,Yes,No,Fiber optic,No,No,No,No,No,Yes,One year,No,Bank transfer (automatic),71.97,4460.73,No
CUST-106306,Female,0,No,No,71,Yes,No,No,No internet service,No internet service,No internet service,No internet service,No internet service,No internet service,One year,No,Bank transfer (automatic),18.0,1265.55,No
CUST-105297,Female,0,No,No,9,No,No phone service,Fiber optic,No,Yes,Yes,No,No,Yes,Month-to-month,Yes,Credit card (automatic),78.43,711.72,No
CUST-103504,Male,1,Yes,No,51,No,No phone service,Fiber optic,No,No,Yes,Yes,Yes,No,Month-to-month,Yes,Credit card (automatic),82.55,4203.67,Yes
CUST-101143,Female,0,No,No,60,Yes,No,No,No internet service,No internet service,No internet service,No internet service,No internet service,No internet service,One year,Yes,Credit card (automatic),25.55,1535.92,No
CUST-102712,Female,0,No,No,53,Yes,No,DSL,Yes,No,No,Yes,Yes,No,Month-to-month,Yes,Bank transfer (automatic),58.23,3085.63,No
CUST-100356,Male,0,No,No,30,Yes,No,No,No internet service,No internet service,No internet service,No internet service,No internet service,No internet service,Month-to-month,Yes,Electronic check,24.92,738.25,Yes
CUST-104391,Female,1,Yes,No,31,Yes,Yes,Fiber optic,Yes,Yes,No,No,No,Yes,Month-to-month,No,Electronic check,87.75,2722.49,No
CUST-101323,Female,0,No,No,20,Yes,Yes,No,No internet service,No internet service,No internet service,No internet service,No internet service,No internet service,One year,Yes,Electronic check,33.13,668.76,No
CUST-105645,Male,0,Yes,Yes,24,Yes,Yes,Fiber optic,Yes,No,No,No,Yes,No,One year,No,Bank transfer (automatic),84.28,1993.37,No
CUST-104348,Female,0,Yes,Yes,22,Yes,Yes,Fiber optic,No,No,No,Yes,No,No,One year,Yes,Electronic check,73.15,1612.88,Yes
CUST-101832,Female,0,No,No,68,Yes,Yes,No,No internet service,No internet service,No internet service,No internet service,No internet service,No internet service,Two year,Yes,Mailed check,28.12,1910.2,No
CUST-103263,Female,0,Yes,No,64,Yes,Yes,DSL,No,Yes,No,No,No,Yes,Month-to-month,Yes,Bank transfer (automatic),61.4,3940.82,No
CUST-101459,Female,0,Yes,Yes,11,Yes,Yes,DSL,Yes,No,Yes,No,Yes,No,Two year,Yes,Credit card (automatic),65.85,718.56,No
CUST-103573,Male,0,No,No,14,Yes,No,DSL,No,Yes,No,Yes,Yes,Yes,One year,Yes,Bank transfer (automatic),72.11,1014.68,No
CUST-101815,Male,0,Yes,Yes,48,No,No phone service,No,No internet service,No internet service,No internet service,No internet service,No internet service,No internet service,Month-to-month,Yes,Bank transfer (automatic),18.0,841.51,No
CUST-106194,Male,0,No,No,38,Yes,No,Fiber optic,Yes,Yes,Yes,Yes,No,No,One year,Yes,Bank transfer (automatic),80.48,3039.11,No
CUST-104027,Male,0,No,No,19,Yes,No,DSL,No,No,No,No,Yes,Yes,Month-to-month,No,Electronic check,60.93,1167.69,No
CUST-103918,Male,0,Yes,Yes,45,Yes,Yes,No,No internet service,No internet service,No internet service,No internet service,No internet service,No internet service,Month-to-month,Yes,Bank transfer (automatic),27.95,1259.07,No
CUST-104569,Male,1,Yes,Yes,22,Yes,Yes,Fiber optic,No,Yes,Yes,Yes,No,No,Month-to-month,No,Bank transfer (automatic),83.59,1825.99,No
CUST-103554,Male,0,Yes,Yes,31,Yes,Yes,DSL,No,No,Yes,No,Yes,Yes,Two year,Yes,Bank transfer (automatic),70.69,2174.88,No
CUST-106156,Male,0,Yes,No,0,Yes,No,Fiber optic,No,Yes,Yes,No,Yes,Yes,Two year,No,Mailed check,91.05,91.05,Yes
CUST-103834,Male,0,Yes,No,54,Yes,No,Fiber optic,Yes,No,No,No,Yes,No,Two year,Yes,Mailed check,76.5,4102.99,No
CUST-100399,Male,0,Yes,Yes,13,Yes,No,Fiber optic,No,Yes,Yes,No,Yes,No,Month-to-month,No,Credit card (automatic),82.6,1065.0,No
CUST-100638,Female,0,Yes,Yes,53,Yes,No,No,No internet service,No internet service,No internet service,No internet service,No internet service,No internet service,Month-to-month,Yes,Electronic check,19.19,981.1,No
CUST-102118,Female,0,Yes,Yes,2,Yes,Yes,DSL,Yes,No,No,No,No,Yes,Month-to-month,No,Electronic check,68.05,90.7,No
CUST-106636,Male,0,No,Yes,39,Yes,No,No,No internet service,No internet service,No internet service,No internet service,No internet service,No internet service,Month-to-month,Yes,Electronic check,22.56,919.29,No
CUST-104398,Male,1,Yes,No,9,Yes,No,No,No internet service,No internet service,No internet service,No internet service,No internet service,No internet service,Two year,No,Electronic check,21.64,177.38,No
CUST-101261,Female,0,Yes,Yes,11,Yes,Yes,Fiber optic,Yes,No,No,Yes,No,Yes,Month-to-month,No,Credit card (automatic),84.28,954.21,No
CUST-100580,Male,0,No,No,7,Yes,Yes,DSL,No,No,No,No,Yes,Yes,Month-to-month,Yes,Electronic check,66.14,437.78,No
CUST-100917,Female,0,No,No,21,Yes,No,Fiber optic,Yes,No,No,Yes,No,Yes,One year,Yes,Mailed check,82.94,1715.36,Yes
CUST-103991,Female,1,No,No,11,Yes,No,No,No internet service,No internet service,No internet service,No internet service,No internet service,No internet service,Month-to-month,No,Bank transfer (automatic),28.98,333.64,No
CUST-106014,Female,0,Yes,Yes,5,Yes,No,Fiber optic,No,No,No,Yes,Yes,Yes,Month-to-month,No,Bank transfer (automatic),83.14,405.35,Yes
CUST-100887,Male,0,No,No,9,Yes,No,Fiber optic,No,Yes,No,No,No,Yes,Month-to-month,Yes,Mailed check,80.28,735.09,Yes
CUST-102054,Female,0,No,No,16,Yes,No,No,No internet service,No internet service,No internet service,No internet service,No internet service,No internet service,Month-to-month,Yes,Bank transfer (automatic),23.91,378.22,No
CUST-105134,Female,0,No,No,38,Yes,No,Fiber optic,Yes,No,Yes,Yes,No,Yes,One year,Yes,Bank transfer (automatic),84.82,3203.25,No
CUST-102497,Female,0,Yes,No,61,Yes,No,Fiber optic,Yes,No,Yes,No,Yes,Yes,Month-to-month,No,Electronic check,89.38,5471.39,No
CUST-100267,Male,0,Yes,No,34,Yes,No,Fiber optic,No,Yes,No,No,No,Yes,One year,No,Electronic check,78.81,2644.22,No
CUST-101499,Female,0,No,No,56,Yes,No,DSL,No,No,Yes,Yes,No,No,Month-to-month,No,Bank transfer (automatic),53.9,3049.97,No
CUST-101313,Female,1,No,No,6,Yes,No,Fiber optic,No,Yes,No,No,Yes,No,One year,No,Electronic check,77.35,469.01,No
CUST-102371,Female,0,Yes,No,46,Yes,No,Fiber optic,Yes,No,Yes,No,Yes,No,One year,Yes,Mailed check,85.79,3957.34,No
CUST-104246,Male,0,Yes,Yes,13,Yes,Yes,No,No internet service,No internet service,No internet service,No internet service,No internet service,No internet service,Month-to-month,No,Bank transfer (automatic),28.55,357.25,No
CUST-104047,Male,0,Yes,No,56,Yes,No,DSL,No,No,No,No,Yes,Yes,One year,Yes,Mailed check,58.44,3302.03,No
CUST-106463,Male,1,No,No,36,Yes,Yes,DSL,No,Yes,Yes,No,Yes,Yes,Two year,Yes,Electronic check,77.55,2783.64,Yes
CUST-105774,Male,0,Yes,Yes,23,Yes,No,DSL,No,Yes,No,No,No,Yes,Month-to-month,No,Credit card (automatic),56.0,1336.91,No
CUST-101747,Male,0,No,No,17,No,No phone service,No,No internet service,No internet service,No internet service,No internet service,No internet service,No internet service,Month-to-month,No,Credit card (automatic),18.0,287.39,No
CUST-106226,Female,0,No,No,42,Yes,Yes,DSL,No,No,No,Yes,Yes,No,Month-to-month,No,Electronic check,64.22,2705.25,No
CUST-106949,Female,0,Yes,No,39,Yes,No,Fiber optic,No,Yes,No,No,No,No,Month-to-month,Yes,Mailed check,75.4,2948.23,No
CUST-100792,Female,0,Yes,No,30,No,No phone service,Fiber optic,Yes,No,No,No,No,Yes,Month-to-month,No,Electronic check,76.02,2270.33,No
CUST-105073,Female,0,No,No,40,Yes,Yes,Fiber optic,No,No,No,Yes,Yes,Yes,Month-to-month,No,Electronic check,91.17,3632.64,No
CUST-101373,Male,0,Yes,Yes,41,Yes,No,Fiber optic,Yes,No,No,Yes,No,No,Month-to-month,No,Credit card (automatic),76.87,3150.86,No
CUST-105209,Male,0,Yes,Yes,35,Yes,Yes,No,No internet service,No internet service,No internet service,No internet service,No internet service,No internet service,Month-to-month,Yes,Bank transfer (automatic),24.79,891.41,No
CUST-100644,Female,0,Yes,No,11,Yes,No,Fiber optic,No,No,Yes,No,No,Yes,One year,No,Electronic check,76.64,855.62,No
CUST-106141,Male,0,Yes,No,40,Yes,No,Fiber optic,Yes,No,Yes,No,Yes,No,One year,Yes,Electronic check,88.98,3545.8,No
CUST-102281,Male,1,No,No,1,No,No phone service,DSL,No,No,Yes,No,No,No,Two year,No,Mailed check,45.16,59.04,No
CUST-102898,Female,0,No,No,32,Yes,No,DSL,No,Yes,No,No,Yes,No,Month-to-month,No,Credit card (automatic),60.68,1939.65,No
CUST-100051,Male,0,Yes,Yes,40,No,No phone service,Fiber optic,Yes,Yes,Yes,No,Yes,Yes,Month-to-month,No,Electronic check,92.79,3714.58,No
CUST-102410,Female,1,No,No,44,No,No phone service,DSL,No,Yes,No,Yes,No,Yes,One year,Yes,Credit card (automatic),58.74,2606.65,No
CUST-103087,Male,1,No,No,56,Yes,No,Fiber optic,No,Yes,No,No,No,Yes,Month-to-month,No,Mailed check,80.79,4538.79,Yes
CUST-101895,Female,0,Yes,No,3,Yes,No,DSL,Yes,Yes,No,No,No,No,Month-to-month,Yes,Credit card (automatic),54.08,175.55,Yes
CUST-105523,Female,0,No,No,71,Yes,Yes,DSL,Yes,No,Yes,No,Yes,No,One year,No,Bank transfer (automatic),66.1,4692.81,No
CUST-105883,Male,1,Yes,Yes,67,Yes,Yes,DSL,Yes,No,Yes,Yes,Yes,Yes,One year,Yes,Bank transfer (automatic),74.32,4979.21,No
CUST-101778,Male,0,No,No,69,No,No phone service,Fiber optic,No,No,No,No,No,No,One year,No,Bank transfer (automatic),63.6,4381.56,No
CUST-102055,Male,1,Yes,Yes,17,Yes,Yes,DSL,Yes,No,Yes,Yes,Yes,Yes,Month-to-month,No,Bank transfer (automatic),80.75,1386.29,No
CUST-100674,Female,0,No,Yes,60,Yes,Yes,DSL,Yes,Yes,Yes,Yes,No,Yes,Two year,Yes,Credit card (automatic),80.05,4808.38,No
CUST-104848,Male,0,Yes,No,20,Yes,Yes,DSL,No,Yes,No,No,Yes,Yes,Month-to-month,Yes,Credit card (automatic),69.88,1363.8,No
CUST-106238,Female,0,No,Yes,65,Yes,Yes,Fiber optic,Yes,No,No,No,No,No,Month-to-month,No,Electronic check,82.45,5381.3,No
CUST-102896,Female,0,Yes,Yes,46,Yes,No,Fiber optic,No,No,Yes,No,No,Yes,Two year,No,Mailed check,80.43,3691.79,No
CUST-100212,Female,1,No,No,32,Yes,No,Fiber optic,Yes,No,Yes,Yes,Yes,No,Month-to-month,No,Electronic check,88.94,2833.59,No
CUST-104436,Female,0,No,Yes,8,Yes,No,DSL,Yes,Yes,No,Yes,Yes,Yes,Month-to-month,Yes,Credit card (automatic),73.99,617.95,No
CUST-106917,Male,0,No,No,7,Yes,No,DSL,No,Yes,No,No,No,No,One year,Yes,Bank transfer (automatic),50.04,361.83,No
CUST-101627,Female,0,No,No,39,Yes,Yes,DSL,Yes,Yes,Yes,No,No,No,One year,No,Electronic check,67.14,2621.06,No
CUST-102782,Female,0,No,No,33,No,No phone service,DSL,No,No,Yes,Yes,No,Yes,Two year,Yes,Mailed check,55.23,1781.41,No
CUST-102226,Female,0,No,No,7,Yes,No,Fiber optic,Yes,No,No,No,No,Yes,Month-to-month,No,Bank transfer (automatic),80.63,577.66,No
CUST-102108,Male,0,Yes,Yes,46,Yes,Yes,DSL,No,No,Yes,No,No,No,One year,Yes,Bank transfer (automatic),60.93,2767.25,No
CUST-104373,Female,0,No,No,54,Yes,No,Fiber optic,No,No,Yes,Yes,Yes,Yes,Month-to-month,Yes,Bank transfer (automatic),91.13,4918.8,No
CUST-100396,Male,0,Yes,No,42,Yes,No,No,No internet service,No internet service,No internet service,No internet service,No internet service,No internet service,Two year,Yes,Bank transfer (automatic),18.0,766.59,No
CUST-100278,Male,0,No,No,31,Yes,No,No,No internet service,No internet service,No internet service,No internet service,No internet service,No internet service,Month-to-month,No,Mailed check,25.66,816.98,No
CUST-103750,Female,0,No,No,54,Yes,Yes,No,No internet service,No internet service,No internet service,No internet service,No internet service,No internet service,Month-to-month,Yes,Bank transfer (automatic),32.08,1755.11,No
CUST-104511,Female,0,Yes,Yes,54,Yes,Yes,Fiber optic,No,Yes,No,No,No,No,Month-to-month,Yes,Bank transfer (automatic),76.84,4153.68,No
CUST-103030,Female,0,No,No,54,No,No phone service,Fiber optic,Yes,Yes,Yes,Yes,No,No,Two year,No,Credit card (automatic),78.43,4229.86,No
CUST-105643,Female,0,No,No,57,Yes,Yes,No,No internet service,No internet service,No internet service,No internet service,No internet service,No internet service,Two year,Yes,Electronic check,26.61,1529.8,No
CUST-104030,Female,0,Yes,No,21,Yes,Yes,No,No internet service,No internet service,No internet service,No internet service,No internet service,No internet service,Month-to-month,Yes,Bank transfer (automatic),30.26,643.26,No
CUST-102967,Male,0,No,Yes,56,Yes,No,DSL,Yes,Yes,Yes,No,No,Yes,Month-to-month,No,Electronic check,68.45,3846.72,Yes
CUST-100422,Female,0,No,No,30,Yes,No,Fiber optic,No,Yes,No,Yes,No,No,Month-to-month,Yes,Credit card (automatic),75.16,2264.45,No
CUST-101060,Female,1,No,No,24,No,No phone service,Fiber optic,Yes,Yes,Yes,No,No,Yes,Month-to-month,Yes,Electronic check,78.56,1886.89,Yes
CUST-106967,Female,0,Yes,No,17,Yes,No,DSL,No,No,No,No,No,Yes,Month-to-month,No,Credit card (automatic),49.79,834.88,No
CUST-100661,Female,0,No,No,46,Yes,No,Fiber optic,Yes,No,Yes,No,Yes,No,Two year,Yes,Mailed check,84.45,3906.58,Yes
CUST-105626,Male,0,No,No,31,Yes,Yes,DSL,Yes,Yes,No,No,No,Yes,One year,Yes,Mailed check,67.02,2089.62,No
CUST-104847,Male,0,Yes,No,43,Yes,Yes,DSL,No,No,Yes,No,No,Yes,Month-to-month,No,Credit card (automatic),64.3,2750.5,Yes
CUST-104472,Male,0,Yes,Yes,16,Yes,Yes,Fiber optic,Yes,No,Yes,No,Yes,No,Two year,Yes,Electronic check,88.44,1456.73,Yes
CUST-100062,Male,1,No,No,56,Yes,Yes,DSL,No,Yes,Yes,No,Yes,Yes,Month-to-month,No,Mailed check,74.67,4209.41,Yes
CUST-103635,Male,0,No,No,63,No,No phone service,DSL,No,No,Yes,Yes,Yes,Yes,Month-to-month,No,Mailed check,66.21,4196.37,No
CUST-101271,Male,0,No,No,48,Yes,Yes,Fiber optic,No,Yes,Yes,No,No,No,One year,Yes,Mailed check,84.56,4032.84,No
CUST-104619,Female,0,Yes,No,6,Yes,No,Fiber optic,No,No,No,No,No,No,Month-to-month,Yes,Electronic check,65.11,398.99,Yes
CUST-100077,Male,0,Yes,Yes,11,Yes,No,Fiber optic,Yes,Yes,Yes,Yes,No,Yes,Month-to-month,Yes,Electronic check,86.9,949.5,Yes
CUST-103234,Female,0,No,No,3,Yes,Yes,Fiber optic,Yes,No,No,No,No,Yes,Month-to-month,No,Electronic check,80.65,252.65,No
CUST-101256,Male,0,No,Yes,70,Yes,Yes,Fiber optic,No,No,Yes,Yes,Yes,Yes,Month-to-month,Yes,Electronic check,95.19,6647.97,No
CUST-101046,Male,1,No,No,68,Yes,Yes,DSL,No,No,Yes,No,No,Yes,Month-to-month,Yes,Electronic check,68.7,4630.01,No
CUST-100823,Female,0,No,Yes,37,No,No phone service,Fiber optic,Yes,Yes,No,Yes,No,Yes,Month-to-month,Yes,Mailed check,86.08,3185.32,No
CUST-105114,Male,0,No,No,22,Yes,Yes,No,No internet service,No internet service,No internet service,No internet service,No internet service,No internet service,Month-to-month,Yes,Mailed check,34.76,723.28,No
CUST-106092,Male,1,Yes,Yes,66,Yes,No,DSL,Yes,Yes,No,No,No,Yes,Month-to-month,Yes,Mailed check,69.48,4566.96,No
CUST-102234,Female,0,No,No,5,Yes,Yes,Fiber optic,Yes,No,Yes,No,No,Yes,Two year,No,Credit card (automatic),92.24,448.77,Yes
CUST-102794,Male,0,Yes,Yes,42,Yes,No,No,No internet service,No internet service,No internet service,No internet service,No internet service,No internet service,One year,Yes,Credit card (automatic),21.28,871.65,No
CUST-104175,Male,0,Yes,No,38,Yes,No,No,No internet service,No internet service,No internet service,No internet service,No internet service,No internet service,Two year,Yes,Bank transfer (automatic),19.77,735.07,No
CUST-100546,Male,0,No,Yes,33,Yes,No,DSL,No,Yes,Yes,No,No,No,One year,Yes,Electronic check,55.38,1813.71,No
CUST-105924,Female,0,No,Yes,4,No,No phone service,Fiber optic,No,No,No,No,Yes,Yes,One year,Yes,Bank transfer (automatic),74.15,271.35,Yes
CUST-102573,Male,0,Yes,Yes,25,Yes,Yes,DSL,No,No,No,No,No,No,One year,No,Electronic check,50.43,1237.8,No
CUST-106516,Male,0,No,No,21,Yes,Yes,Fiber optic,Yes,Yes,Yes,Yes,No,Yes,Month-to-month,No,Electronic check,97.08,2057.38,Yes
CUST-100767,Male,0,No,No,16,Yes,No,Fiber optic,No,Yes,No,No,No,No,Month-to-month,No,Credit card (automatic),64.39,1034.5,No
CUST-106446,Male,0,No,No,50,Yes,No,DSL,No,Yes,Yes,No,Yes,Yes,Month-to-month,No,Electronic check,67.42,3371.53,No
CUST-105489,Male,0,Yes,Yes,58,Yes,Yes,Fiber optic,Yes,Yes,Yes,Yes,No,Yes,Month-to-month,Yes,Credit card (automatic),94.82,5496.77,No
CUST-104474,Female,0,Yes,No,16,Yes,Yes,No,No internet service,No internet service,No internet service,No internet service,No internet service,No internet service,Month-to-month,No,Electronic check,22.75,327.55,No
CUST-105639,Female,0,No,No,30,Yes,Yes,Fiber optic,Yes,No,Yes,No,No,No,Two year,Yes,Bank transfer (automatic),78.08,2361.38,No
CUST-106713,Female,0,No,No,5,Yes,No,No,No internet service,No internet service,No internet service,No internet service,No internet service,No internet service,One year,Yes,Bank transfer (automatic),23.27,138.27,No
CUST-103040,Male,1,Yes,Yes,31,Yes,Yes,Fiber optic,No,No,No,No,Yes,Yes,Two year,No,Credit card (automatic),80.58,2478.82,Yes
CUST-100951,Male,1,No,Yes,53,No,No phone service,Fiber optic,No,Yes,Yes,Yes,No,No,One year,Yes,Electronic check,71.66,3778.63,No
CUST-105144,Female,0,No,No,30,Yes,No,Fiber optic,Yes,No,No,No,No,No,Month-to-month,Yes,Electronic check,68.36,2080.32,No
CUST-101012,Male,1,No,No,5,Yes,No,No,No internet service,No internet service,No internet service,No internet service,No internet service,No internet service,Month-to-month,No,Electronic check,30.89,137.59,Yes
CUST-102827,Female,0,Yes,No,72,Yes,Yes,DSL,Yes,No,No,No,No,No,Month-to-month,No,Electronic check,54.5,3905.48,No
CUST-103123,Female,0,No,No,60,Yes,Yes,Fiber optic,No,No,Yes,No,No,No,One year,Yes,Credit card (automatic),75.7,4510.37,No
CUST-103361,Female,1,No,No,7,Yes,No,DSL,Yes,Yes,No,No,Yes,Yes,Month-to-month,Yes,Bank transfer (automatic),68.77,488.16,No
CUST-106759,Female,1,No,No,50,Yes,No,No,No internet service,No internet service,No internet service,No internet service,No internet service,No internet service,Month-to-month,Yes,Credit card (automatic),25.76,1300.31,No
CUST-100360,Female,0,Yes,No,31,Yes,Yes,Fiber optic,No,Yes,Yes,No,Yes,Yes,One year,Yes,Bank transfer (automatic),97.68,3018.11,No
CUST-101557,Female,0,No,No,63,Yes,Yes,Fiber optic,No,No,No,No,Yes,No,One year,No,Mailed check,71.05,4489.38,No
CUST-100584,Male,0,Yes,No,45,Yes,Yes,DSL,No,No,Yes,No,No,No,Month-to-month,Yes,Credit card (automatic),59.51,2687.59,No
CUST-101905,Male,0,No,No,1,Yes,No,Fiber optic,No,No,No,No,No,No,Month-to-month,Yes,Bank transfer (automatic),71.73,65.11,No
CUST-106059,Male,0,Yes,Yes,29,Yes,No,DSL,No,Yes,No,No,No,Yes,Month-to-month,Yes,Bank transfer (automatic),61.03,1726.97,No
CUST-103621,Male,0,Yes,Yes,30,Yes,Yes,Fiber optic,No,No,Yes,No,Yes,Yes,One year,No,Electronic check,91.11,2766.61,Yes
CUST-103009,Female,0,No,No,71,Yes,Yes,Fiber optic,No,No,Yes,No,Yes,No,Month-to-month,Yes,Electronic check,85.57,6070.14,Yes
CUST-106915,Female,1,Yes,Yes,13,Yes,Yes,Fiber optic,Yes,No,No,No,Yes,No,Month-to-month,No,Mailed check,78.22,1000.22,No
CUST-106997,Male,0,No,No,20,Yes,No,DSL,Yes,No,No,No,No,Yes,One year,Yes,Bank transfer (automatic),59.29,1193.59,Yes
CUST-105363,Female,0,No,No,15,Yes,No,Fiber optic,Yes,No,No,No,No,No,Two year,No,Mailed check,67.78,1047.92,No
CUST-100667,Female,0,No,No,44,Yes,No,DSL,No,Yes,No,Yes,Yes,No,One year,Yes,Electronic check,67.96,2992.86,No
CUST-104958,Female,0,Yes,Yes,26,Yes,No,DSL,No,Yes,No,No,No,Yes,Month-to-month,Yes,Bank transfer (automatic),58.94,1526.02,No
CUST-104351,Female,0,No,No,36,Yes,No,Fiber optic,No,Yes,No,No,Yes,No,Month-to-month,No,Mailed check,77.36,2803.68,No
CUST-103615,Male,1,Yes,Yes,45,Yes,No,No,No internet service,No internet service,No internet service,No internet service,No internet service,No internet service,Two year,Yes,Mailed check,21.7,979.19,No
CUST-105212,Male,0,Yes,Yes,3,Yes,No,No,No internet service,No internet service,No internet service,No internet service,No internet service,No internet service,Month-to-month,Yes,Credit card (automatic),19.89,73.97,No
CUST-103086,Male,0,Yes,Yes,16,Yes,No,Fiber optic,No,Yes,No,No,Yes,No,Month-to-month,No,Mailed check,82.0,1295.69,No
CUST-105080,Male,0,Yes,Yes,17,Yes,No,DSL,No,Yes,No,No,No,No,Month-to-month,No,Electronic check,45.63,761.1,No
CUST-105205,Male,0,Yes,No,67,Yes,Yes,Fiber optic,No,Yes,No,No,No,Yes,Month-to-month,Yes,Bank transfer (automatic),88.37,5926.36,No
CUST-100423,Female,1,Yes,Yes,35,Yes,No,DSL,No,No,No,No,Yes,Yes,Month-to-month,Yes,Electronic check,61.1,2194.87,Yes
CUST-106681,Male,0,Yes,No,3,Yes,Yes,Fiber optic,No,No,Yes,No,Yes,Yes,Two year,Yes,Mailed check,94.07,269.44,No
CUST-100139,Male,0,Yes,No,69,Yes,No,DSL,No,No,Yes,No,No,No,One year,Yes,Credit card (automatic),52.38,3605.58,Yes
CUST-102878,Female,0,No,No,62,Yes,No,DSL,No,Yes,Yes,No,Yes,No,One year,Yes,Electronic check,64.2,3964.5,No
CUST-100414,Male,0,No,No,20,Yes,No,No,No internet service,No internet service,No internet service,No internet service,No internet service,No internet service,Month-to-month,No,Credit card (automatic),23.91,504.64,No
CUST-104937,Female,0,No,No,43,Yes,No,DSL,No,No,Yes,No,No,Yes,Two year,Yes,Electronic check,55.88,2393.21,No
CUST-101423,Female,1,No,No,60,Yes,No,Fiber optic,Yes,Yes,No,No,Yes,No,Two year,Yes,Electronic check,79.79,4828.12,Yes
CUST-106260,Male,1,No,No,1,Yes,No,Fiber optic,Yes,No,No,No,No,Yes,Month-to-month,Yes,Credit card (automatic),82.61,46.97,Yes
CUST-104772,Male,1,Yes,Yes,66,No,No phone service,No,No internet service,No internet service,No internet service,No internet service,No internet service,No internet service,Two year,No,Electronic check,18.0,1213.94,No
CUST-105329,Male,1,Yes,Yes,72,Yes,Yes,No,No internet service,No internet service,No internet service,No internet service,No internet service,No internet service,Month-to-month,Yes,Bank transfer (automatic),31.27,2263.21,No
CUST-105243,Female,0,No,No,13,Yes,No,Fiber optic,No,Yes,No,Yes,No,Yes,Month-to-month,Yes,Electronic check,86.45,1145.85,Yes
CUST-102299,Female,0,No,No,25,Yes,No,Fiber optic,No,No,Yes,Yes,Yes,Yes,Month-to-month,Yes,Mailed check,89.17,2232.73,No
CUST-105015,Female,0,Yes,Yes,22,Yes,No,No,No internet service,No internet service,No internet service,No internet service,No internet service,No internet service,One year,Yes,Credit card (automatic),24.31,530.03,No
CUST-102631,Female,0,No,No,40,Yes,Yes,DSL,Yes,No,No,Yes,No,Yes,One year,No,Credit card (automatic),66.84,2664.99,No
CUST-106947,Male,0,Yes,No,41,Yes,No,DSL,Yes,No,Yes,Yes,No,No,One year,No,Bank transfer (automatic),62.5,2585.04,No
CUST-105730,Female,0,Yes,Yes,69,Yes,No,DSL,No,No,Yes,No,Yes,No,Month-to-month,Yes,Mailed check,57.67,4013.02,No
CUST-100156,Male,0,No,No,69,Yes,Yes,Fiber optic,No,Yes,Yes,No,Yes,Yes,Month-to-month,Yes,Mailed check,100.02,6903.54,No
CUST-104634,Male,0,No,No,59,Yes,No,DSL,No,No,No,No,No,Yes,One year,Yes,Mailed check,52.46,3078.32,No
CUST-106815,Male,1,No,No,58,Yes,No,Fiber optic,No,Yes,No,Yes,No,Yes,Month-to-month,No,Mailed check,84.05,4872.79,No
CUST-102540,male ,0,No,No,19,Yes,Yes,Fiber optic,No,Yes,No,No,No,No,Month-to-month,No,Electronic check,74.69,1388.97,Yes
CUST-103678,Female,1,Yes,Yes,10,Yes,Yes,Fiber optic,No,No,Yes,Yes,Yes,No,Month-to-month,No,Electronic check,86.78,865.58,No
CUST-103681,Male,0,No,No,64,Yes,No,DSL,No,No,No,Yes,No,No,One year,No,Credit card (automatic),49.09,3139.28,No
CUST-105517,Female,0,No,Yes,61,No,No phone service,Fiber optic,No,Yes,Yes,No,No,Yes,One year,Yes,Electronic check,79.75,4895.65,No
CUST-106087,Male,0,No,No,20,Yes,No,No,No internet service,No internet service,No internet service,No internet service,No internet service,No internet service,Two year,No,Electronic check,18.67,341.43,No
CUST-101124,Female,0,No,No,48,No,No phone service,No,No internet service,No internet service,No internet service,No internet service,No internet service,No internet service,Two year,Yes,Electronic check,21.15,1013.62,No
CUST-106041,Male,1,No,No,20,Yes,No,Fiber optic,No,Yes,No,No,No,Yes,Month-to-month,Yes,Electronic check,76.09,1522.6,No
CUST-103756,Female,0,Yes,Yes,9,Yes,No,Fiber optic,No,Yes,No,Yes,Yes,Yes,Month-to-month,No,Bank transfer (automatic),92.9,832.92,No
CUST-102116,Female,0,No,No,46,Yes,No,No,No internet service,No internet service,No internet service,No internet service,No internet service,No internet service,One year,Yes,Electronic check,21.45,985.89,No
CUST-100940,Female,0,Yes,No,39,Yes,No,Fiber optic,Yes,Yes,Yes,Yes,No,No,One year,Yes,Bank transfer (automatic),84.01,3250.25,No
CUST-103629,Female,0,Yes,Yes,60,No,No phone service,No,No internet service,No internet service,No internet service,No internet service,No internet service,No internet service,One year,Yes,Electronic check,20.59,1241.6,No
CUST-104444,Female,0,No,No,24,Yes,No,DSL,No,Yes,No,No,Yes,No,Month-to-month,Yes,Bank transfer (automatic),57.39,1390.89,No
CUST-104954,Male,0,Yes,Yes,13,Yes,Yes,No,No internet service,No internet service,No internet service,No internet service,No internet service,No internet service,Two year,Yes,Electronic check,28.88,372.1,No
CUST-106070,Male,0,No,No,27,Yes,Yes,Fiber optic,Yes,No,No,Yes,Yes,Yes,Month-to-month,Yes,Mailed check,98.25,2659.22,Yes
CUST-102561,Male,0,No,No,46,Yes,Yes,Fiber optic,No,No,Yes,Yes,No,Yes,Two year,Yes,Credit card (automatic),86.91,3999.39,No
CUST-106283,Male,0,Yes,No,61,No,No phone service,Fiber optic,No,No,Yes,Yes,No,Yes,Two year,Yes,Mailed check,74.78,4549.32,No
CUST-104993,Female,1,Yes,No,51,Yes,No,DSL,Yes,No,No,No,Yes,No,Two year,Yes,Credit card (automatic),61.13,3123.22,No
CUST-100668,Female,0,No,No,72,Yes,Yes,Fiber optic,No,No,Yes,Yes,Yes,Yes,One year,No,Bank transfer (automatic),100.21,7215.59,No
CUST-105872,Female,0,No,No,22,Yes,Yes,Fiber optic,Yes,Yes,No,No,No,Yes,One year,No,Credit card (automatic),85.46,,No
CUST-101909,Female,0,No,No,55,Yes,No,Fiber optic,No,No,No,Yes,Yes,No,Month-to-month,Yes,Electronic check,80.49,4446.2,No
CUST-101111,Male,0,No,No,3,Yes,Yes,DSL,No,Yes,Yes,Yes,No,Yes,Two year,Yes,Electronic check,77.65,253.22,Yes
CUST-103647,Female,0,No,No,35,Yes,Yes,Fiber optic,No,No,No,No,Yes,Yes,Month-to-month,No,Bank transfer (automatic),94.33,3346.33,Yes
CUST-101876,Male,0,Yes,Yes,31,Yes,No,DSL,Yes,Yes,No,No,No,No,Month-to-month,No,Electronic check,51.76,1583.09,Yes
CUST-104675,Male,1,No,No,11,Yes,No,DSL,No,Yes,Yes,No,Yes,No,Month-to-month,Yes,Bank transfer (automatic),64.1,702.72,No
CUST-102927,Male,0,No,No,63,Yes,No,Fiber optic,No,No,No,Yes,Yes,Yes,Month-to-month,No,Bank transfer (automatic),84.91,5349.71,No
CUST-102451,Female,0,Yes,No,27,Yes,No,DSL,No,No,Yes,Yes,Yes,Yes,Two year,Yes,Credit card (automatic),69.46,1878.37,Yes
CUST-105422,Male,0,Yes,No,6,Yes,No,Fiber optic,No,Yes,Yes,No,No,Yes,Month-to-month,Yes,Credit card (automatic),85.02,493.77,Yes
CUST-105088,Male,0,Yes,Yes,62,Yes,No,Fiber optic,No,Yes,Yes,No,Yes,Yes,Month-to-month,Yes,Bank transfer (automatic),92.73,5739.37,Yes
CUST-100075,Male,0,No,Yes,26,Yes,Yes,No,No internet service,No internet service,No internet service,No internet service,No internet service,No internet service,One year,Yes,Mailed check,33.13,903.41,No
CUST-102449,Male,0,No,No,18,Yes,No,DSL,No,No,No,No,Yes,Yes,One year,Yes,Electronic check,62.22,1151.43,Yes
CUST-103083,Male,0,No,No,41,No,No phone service,No,No internet service,No internet service,No internet service,No internet service,No internet service,No internet service,Two year,Yes,Electronic check,18.0,741.12,No
CUST-103215,Male,0,Yes,Yes,22,Yes,No,Fiber optic,No,No,No,No,No,Yes,Month-to-month,Yes,Mailed check,76.3,1724.73,No
CUST-101493,Male,0,Yes,No,18,Yes,No,Fiber optic,No,No,Yes,No,Yes,Yes,One year,No,Electronic check,82.84,1477.47,Yes
CUST-104904,Male,1,No,No,1,Yes,Yes,Fiber optic,No,Yes,No,Yes,No,Yes,Month-to-month,Yes,Electronic check,89.45,105.2,Yes
CUST-102853,Male,0,No,No,18,Yes,No,Fiber optic,Yes,No,No,No,No,No,One year,Yes,Electronic check,67.14,1220.47,Yes
CUST-104335,Male,0,Yes,Yes,50,Yes,No,No,No internet service,No internet service,No internet service,No internet service,No internet service,No internet service,Month-to-month,Yes,Electronic check,21.22,1068.0,No
CUST-101645,Male,0,Yes,No,43,Yes,Yes,No,No internet service,No internet service,No internet service,No internet service,No internet service,No internet service,Month-to-month,Yes,Electronic check,29.51,1258.7,No
CUST-103299,Female,0,No,No,21,Yes,No,No,No internet service,No internet service,No internet service,No internet service,No internet service,No internet service,Month-to-month,No,Electronic check,18.0,402.19,No
CUST-101879,Male,0,Yes,No,53,Yes,No,DSL,No,Yes,Yes,Yes,No,No,Month-to-month,No,Electronic check,60.5,3217.79,No
CUST-104138,Female,0,Yes,No,3,Yes,No,No,No internet service,No internet service,No internet service,No internet service,No internet service,No internet service,Two year,Yes,Bank transfer (automatic),24.36,68.45,No
CUST-103008,Female,0,Yes,No,20,Yes,No,DSL,No,No,No,No,Yes,Yes,Month-to-month,No,Credit card (automatic),65.54,1315.03,No
CUST-101258,Female,0,Yes,Yes,56,Yes,Yes,Fiber optic,No,No,No,No,Yes,Yes,Month-to-month,Yes,Credit card (automatic),84.13,4725.73,No
CUST-105313,Male,1,No,No,64,Yes,No,DSL,Yes,No,Yes,No,No,No,One year,No,Bank transfer (automatic),54.67,3479.19,No
CUST-104492,Female,0,Yes,No,7,Yes,No,DSL,No,No,No,Yes,Yes,No,Month-to-month,No,Electronic check,59.84,430.63,No
CUST-104903,Female,0,No,No,37,No,No phone service,Fiber optic,Yes,Yes,No,No,No,No,One year,No,Credit card (automatic),65.81,2426.75,No
CUST-102751,Male,0,Yes,No,18,Yes,No,Fiber optic,Yes,Yes,No,No,Yes,No,One year,No,Mailed check,74.96,1337.58,No
CUST-102019,Male,0,Yes,Yes,18,Yes,Yes,Fiber optic,No,No,No,Yes,No,No,Month-to-month,No,Electronic check,74.19,1353.34,No
CUST-106317,Female,0,Yes,Yes,6,No,No phone service,DSL,Yes,No,Yes,Yes,Yes,No,Month-to-month,No,Mailed check,62.04,404.26,No
CUST-105279,Male,0,Yes,No,6,Yes,Yes,DSL,Yes,Yes,No,Yes,No,No,One year,Yes,Bank transfer (automatic),66.55,392.42,No
CUST-104778,Male,1,No,No,65,Yes,Yes,DSL,No,No,Yes,No,No,No,Month-to-month,Yes,Bank transfer (automatic),53.9,3510.37,No
CUST-100789,Male,0,Yes,No,16,Yes,No,Fiber optic,No,No,Yes,No,Yes,Yes,Month-to-month,Yes,Credit card (automatic),89.56,1413.62,No
CUST-106701,Male,0,Yes,No,7,Yes,Yes,No,No internet service,No internet service,No internet service,No internet service,No internet service,No internet service,Two year,Yes,Credit card (automatic),28.81,217.91,No
CUST-105683,Male,1,Yes,No,27,Yes,No,DSL,No,No,Yes,Yes,Yes,No,Month-to-month,Yes,Mailed check,59.53,1586.49,Yes
CUST-100294,Female,0,Yes,No,8,Yes,No,DSL,No,No,Yes,Yes,Yes,No,Two year,Yes,Electronic check,63.9,515.25,No
CUST-105132,Male,0,Yes,Yes,70,Yes,No,DSL,No,No,Yes,No,No,Yes,One year,No,Electronic check,56.61,3945.93,No
CUST-101632,Male,0,Yes,No,51,Yes,No,No,No internet service,No internet service,No internet service,No internet service,No internet service,No internet service,Two year,No,Electronic check,21.16,1095.66,No
CUST-105200,Male,0,No,No,72,Yes,No,No,No internet service,No internet service,No internet service,No internet service,No internet service,No internet service,Month-to-month,No,Electronic check,26.48,1946.38,No
CUST-104953,Male,1,Yes,Yes,51,Yes,No,DSL,Yes,Yes,Yes,Yes,No,No,Two year,No,Electronic check,69.31,3540.0,No
CUST-100936,Male,0,Yes,Yes,3,Yes,No,Fiber optic,No,Yes,Yes,Yes,No,No,One year,Yes,Credit card (automatic),83.63,215.04,No
CUST-101351,Male,0,Yes,Yes,55,Yes,No,Fiber optic,Yes,No,Yes,No,Yes,No,Month-to-month,No,Bank transfer (automatic),80.88,4430.25,No
CUST-105319,Male,1,No,No,29,Yes,Yes,DSL,Yes,No,No,No,No,Yes,Month-to-month,No,Bank transfer (automatic),63.46,1847.2,No
CUST-104931,Female,0,No,No,62,Yes,No,Fiber optic,Yes,Yes,Yes,No,Yes,Yes,Month-to-month,Yes,Electronic check,96.67,6018.87,No
CUST-104584,Female,0,Yes,Yes,70,Yes,No,Fiber optic,No,No,No,No,Yes,No,Month-to-month,Yes,Bank transfer (automatic),72.02,5035.2,No
CUST-106587,Male,0,Yes,No,53,Yes,Yes,Fiber optic,Yes,No,Yes,No,No,No,Month-to-month,No,Mailed check,78.86,4176.39,No
CUST-102120,Female,0,No,No,2,Yes,No,DSL,Yes,Yes,Yes,No,No,No,Two year,Yes,Credit card (automatic),59.17,135.66,No
CUST-104459,Female,1,Yes,No,67,No,No phone service,DSL,No,No,No,No,Yes,Yes,Month-to-month,Yes,Bank transfer (automatic),53.56,3578.34,No
CUST-103085,Male,0,No,No,4,Yes,No,DSL,No,No,No,Yes,No,Yes,One year,No,Mailed check,56.31,221.34,No
CUST-101145,Male,1,Yes,Yes,71,Yes,No,No,No internet service,No internet service,No internet service,No internet service,No internet service,No internet service,Month-to-month,No,Credit card (automatic),22.75,1602.62,No
CUST-101960,Female,0,No,No,10,Yes,No,Fiber optic,No,Yes,Yes,No,No,No,Month-to-month,Yes,Credit card (automatic),79.08,831.01,No
CUST-106149,Female,0,No,No,40,Yes,Yes,Fiber optic,Yes,Yes,Yes,No,No,Yes,Month-to-month,Yes,Mailed check,96.52,3891.23,No
CUST-104336,Female,0,No,No,61,Yes,Yes,Fiber optic,Yes,No,No,No,No,No,One year,No,Electronic check,76.84,4675.46,No
CUST-100002,Female,0,Yes,Yes,9,Yes,No,Fiber optic,Yes,No,Yes,No,Yes,No,Month-to-month,Yes,Credit card (automatic),83.9,757.04,Yes
CUST-105850,Male,0,Yes,No,54,Yes,No,Fiber optic,No,No,Yes,No,No,No,One year,Yes,Mailed check,68.25,3662.27,Yes
CUST-100964,Female,0,No,Yes,52,Yes,Yes,Fiber optic,No,No,No,Yes,No,Yes,Month-to-month,No,Electronic check,84.51,4407.58,Yes
CUST-106124,Male,0,Yes,Yes,26,Yes,Yes,No,No internet service,No internet service,No internet service,No internet service,No internet service,No internet service,Month-to-month,No,Credit card (automatic),24.66,618.06,No
CUST-106372,Female,0,Yes,No,9,Yes,No,No,No internet service,No internet service,No internet service,No internet service,No internet service,No internet service,Month-to-month,Yes,Mailed check,27.47,253.45,No
CUST-102674,Female,0,Yes,Yes,47,No,No phone service,No,No internet service,No internet service,No internet service,No internet service,No internet service,No internet service,Month-to-month,No,Bank transfer (automatic),18.0,823.0,No
CUST-100653,Female,0,No,No,5,Yes,No,No,No internet service,No internet service,No internet service,No internet service,No internet service,No internet service,One year,No,Credit card (automatic),25.22,97.2,No
CUST-105685,Male,1,Yes,Yes,22,Yes,Yes,Fiber optic,Yes,Yes,Yes,No,No,No,Month-to-month,Yes,Bank transfer (automatic),86.73,1896.97,No
CUST-103773,Male,0,No,No,23,No,No phone service,Fiber optic,Yes,No,Yes,Yes,Yes,Yes,Month-to-month,Yes,Bank transfer (automatic),93.51,2168.74,No
CUST-102379,Female,0,Yes,No,49,Yes,Yes,Fiber optic,No,Yes,No,No,Yes,Yes,Month-to-month,Yes,Mailed check,86.19,4224.38,No
CUST-104299,Male,0,No,No,52,Yes,No,DSL,No,No,Yes,No,No,No,Month-to-month,Yes,Electronic check,46.49,2443.39,Yes
CUST-106860,Female,0,No,Yes,29,Yes,No,Fiber optic,Yes,Yes,No,No,Yes,Yes,One year,No,Bank transfer (automatic),90.12,2627.43,Yes
CUST-100744,Female,0,No,No,23,Yes,Yes,Fiber optic,Yes,Yes,Yes,Yes,No,Yes,Month-to-month,No,Credit card (automatic),103.76,2394.43,Yes
CUST-100259,Female,0,No,No,62,Yes,No,Fiber optic,No,Yes,No,No,Yes,No,Month-to-month,No,Electronic check,83.12,5121.97,Yes
CUST-102589,Male,0,No,No,56,Yes,No,No,No internet service,No internet service,No internet service,No internet service,No internet service,No internet service,Month-to-month,Yes,Electronic check,23.24,1269.36,Yes
CUST-102991,Female,0,No,No,35,Yes,Yes,DSL,No,No,Yes,Yes,Yes,Yes,Month-to-month,Yes,Credit card (automatic),74.87,2611.71,Yes
CUST-100533,Male,0,No,No,43,Yes,No,DSL,No,Yes,No,No,Yes,Yes,Month-to-month,Yes,Electronic check,67.5,2883.35,No
CUST-102616,Female,0,No,No,42,Yes,No,Fiber optic,No,No,No,No,No,Yes,Month-to-month,Yes,Mailed check,75.95,3177.51,No
CUST-100633,Male,0,No,No,6,Yes,No,DSL,Yes,Yes,No,No,No,No,Two year,No,Mailed check,57.73,326.0,No
CUST-100556,Female,0,Yes,Yes,4,No,No phone service,DSL,No,Yes,No,No,Yes,No,Two year,Yes,Mailed check,48.69,221.66,No
CUST-106975,Female,0,No,No,9,Yes,Yes,Fiber optic,No,Yes,No,Yes,No,Yes,One year,Yes,Electronic check,88.43,797.25,No
CUST-100590,Female,0,No,No,11,Yes,No,DSL,No,Yes,Yes,Yes,Yes,No,Two year,Yes,Credit card (automatic),66.62,714.23,Yes
CUST-102756,Female,0,Yes,No,51,Yes,No,DSL,No,No,No,Yes,No,Yes,Month-to-month,Yes,Electronic check,58.64,,Yes
CUST-100886,Male,0,Yes,No,55,Yes,No,Fiber optic,Yes,No,No,Yes,No,No,One year,No,Mailed check,77.56,4304.24,No
CUST-104728,Male,1,Yes,Yes,37,Yes,Yes,Fiber optic,No,Yes,Yes,No,No,No,Two year,Yes,Electronic check,75.29,2788.27,No
CUST-105966,Female,0,No,No,48,Yes,No,No,No internet service,No internet service,No internet service,No internet service,No internet service,No internet service,Month-to-month,Yes,Bank transfer (automatic),25.3,1240.18,No
CUST-100495,Male,0,No,Yes,50,Yes,No,No,No internet service,No internet service,No internet service,No internet service,No internet service,No internet service,Month-to-month,Yes,Mailed check,21.14,1056.26,No
CUST-103006,Female,1,Yes,Yes,5,Yes,Yes,No,No internet service,No internet service,No internet service,No internet service,No internet service,No internet service,One year,No,Mailed check,26.01,110.02,No
CUST-100362,Male,0,Yes,Yes,30,Yes,Yes,DSL,No,No,No,Yes,No,Yes,Month-to-month,Yes,Bank transfer (automatic),58.16,1786.49,No
CUST-102027,Female,0,Yes,No,70,Yes,No,Fiber optic,No,No,No,Yes,No,Yes,Two year,No,Credit card (automatic),79.17,5571.77,No
CUST-104898,Female,1,No,No,57,Yes,Yes,DSL,No,No,Yes,No,Yes,Yes,Month-to-month,No,Bank transfer (automatic),70.61,3993.53,No
CUST-101150,Male,1,Yes,No,4,Yes,Yes,DSL,Yes,Yes,No,No,Yes,Yes,Month-to-month,No,Electronic check,77.29,308.67,No
CUST-100828,Female,1,No,No,31,Yes,No,DSL,Yes,No,Yes,No,Yes,No,Month-to-month,Yes,Mailed check,63.47,1982.78,Yes
CUST-102791,Male,1,No,No,14,Yes,No,DSL,Yes,No,Yes,Yes,Yes,No,Month-to-month,Yes,Credit card (automatic),68.11,977.81,No
CUST-106626,Female,0,Yes,Yes,59,Yes,No,No,No internet service,No internet service,No internet service,No internet service,No internet service,No internet service,Month-to-month,Yes,Electronic check,21.96,1284.86,No
CUST-103598,Male,0,No,No,38,Yes,No,Fiber optic,No,No,Yes,No,No,No,Month-to-month,No,Credit card (automatic),60.3,2283.88,Yes
CUST-101016,Male,0,No,No,45,Yes,No,DSL,Yes,No,Yes,Yes,Yes,No,Month-to-month,Yes,Credit card (automatic),68.75,3128.63,No
CUST-100662,Male,1,Yes,No,41,Yes,No,DSL,Yes,Yes,No,No,Yes,No,One year,No,Mailed check,60.58,2499.0,No
CUST-100993,Male,0,Yes,No,69,Yes,Yes,Fiber optic,No,No,Yes,Yes,Yes,Yes,Month-to-month,No,Mailed check,97.57,6740.44,Yes
CUST-100648,Female,0,Yes,No,56,Yes,No,Fiber optic,Yes,Yes,No,Yes,No,No,Two year,No,Credit card (automatic),76.66,4288.94,No
CUST-102082,Male,0,No,Yes,12,Yes,Yes,No,No internet service,No internet service,No internet service,No internet service,No internet service,No internet service,Two year,Yes,Electronic check,31.29,343.12,No
CUST-102167,Female,1,No,No,55,Yes,Yes,No,No internet service,No internet service,No internet service,No internet service,No internet service,No internet service,Two year,Yes,Credit card (automatic),25.86,1440.5,No
CUST-101712,Female,1,No,No,32,Yes,Yes,Fiber optic,No,No,No,No,Yes,No,Month-to-month,Yes,Bank transfer (automatic),77.96,2515.93,Yes
CUST-100070,Female,0,No,No,23,Yes,No,No,No internet service,No internet service,No internet service,No internet service,No internet service,No internet service,Two year,Yes,Electronic check,25.13,557.31,No
CUST-105610,Male,1,No,No,21,Yes,No,DSL,No,Yes,Yes,No,No,Yes,Two year,No,Electronic check,61.47,1266.87,No
CUST-104347,Male,0,Yes,Yes,68,Yes,No,DSL,Yes,No,Yes,No,Yes,No,Month-to-month,Yes,Bank transfer (automatic),57.09,3868.01,No
CUST-104081,Male,1,Yes,No,69,Yes,No,DSL,Yes,No,No,Yes,No,No,Month-to-month,Yes,Bank transfer (automatic),50.29,3493.27,No
CUST-102626,Female,0,No,No,38,Yes,No,DSL,No,No,No,Yes,Yes,Yes,Month-to-month,Yes,Bank transfer (automatic),69.06,2641.73,Yes
CUST-103571,Female,0,No,No,30,Yes,Yes,Fiber optic,No,No,Yes,Yes,No,No,One year,Yes,Electronic check,77.81,2334.82,No
CUST-101686,Male,0,Yes,No,19,Yes,No,DSL,Yes,No,No,No,No,Yes,Month-to-month,No,Mailed check,59.86,1125.88,Yes
CUST-106250,Female,1,Yes,No,26,Yes,No,No,No internet service,No internet service,No internet service,No internet service,No internet service,No internet service,One year,Yes,Mailed check,22.75,571.47,No
CUST-101312,Female,0,No,No,15,No,No phone service,Fiber optic,No,Yes,No,Yes,No,No,Two year,No,Mailed check,66.08,1007.34,No
CUST-103783,Female,0,No,No,40,Yes,Yes,Fiber optic,No,Yes,Yes,No,No,No,Month-to-month,Yes,Mailed check,80.21,3201.12,No
CUST-106053,Male,0,No,No,64,Yes,No,Fiber optic,Yes,Yes,No,Yes,Yes,No,One year,No,Credit card (automatic),87.53,5615.46,No
CUST-105951,Female,0,No,No,34,Yes,No,DSL,No,No,Yes,No,Yes,Yes,Two year,No,Mailed check,68.04,2317.85,No
CUST-102221,Male,0,Yes,No,44,Yes,Yes,Fiber optic,No,No,Yes,No,Yes,Yes,Month-to-month,No,Credit card (automatic),92.2,4067.05,No
CUST-100906,Male,1,No,No,59,Yes,No,DSL,No,Yes,Yes,No,Yes,No,Month-to-month,No,Credit card (automatic),60.66,3575.26,No
CUST-103860,Female,0,Yes,Yes,71,Yes,Yes,DSL,No,No,No,Yes,Yes,No,Two year,No,Bank transfer (automatic),64.97,4583.09,No
CUST-102289,Male,0,Yes,Yes,4,Yes,No,Fiber optic,No,No,No,Yes,No,No,One year,Yes,Bank transfer (automatic),71.44,250.54,No
CUST-103677,Female,1,No,No,30,Yes,Yes,DSL,No,No,No,Yes,No,No,Month-to-month,Yes,Electronic check,52.63,1585.04,Yes
CUST-105845,Male,0,Yes,No,35,No,No phone service,Fiber optic,No,No,No,Yes,Yes,Yes,Month-to-month,Yes,Electronic check,80.9,2842.79,No
CUST-105571,Female,0,Yes,No,66,Yes,No,No,No internet service,No internet service,No internet service,No internet service,No internet service,No internet service,Two year,Yes,Credit card (automatic),23.69,1570.2,No
CUST-106912,Male,0,Yes,No,43,Yes,No,No,No internet service,No internet service,No internet service,No internet service,No internet service,No internet service,Month-to-month,Yes,Mailed check,25.31,1081.96,No
CUST-106263,Female,0,Yes,Yes,16,Yes,No,No,No internet service,No internet service,No internet service,No internet service,No internet service,No internet service,Month-to-month,Yes,Bank transfer (automatic),21.48,356.0,No
CUST-106868,Female,0,No,No,10,Yes,Yes,Fiber optic,No,No,No,No,Yes,Yes,Month-to-month,No,Credit card (automatic),86.18,866.8,Yes
CUST-106444,Male,0,No,No,55,Yes,Yes,Fiber optic,Yes,No,No,No,No,Yes,Two year,No,Electronic check,82.62,4566.8,No
CUST-104813,Female,0,No,No,53,Yes,Yes,Fiber optic,Yes,No,Yes,No,No,Yes,Month-to-month,Yes,Credit card (automatic),84.01,4447.98,No
CUST-105004,Female,0,Yes,Yes,71,Yes,Yes,No,No internet service,No internet service,No internet service,No internet service,No internet service,No internet service,Two year,No,Mailed check,31.84,2310.61,No
CUST-105958,Female,0,No,No,12,Yes,No,No,No internet service,No internet service,No internet service,No internet service,No internet service,No internet service,One year,No,Credit card (automatic),20.29,209.64,No
CUST-102443,Male,0,No,No,17,No,No phone service,DSL,Yes,No,Yes,No,No,Yes,Month-to-month,Yes,Bank transfer (automatic),66.56,1120.15,No
CUST-105348,Male,0,No,Yes,28,Yes,No,Fiber optic,No,No,No,No,No,Yes,Two year,No,Electronic check,71.98,2023.49,No
CUST-100009,Male,0,No,No,13,Yes,No,Fiber optic,No,Yes,No,Yes,No,No,Month-to-month,Yes,Credit card (automatic),75.17,975.73,Yes
CUST-102453,Male,0,No,Yes,17,Yes,Yes,Fiber optic,No,No,No,Yes,Yes,Yes,Month-to-month,No,Electronic check,90.13,1541.29,Yes
CUST-100873,Male,0,No,No,50,Yes,Yes,No,No internet service,No internet service,No internet service,No internet service,No internet service,No internet service,Month-to-month,No,Credit card (automatic),28.42,1407.84,No
CUST-106478,Female,0,No,No,62,Yes,No,No,No internet service,No internet service,No internet service,No internet service,No internet service,No internet service,Two year,No,Credit card (automatic),25.6,1602.8,No
CUST-104899,Female,0,Yes,Yes,63,Yes,Yes,Fiber optic,No,Yes,Yes,No,Yes,No,One year,Yes,Electronic check,87.84,5502.93,No
CUST-103582,Male,0,Yes,Yes,10,Yes,No,DSL,Yes,Yes,Yes,No,No,No,Month-to-month,No,Electronic check,57.52,567.19,Yes
CUST-105391,Male,0,No,No,70,No,No phone service,Fiber optic,No,Yes,No,No,Yes,Yes,Month-to-month,Yes,Electronic check,79.26,5581.26,No
CUST-106708,Male,0,No,Yes,50,Yes,No,DSL,Yes,No,No,No,Yes,No,Month-to-month,Yes,Electronic check,58.06,2920.35,Yes
CUST-105284,Female,0,No,No,38,No,No phone service,DSL,Yes,No,No,No,Yes,No,Month-to-month,Yes,Electronic check,55.84,2140.15,Yes
CUST-104236,Female,0,No,No,32,Yes,No,DSL,No,No,Yes,No,Yes,No,Month-to-month,No,Electronic check,58.76,1902.54,No
CUST-106650,Male,0,No,No,28,Yes,Yes,Fiber optic,No,Yes,No,No,No,No,Month-to-month,Yes,Mailed check,74.97,2082.37,No
CUST-106368,Male,0,Yes,Yes,4,Yes,No,Fiber optic,Yes,No,Yes,No,No,No,Two year,Yes,Credit card (automatic),76.19,297.68,Yes
CUST-104004,Female,0,No,Yes,13,Yes,No,Fiber optic,Yes,No,Yes,Yes,No,No,One year,No,Credit card (automatic),80.86,1060.67,No
CUST-106078,Female,0,Yes,Yes,32,Yes,Yes,DSL,No,Yes,No,No,Yes,No,Month-to-month,No,Electronic check,62.29,1966.79,No
CUST-104810,Male,1,No,No,33,Yes,No,DSL,No,Yes,Yes,Yes,No,No,Month-to-month,No,Bank transfer (automatic),55.81,1827.92,No
CUST-105485,Male,0,Yes,No,34,Yes,Yes,DSL,No,No,No,Yes,Yes,No,Month-to-month,Yes,Electronic check,62.02,2101.16,No
CUST-105404,Male,1,No,No,31,Yes,No,DSL,Yes,No,No,No,No,No,Month-to-month,Yes,Electronic check,43.62,1356.6,No
CUST-100284,Male,0,No,No,10,Yes,Yes,No,No internet service,No internet service,No internet service,No internet service,No internet service,No internet service,Month-to-month,Yes,Electronic check,33.41,344.85,Yes
CUST-102036,Female,0,Yes,No,3,Yes,No,Fiber optic,No,No,Yes,No,No,Yes,Month-to-month,Yes,Electronic check,77.82,235.03,Yes
CUST-103978,Female,0,Yes,No,13,Yes,No,Fiber optic,No,No,No,No,Yes,No,Month-to-month,No,Bank transfer (automatic),72.78,964.82,Yes
CUST-103586,Male,0,Yes,Yes,18,Yes,Yes,Fiber optic,No,Yes,Yes,No,No,Yes,Month-to-month,Yes,Electronic check,89.36,1636.84,No
CUST-106562,Male,0,No,No,67,No,No phone service,No,No internet service,No internet service,No internet service,No internet service,No internet service,No internet service,One year,No,Electronic check,18.73,1270.67,No
CUST-101897,Female,0,Yes,Yes,41,Yes,No,DSL,No,Yes,No,No,No,Yes,One year,Yes,Mailed check,58.47,2398.97,No
CUST-105408,Female,0,Yes,Yes,61,Yes,No,Fiber optic,No,No,No,Yes,No,No,One year,Yes,Electronic check,68.08,4149.06,Yes
CUST-103642,Female,0,No,No,53,Yes,Yes,DSL,Yes,No,Yes,No,No,Yes,Month-to-month,Yes,Credit card (automatic),66.14,3485.72,No
CUST-106454,Male,0,No,No,5,Yes,No,No,No internet service,No internet service,No internet service,No internet service,No internet service,No internet service,Two year,No,Mailed check,19.54,90.81,No
CUST-104397,Male,0,Yes,No,18,Yes,Yes,No,No internet service,No internet service,No internet service,No internet service,No internet service,No internet service,Two year,Yes,Electronic check,28.63,572.2,No
CUST-104470,Male,0,No,No,48,Yes,Yes,DSL,Yes,No,Yes,Yes,No,No,Month-to-month,No,Electronic check,66.46,3171.94,No
CUST-105760,Male,1,Yes,No,47,Yes,Yes,DSL,Yes,No,Yes,No,Yes,No,Two year,Yes,Mailed check,71.79,3368.27,No
CUST-102196,Male,0,No,Yes,16,Yes,Yes,DSL,No,No,Yes,Yes,No,No,Month-to-month,Yes,Electronic check,53.07,826.63,No
CUST-102310,Male,0,No,No,25,Yes,Yes,DSL,No,Yes,Yes,No,No,No,Month-to-month,No,Mailed check,65.58,1623.5,Yes
CUST-100498,Female,0,No,No,1,Yes,No,Fiber optic,Yes,No,No,No,No,No,One year,Yes,Bank transfer (automatic),68.03,61.36,No
CUST-102546,Female,0,No,No,36,Yes,No,Fiber optic,No,No,Yes,No,No,Yes,Two year,No,Electronic check,78.66,2840.68,No
CUST-102405,Female,1,No,No,42,Yes,Yes,Fiber optic,Yes,No,No,No,Yes,Yes,Month-to-month,Yes,Mailed check,93.41,3911.68,Yes
CUST-104159,Male,0,Yes,No,8,Yes,Yes,Fiber optic,No,No,Yes,Yes,No,No,One year,No,Bank transfer (automatic),79.4,634.95,No
CUST-106255,Male,0,No,No,52,Yes,No,DSL,No,Yes,No,No,No,No,Two year,Yes,Electronic check,49.92,2588.76,No
CUST-104450,Female,0,No,No,0,Yes,No,DSL,No,No,No,No,Yes,No,Two year,Yes,Credit card (automatic),48.34,48.34,No
CUST-100379,Male,0,No,No,52,Yes,Yes,No,No internet service,No internet service,No internet service,No internet service,No internet service,No internet service,Month-to-month,Yes,Electronic check,31.85,1634.15,No
CUST-106717,Female,0,No,No,34,Yes,No,Fiber optic,Yes,No,Yes,No,Yes,No,Month-to-month,No,Mailed check,85.35,2893.97,No
CUST-106223,Male,0,Yes,Yes,37,Yes,Yes,Fiber optic,No,Yes,No,Yes,No,Yes,Month-to-month,No,Mailed check,84.77,3147.92,Yes
CUST-103054,Female,0,No,No,33,No,No phone service,No,No internet service,No internet service,No internet service,No internet service,No internet service,No internet service,Two year,No,Electronic check,19.73,653.1,No
CUST-104665,Female,0,Yes,Yes,17,Yes,Yes,Fiber optic,Yes,Yes,No,Yes,No,No,Month-to-month,Yes,Credit card (automatic),83.7,1415.56,No
CUST-101052,Female,0,No,No,70,Yes,No,Fiber optic,No,Yes,No,No,No,No,Month-to-month,Yes,Electronic check,62.25,4326.81,No
CUST-100190,Female,0,No,No,10,No,No phone service,DSL,Yes,Yes,Yes,Yes,No,No,One year,Yes,Electronic check,57.73,588.79,No
CUST-104380,Female,0,Yes,No,26,Yes,Yes,Fiber optic,No,No,No,No,Yes,No,One year,No,Bank transfer (automatic),72.99,1872.97,No
CUST-102387,Female,0,Yes,No,38,Yes,Yes,No,No internet service,No internet service,No internet service,No internet service,No internet service,No internet service,Month-to-month,No,Electronic check,26.51,988.89,No
CUST-101720,Male,0,No,No,15,Yes,No,Fiber optic,No,No,Yes,No,No,Yes,One year,Yes,Credit card (automatic),79.66,1214.46,Yes
CUST-105678,Female,0,Yes,No,7,Yes,No,DSL,No,Yes,No,No,No,Yes,Month-to-month,No,Credit card (automatic),55.27,400.74,No
CUST-105897,Female,1,No,Yes,42,Yes,Yes,DSL,Yes,No,No,No,No,No,Month-to-month,No,Mailed check,48.88,2081.76,Yes
CUST-100020,Female,0,No,No,8,Yes,Yes,Fiber optic,No,Yes,Yes,No,Yes,Yes,One year,No,Mailed check,95.92,749.34,No
CUST-105992,Female,1,No,No,65,Yes,No,No,No internet service,No internet service,No internet service,No internet service,No internet service,No internet service,One year,Yes,Bank transfer (automatic),22.02,1456.99,No
CUST-102855,Male,0,No,No,13,Yes,No,No,No internet service,No internet service,No internet service,No internet service,No internet service,No internet service,Two year,No,Electronic check,22.27,295.23,No
CUST-102534,Female,1,Yes,No,5,Yes,No,DSL,Yes,No,Yes,Yes,Yes,No,One year,No,Bank transfer (automatic),63.97,300.65,No
CUST-106117,Male,0,No,No,22,Yes,No,Fiber optic,No,No,Yes,No,Yes,No,Two year,Yes,Mailed check,72.15,1557.24,Yes
CUST-104044,Male,0,Yes,Yes,28,Yes,No,DSL,No,Yes,No,Yes,No,Yes,One year,Yes,Electronic check,66.53,1886.78,No
CUST-104262,Male,0,No,No,71,Yes,No,Fiber optic,No,No,No,No,No,Yes,Two year,Yes,Mailed check,72.99,5174.27,No
CUST-102020,Male,0,Yes,Yes,44,Yes,Yes,Fiber optic,No,No,Yes,Yes,Yes,Yes,Month-to-month,Yes,Mailed check,98.47,4327.59,No
CUST-106784,Male,0,No,No,18,Yes,Yes,DSL,No,Yes,No,No,Yes,Yes,One year,Yes,Electronic check,68.11,1214.7,Yes
CUST-106038,Male,0,Yes,No,33,Yes,Yes,Fiber optic,No,No,Yes,No,Yes,Yes,Month-to-month,No,Electronic check,92.18,3078.98,No
CUST-105625,Female,1,No,No,40,Yes,Yes,DSL,Yes,No,Yes,No,Yes,No,Month-to-month,Yes,Electronic check,66.31,2639.85,Yes
CUST-105193,Male,0,No,Yes,18,No,No phone service,DSL,Yes,No,Yes,No,Yes,No,One year,No,Electronic check,59.11,1044.55,Yes
CUST-100208,Male,0,No,No,18,Yes,Yes,Fiber optic,Yes,No,Yes,Yes,Yes,No,One year,No,Electronic check,100.16,1830.16,No
CUST-105577,Female,0,Yes,No,46,Yes,No,Fiber optic,No,No,Yes,Yes,Yes,Yes,Month-to-month,No,Bank transfer (automatic),90.52,4187.31,No
CUST-103534,Male,0,No,Yes,38,Yes,No,Fiber optic,Yes,No,No,No,No,No,Two year,No,Mailed check,70.34,2644.44,Yes
CUST-104003,Male,0,No,No,17,No,No phone service,Fiber optic,Yes,No,No,No,Yes,Yes,Month-to-month,No,Bank transfer (automatic),83.51,1448.32,Yes
CUST-104870,Male,0,No,No,66,Yes,No,Fiber optic,No,Yes,No,No,Yes,Yes,Month-to-month,No,Credit card (automatic),86.13,5639.12,No
CUST-104949,Male,0,Yes,No,65,Yes,No,Fiber optic,No,No,Yes,Yes,No,Yes,Month-to-month,No,Mailed check,80.24,5247.46,No
CUST-100150,Female,0,No,No,21,Yes,Yes,Fiber optic,No,No,No,Yes,Yes,No,Month-to-month,No,Mailed check,79.35,1644.47,Yes
CUST-100022,Male,0,Yes,No,28,Yes,Yes,DSL,Yes,Yes,Yes,Yes,Yes,Yes,Month-to-month,Yes,Credit card (automatic),86.28,2440.21,No
CUST-105417,Male,0,Yes,Yes,29,Yes,No,Fiber optic,Yes,No,Yes,No,Yes,Yes,Month-to-month,No,Credit card (automatic),93.64,2709.91,Yes
CUST-103605,Male,0,Yes,Yes,54,Yes,No,Fiber optic,No,No,Yes,No,Yes,No,Month-to-month,Yes,Electronic check,81.61,4418.73,Yes
CUST-102922,Male,0,No,No,63,Yes,No,DSL,Yes,No,No,No,No,No,One year,No,Credit card (automatic),46.03,2885.85,No
CUST-101331,Female,0,Yes,No,36,Yes,Yes,No,No internet service,No internet service,No internet service,No internet service,No internet service,No internet service,Two year,No,Bank transfer (automatic),30.51,1095.59,No
CUST-104965,Male,0,Yes,No,63,Yes,Yes,DSL,No,Yes,Yes,No,No,No,Month-to-month,No,Electronic check,62.96,3990.54,Yes
CUST-100657,Female,0,No,Yes,69,Yes,Yes,Fiber optic,No,No,No,Yes,Yes,No,Month-to-month,Yes,Mailed check,86.31,5941.38,No
CUST-103148,Female,1,Yes,Yes,7,Yes,Yes,Fiber optic,Yes,Yes,No,Yes,Yes,No,Month-to-month,No,Credit card (automatic),93.56,644.87,Yes
CUST-103384,Female,1,No,No,38,Yes,Yes,Fiber optic,No,Yes,Yes,No,No,No,Month-to-month,Yes,Mailed check,75.22,2848.03,Yes
CUST-101382,Male,0,No,Yes,27,Yes,Yes,No,No internet service,No internet service,No internet service,No internet service,No internet service,No internet service,Month-to-month,No,Credit card (automatic),30.5,833.47,Yes
CUST-101807,Male,0,No,No,25,Yes,Yes,DSL,No,Yes,No,No,No,Yes,Month-to-month,No,Credit card (automatic),68.5,1711.76,No
CUST-105016,Male,1,No,No,5,Yes,No,DSL,No,No,Yes,Yes,No,Yes,Month-to-month,Yes,Electronic check,58.02,305.83,No
CUST-101962,Male,0,Yes,Yes,3,Yes,Yes,Fiber optic,Yes,No,No,No,Yes,Yes,One year,No,Credit card (automatic),89.67,252.63,No
CUST-106844,Male,0,Yes,Yes,31,Yes,Yes,DSL,Yes,Yes,Yes,No,Yes,No,Month-to-month,Yes,Mailed check,76.48,2383.85,No
CUST-106276,Male,0,No,No,27,No,No phone service,No,No internet service,No internet service,No internet service,No internet service,No internet service,No internet service,One year,Yes,Bank transfer (automatic),18.0,453.56,No
CUST-100550,Female,1,Yes,No,61,Yes,No,Fiber optic,Yes,Yes,Yes,No,No,Yes,Month-to-month,Yes,Bank transfer (automatic),84.96,5156.5,No
CUST-105620,Male,0,Yes,No,44,No,No phone service,Fiber optic,Yes,No,No,No,No,Yes,Month-to-month,No,Bank transfer (automatic),77.59,3406.08,No
CUST-105115,Male,0,No,No,37,Yes,No,DSL,No,Yes,Yes,Yes,No,Yes,Two year,Yes,Electronic check,71.92,2654.76,Yes
CUST-106211,Female,0,No,No,14,Yes,Yes,No,No internet service,No internet service,No internet service,No internet service,No internet service,No internet service,Month-to-month,Yes,Electronic check,27.78,426.41,No
CUST-105707,Male,0,Yes,No,33,Yes,Yes,Fiber optic,Yes,Yes,No,No,No,No,One year,Yes,Mailed check,82.27,2725.07,No
CUST-106756,Female,1,No,No,24,Yes,Yes,No,No internet service,No internet service,No internet service,No internet service,No internet service,No internet service,One year,No,Electronic check,29.6,729.55,No
CUST-105585,Female,0,No,Yes,45,No,No phone service,DSL,Yes,Yes,Yes,No,Yes,Yes,One year,No,Credit card (automatic),73.67,3336.81,No
CUST-100939,Female,0,No,No,6,No,No phone service,Fiber optic,No,Yes,Yes,Yes,No,Yes,Two year,Yes,Electronic check,81.05,499.28,Yes
CUST-102469,Male,0,Yes,Yes,33,Yes,Yes,DSL,Yes,Yes,No,Yes,Yes,Yes,Month-to-month,Yes,Electronic check,79.91,2617.64,No
CUST-105698,Female,0,Yes,No,54,Yes,Yes,Fiber optic,Yes,No,No,No,Yes,No,Two year,No,Credit card (automatic),79.09,4295.43,No
CUST-104327,Male,0,Yes,Yes,15,Yes,No,No,No internet service,No internet service,No internet service,No internet service,No internet service,No internet service,One year,Yes,Bank transfer (automatic),25.86,382.13,No
CUST-102830,Female,0,Yes,Yes,36,Yes,No,Fiber optic,No,No,Yes,Yes,No,No,Month-to-month,Yes,Credit card (automatic),73.61,2655.59,Yes
CUST-104749,Male,0,Yes,No,25,Yes,Yes,No,No internet service,No internet service,No internet service,No internet service,No internet service,No internet service,Two year,Yes,Electronic check,32.1,783.0,No
CUST-102103,Male,1,Yes,No,13,Yes,Yes,Fiber optic,No,No,No,Yes,No,No,One year,No,Credit card (automatic),84.39,1123.09,Yes
CUST-101527,Male,0,Yes,Yes,48,Yes,No,No,No internet service,No internet service,No internet service,No internet service,No internet service,No internet service,Month-to-month,No,Mailed check,23.37,1122.29,No
CUST-100340,Female,0,No,No,24,Yes,Yes,Fiber optic,No,No,Yes,Yes,No,Yes,One year,Yes,Credit card (automatic),84.29,2013.26,No
CUST-102414,Male,0,Yes,Yes,40,Yes,No,Fiber optic,Yes,Yes,No,No,No,Yes,Two year,No,Electronic check,81.12,3292.99,No
CUST-106519,Male,0,Yes,Yes,34,Yes,No,No,No internet service,No internet service,No internet service,No internet service,No internet service,No internet service,Month-to-month,No,Credit card (automatic),21.83,745.58,No
CUST-100420,Female,0,No,Yes,7,Yes,No,Fiber optic,Yes,No,No,Yes,Yes,Yes,One year,No,Mailed check,88.87,632.94,Yes
CUST-100761,Female,1,No,Yes,48,No,No phone service,No,No internet service,No internet service,No internet service,No internet service,No internet service,No internet service,Two year,Yes,Electronic check,18.0,902.23,No
CUST-102389,Female,0,Yes,Yes,56,Yes,No,No,No internet service,No internet service,No internet service,No internet service,No internet service,No internet service,One year,Yes,Electronic check,25.24,1384.85,No
CUST-106064,Male,0,No,No,30,Yes,Yes,No,No internet service,No internet service,No internet service,No internet service,No internet service,No internet service,One year,No,Electronic check,28.47,878.6,No
CUST-104177,Female,1,No,Yes,58,Yes,No,Fiber optic,Yes,No,No,No,Yes,No,One year,No,Electronic check,81.58,4693.85,No
CUST-100864,Female,0,No,No,52,Yes,No,DSL,Yes,No,No,No,Yes,No,Month-to-month,Yes,Mailed check,56.38,2934.43,No
CUST-101868,Male,0,No,Yes,19,Yes,No,Fiber optic,No,Yes,Yes,No,No,Yes,One year,No,Bank transfer (automatic),84.53,1622.62,No
CUST-102388,Female,1,No,No,57,Yes,No,Fiber optic,No,Yes,Yes,No,Yes,Yes,Month-to-month,No,Bank transfer (automatic),85.97,4933.21,Yes
CUST-103447,Female,0,Yes,No,59,Yes,No,Fiber optic,Yes,Yes,No,No,Yes,No,Two year,No,Bank transfer (automatic),83.34,4917.13,No
CUST-104098,Female,0,No,No,26,Yes,No,Fiber optic,No,Yes,No,No,No,Yes,Two year,No,Electronic check,77.01,1985.66,No
CUST-103112,Male,0,No,No,5,No,No phone service,No,No internet service,No internet service,No internet service,No internet service,No internet service,No internet service,Month-to-month,Yes,Mailed check,18.02,116.92,No
CUST-100769,Male,0,Yes,No,71,Yes,No,DSL,No,Yes,No,Yes,No,Yes,Month-to-month,No,Electronic check,64.78,4610.54,Yes
CUST-100884,Female,1,Yes,No,8,No,No phone service,DSL,Yes,No,No,Yes,No,No,One year,No,Electronic check,47.95,394.81,No
CUST-105334,Female,0,Yes,No,36,Yes,No,Fiber optic,Yes,Yes,No,No,No,Yes,One year,Yes,Bank transfer (automatic),82.02,2927.78,No
CUST-105949,Female,0,Yes,No,13,Yes,No,Fiber optic,No,No,No,No,Yes,No,Two year,Yes,Bank transfer (automatic),72.32,937.53,No
CUST-103446,Male,0,No,No,15,Yes,Yes,DSL,No,No,Yes,No,Yes,Yes,Month-to-month,Yes,Bank transfer (automatic),74.57,1129.24,Yes
CUST-102526,Male,0,Yes,Yes,60,Yes,No,No,No internet service,No internet service,No internet service,No internet service,No internet service,No internet service,One year,No,Credit card (automatic),19.98,1204.23,No
CUST-105471,Male,0,No,No,28,Yes,Yes,DSL,No,Yes,Yes,No,No,Yes,One year,Yes,Bank transfer (automatic),68.13,1914.76,No
CUST-105202,Female,0,Yes,Yes,6,Yes,Yes,DSL,Yes,No,Yes,Yes,No,Yes,Month-to-month,No,Electronic check,69.34,421.97,No
CUST-101286,Female,0,No,No,20,Yes,Yes,DSL,No,Yes,Yes,No,Yes,No,Month-to-month,Yes,Electronic check,66.57,1356.65,Yes
CUST-104084,Female,0,No,No,8,Yes,No,DSL,No,No,No,Yes,No,Yes,Month-to-month,Yes,Mailed check,48.36,399.75,Yes
CUST-106501,Female,0,Yes,Yes,68,No,No phone service,DSL,No,Yes,No,Yes,No,Yes,One year,Yes,Bank transfer (automatic),59.88,4114.0,No
CUST-100710,Female,0,No,No,60,No,No phone service,Fiber optic,No,No,No,No,Yes,No,Two year,Yes,Electronic check,63.93,3795.81,No
CUST-106472,Male,1,No,No,63,Yes,Yes,Fiber optic,Yes,Yes,No,Yes,No,No,Month-to-month,No,Bank transfer (automatic),86.41,5481.67,No
CUST-106530,Male,0,No,No,39,Yes,No,DSL,Yes,Yes,No,Yes,Yes,Yes,One year,No,Mailed check,78.07,3056.94,No
CUST-100098,Female,1,Yes,Yes,68,Yes,Yes,Fiber optic,Yes,No,No,No,Yes,No,Month-to-month,Yes,Mailed check,81.88,5587.63,No
CUST-100890,Male,0,Yes,Yes,32,Yes,No,Fiber optic,No,Yes,No,Yes,No,No,Two year,Yes,Electronic check,74.08,2365.89,No
CUST-104907,Female,0,Yes,No,56,Yes,No,Fiber optic,Yes,Yes,No,Yes,Yes,Yes,Month-to-month,No,Electronic check,96.12,5388.0,No
CUST-101982,Male,0,Yes,No,21,Yes,No,Fiber optic,No,No,Yes,No,No,No,Month-to-month,No,Mailed check,71.71,1499.0,Yes
CUST-102892,Male,0,No,Yes,0,Yes,Yes,Fiber optic,Yes,Yes,Yes,Yes,Yes,Yes,Month-to-month,No,Electronic check,104.13,104.13,No
CUST-104036,Female,0,Yes,Yes,23,Yes,No,DSL,Yes,Yes,No,Yes,No,No,One year,No,Mailed check,56.92,1280.89,No
CUST-105762,Male,0,No,No,34,Yes,Yes,DSL,Yes,No,Yes,No,Yes,Yes,Month-to-month,No,Mailed check,74.05,2500.62,Yes
CUST-101039,Female,0,No,No,72,Yes,No,Fiber optic,Yes,Yes,Yes,Yes,Yes,No,Month-to-month,No,Electronic check,91.71,6638.23,No
CUST-106968,Female,0,No,No,10,Yes,No,Fiber optic,No,No,Yes,No,Yes,No,Two year,No,Electronic check,77.76,774.69,No
CUST-106474,Male,0,No,No,68,Yes,Yes,DSL,No,No,No,No,Yes,Yes,Month-to-month,Yes,Credit card (automatic),69.76,4736.31,No
CUST-102595,Male,0,No,No,39,Yes,Yes,DSL,No,No,No,No,Yes,Yes,Two year,Yes,Bank transfer (automatic),67.81, ,No
CUST-104968,Male,0,Yes,Yes,53,Yes,Yes,No,No internet service,No internet service,No internet service,No internet service,No internet service,No internet service,Two year,No,Electronic check,27.45,1450.69,No
CUST-101062,Male,0,Yes,Yes,28,Yes,No,DSL,Yes,Yes,No,Yes,No,Yes,Two year,Yes,Electronic check,68.18,1901.14,No
CUST-103479,Female,0,No,No,21,Yes,No,No,No internet service,No internet service,No internet service,No internet service,No internet service,No internet service,Two year,Yes,Mailed check,22.43,446.61,Yes
CUST-101250,Male,0,No,Yes,63,Yes,No,DSL,Yes,No,Yes,Yes,Yes,Yes,Two year,Yes,Credit card (automatic),66.52,4207.69,No
CUST-104359,Female,0,Yes,No,43,No,No phone service,DSL,No,No,Yes,Yes,Yes,No,Two year,No,Electronic check,54.21,2322.14,No
CUST-101465,Male,0,Yes,No,33,Yes,Yes,DSL,Yes,No,Yes,No,Yes,Yes,Month-to-month,Yes,Mailed check,74.56,2462.0,Yes
CUST-104586,Male,1,Yes,Yes,3,Yes,Yes,Fiber optic,No,No,No,No,Yes,No,One year,Yes,Credit card (automatic),76.99,241.25,No
CUST-104290,Male,0,No,No,4,Yes,Yes,Fiber optic,No,Yes,No,No,No,Yes,Two year,No,Electronic check,83.62,322.91,Yes
CUST-101991,Male,0,Yes,No,43,Yes,Yes,Fiber optic,Yes,No,Yes,No,Yes,No,Two year,No,Electronic check,93.95,4036.35,No
CUST-105890,Female,0,No,No,66,Yes,Yes,Fiber optic,Yes,No,Yes,No,Yes,Yes,Month-to-month,Yes,Bank transfer (automatic),94.37,6259.44,Yes
CUST-101398,Male,1,Yes,No,44,Yes,No,Fiber optic,No,Yes,No,No,No,No,Month-to-month,No,Bank transfer (automatic),73.42,3222.83,No
CUST-100670,Female,1,Yes,No,62,Yes,No,Fiber optic,No,Yes,No,Yes,Yes,No,Month-to-month,No,Credit card (automatic),83.33,5144.51,No
CUST-101262,Male,1,Yes,No,49,Yes,Yes,Fiber optic,Yes,No,Yes,Yes,No,Yes,Month-to-month,Yes,Electronic check,91.63,4436.83,No
CUST-105196,Female,0,No,Yes,44,Yes,Yes,No,No internet service,No internet service,No internet service,No internet service,No internet service,No internet service,Month-to-month,Yes,Electronic check,30.79,1361.46,No
CUST-102761,Male,0,Yes,Yes,32,Yes,No,Fiber optic,Yes,No,Yes,Yes,No,No,Month-to-month,Yes,Electronic check,78.09,2486.11,No
CUST-106413,Male,0,No,Yes,0,Yes,No,Fiber optic,No,Yes,Yes,No,No,Yes,Month-to-month,No,Electronic check,78.54,78.54,No
CUST-106150,Male,1,Yes,Yes,17,Yes,Yes,Fiber optic,No,Yes,Yes,Yes,Yes,No,Two year,Yes,Credit card (automatic),91.4,1523.32,No
CUST-105884,Male,0,Yes,No,59,Yes,Yes,Fiber optic,Yes,Yes,Yes,No,Yes,Yes,One year,Yes,Electronic check,103.55,6132.09,No
CUST-102022,Female,0,No,No,32,Yes,No,DSL,Yes,No,No,No,No,Yes,Month-to-month,Yes,Electronic check,60.94,1938.87,No
CUST-101196,Female,0,No,No,18,Yes,No,DSL,No,No,Yes,No,No,Yes,Two year,No,Bank transfer (automatic),57.77,1044.24,No
CUST-100416,Female,0,Yes,Yes,8,Yes,No,DSL,No,Yes,No,No,No,No,Month-to-month,No,Mailed check,48.3,390.59,No
CUST-104851,Female,1,No,No,12,Yes,No,No,No internet service,No internet service,No internet service,No internet service,No internet service,No internet service,Month-to-month,No,Bank transfer (automatic),27.51,365.67,No
CUST-104762,Male,0,No,No,50,Yes,Yes,Fiber optic,Yes,No,Yes,Yes,Yes,No,Month-to-month,Yes,Electronic check,91.09,4515.74,No
CUST-106397,Male,0,No,No,63,Yes,No,Fiber optic,Yes,Yes,Yes,No,Yes,Yes,One year,Yes,Electronic check,95.37,6014.47,No
CUST-105399,Female,0,No,No,6,Yes,No,No,No internet service,No internet service,No internet service,No internet service,No internet service,No internet service,One year,No,Mailed check,26.33,129.95,No
CUST-100848,Female,0,Yes,Yes,16,Yes,Yes,Fiber optic,No,Yes,No,Yes,Yes,Yes,Month-to-month,No,Mailed check,95.03,1535.53,Yes
CUST-103753,Male,0,Yes,Yes,36,Yes,Yes,Fiber optic,No,Yes,No,No,No,Yes,One year,Yes,Mailed check,84.34,3017.43,No
CUST-106063,Male,0,No,No,22,Yes,Yes,Fiber optic,No,Yes,Yes,No,Yes,No,Month-to-month,Yes,Electronic check,90.61,,No
CUST-103894,Female,1,No,No,19,Yes,Yes,No,No internet service,No internet service,No internet service,No internet service,No internet service,No internet service,Month-to-month,Yes,Electronic check,28.69,554.39,No
CUST-101011,Female,0,No,No,13,Yes,No,DSL,No,No,Yes,No,No,No,Month-to-month,No,Credit card (automatic),46.44,614.62,Yes
CUST-105220,Male,0,No,No,56,Yes,Yes,DSL,Yes,Yes,Yes,No,Yes,Yes,Month-to-month,Yes,Mailed check,78.4,4390.41,No
CUST-102643,Male,0,No,No,20,Yes,No,Fiber optic,No,No,Yes,Yes,Yes,Yes,Month-to-month,Yes,Bank transfer (automatic),91.61,1831.8,No
CUST-104146,Male,0,Yes,No,62,No,No phone service,DSL,Yes,No,No,No,Yes,No,Month-to-month,No,Bank transfer (automatic),51.28,3167.62,No
CUST-104114,Male,0,No,No,28,Yes,No,Fiber optic,Yes,No,No,No,Yes,No,One year,Yes,Electronic check,78.58,2197.09,No
CUST-101236,Male,0,No,No,67,Yes,No,DSL,No,No,No,Yes,Yes,Yes,Month-to-month,No,Credit card (automatic),64.76,4321.64,No
CUST-102411,Male,0,Yes,Yes,51,Yes,No,Fiber optic,Yes,Yes,Yes,No,Yes,Yes,Month-to-month,Yes,Electronic check,96.27,4951.1,Yes
CUST-101703,Male,0,No,Yes,32,Yes,Yes,DSL,No,Yes,No,No,Yes,Yes,One year,No,Mailed check,71.33,2316.94,Yes
CUST-106225,Female,0,Yes,Yes,54,No,No phone service,DSL,No,No,Yes,Yes,Yes,No,One year,No,Mailed check,56.75,3064.77,No
CUST-100898,Male,0,Yes,No,17,Yes,Yes,No,No internet service,No internet service,No internet service,No internet service,No internet service,No internet service,Two year,No,Electronic check,30.33,511.67,No
CUST-106296,Male,0,No,No,56,Yes,No,DSL,Yes,No,Yes,No,No,Yes,Two year,Yes,Electronic check,65.03,3621.1,No
CUST-105174,Male,0,Yes,Yes,19,No,No phone service,No,No internet service,No internet service,No internet service,No internet service,No internet service,No internet service,Month-to-month,No,Electronic check,18.0,361.87,No
CUST-100200,Male,1,No,No,4,Yes,No,No,No internet service,No internet service,No internet service,No internet service,No internet service,No internet service,Month-to-month,Yes,Electronic check,21.76,119.67,No
CUST-101727,Female,0,No,No,68,No,No phone service,Fiber optic,No,Yes,No,Yes,No,Yes,Two year,No,Electronic check,79.2,5379.62,Yes
CUST-103653,Female,0,Yes,Yes,18,Yes,Yes,DSL,No,No,Yes,No,No,No,Two year,No,Electronic check,58.54,1053.42,Yes
CUST-105252,Female,0,No,No,70,Yes,No,Fiber optic,No,No,No,Yes,No,No,Two year,No,Electronic check,76.03,5317.03,No
CUST-103530,Male,0,Yes,No,30,Yes,Yes,No,No internet service,No internet service,No internet service,No internet service,No internet service,No internet service,Month-to-month,Yes,Electronic check,32.73,969.72,No
CUST-104765,Male,1,Yes,No,41,No,No phone service,Fiber optic,Yes,No,No,No,Yes,Yes,Month-to-month,No,Bank transfer (automatic),77.86,3184.74,No
CUST-100734,Male,0,No,No,18,Yes,Yes,No,No internet service,No internet service,No internet service,No internet service,No internet service,No internet service,One year,Yes,Bank transfer (automatic),29.1,528.03,No
CUST-104984,Male,0,Yes,No,44,Yes,Yes,Fiber optic,No,Yes,Yes,Yes,Yes,Yes,One year,Yes,Bank transfer (automatic),102.74,4502.27,No
CUST-102739,Male,0,Yes,Yes,52,Yes,No,No,No internet service,No internet service,No internet service,No internet service,No internet service,No internet service,One year,Yes,Mailed check,18.0,903.15,No
CUST-101206,Female,0,No,Yes,26,Yes,Yes,Fiber optic,No,Yes,Yes,No,Yes,No,One year,No,Bank transfer (automatic),91.79,2399.52,No
CUST-104945,Female,0,Yes,Yes,5,Yes,No,Fiber optic,Yes,Yes,No,No,No,No,Month-to-month,Yes,Bank transfer (automatic),80.4,427.91,Yes
CUST-105356,Female,1,No,No,59,Yes,No,No,No internet service,No internet service,No internet service,No internet service,No internet service,No internet service,Month-to-month,Yes,Electronic check,23.09,1351.44,No
CUST-100599,Female,1,Yes,Yes,41,Yes,Yes,No,No internet service,No internet service,No internet service,No internet service,No internet service,No internet service,Two year,Yes,Electronic check,29.21,1198.84,No
CUST-106533,Male,0,No,No,29,Yes,Yes,Fiber optic,Yes,Yes,Yes,No,Yes,No,One year,No,Mailed check,98.67,2871.8,No
CUST-100400,Female,0,Yes,Yes,36,Yes,No,DSL,No,Yes,No,Yes,No,Yes,One year,Yes,Electronic check,69.82,2535.17,No
CUST-104264,Female,0,Yes,No,30,Yes,No,No,No internet service,No internet service,No internet service,No internet service,No internet service,No internet service,Month-to-month,Yes,Credit card (automatic),33.51,966.0,Yes
CUST-101776,Male,0,No,No,44,Yes,No,DSL,No,No,Yes,No,No,Yes,Two year,Yes,Electronic check,60.73,2683.86,Yes
CUST-106129,Male,0,Yes,Yes,21,Yes,No,DSL,Yes,No,Yes,No,Yes,No,Two year,No,Electronic check,63.33,1342.55,No
CUST-100514,Female,0,No,Yes,19,Yes,Yes,No,No internet service,No internet service,No internet service,No internet service,No internet service,No internet service,Two year,No,Bank transfer (automatic),27.82,547.74,No
CUST-106730,Female,0,Yes,Yes,12,Yes,Yes,DSL,Yes,No,Yes,No,No,Yes,Month-to-month,Yes,Mailed check,66.11,799.49,No
CUST-103732,Male,0,No,No,31,Yes,No,Fiber optic,Yes,No,No,Yes,Yes,Yes,Month-to-month,No,Mailed check,91.77,2843.53,Yes
CUST-103445,Female,0,No,No,9,Yes,No,Fiber optic,No,No,No,No,Yes,No,Month-to-month,Yes,Mailed check,75.17,701.5,Yes
CUST-105921,Female,0,No,No,47,Yes,No,No,No internet service,No internet service,No internet service,No internet service,No internet service,No internet service,Month-to-month,No,Mailed check,20.93,987.59,No
CUST-102544,Female,0,No,No,57,Yes,Yes,Fiber optic,No,No,Yes,No,Yes,No,Month-to-month,Yes,Electronic check,88.52,5039.56,Yes
CUST-104322,Male,0,Yes,Yes,63,Yes,No,DSL,No,No,No,No,Yes,Yes,Month-to-month,Yes,Bank transfer (automatic),65.56,4150.78,Yes
CUST-105693,Male,0,No,No,42,Yes,Yes,Fiber optic,Yes,No,No,Yes,Yes,Yes,Two year,Yes,Electronic check,99.1,4179.8,No
CUST-100814,Female,0,Yes,Yes,44,Yes,No,DSL,No,No,No,No,Yes,No,One year,No,Bank transfer (automatic),47.51,2087.02,No
CUST-106911,Female,0,No,No,34,No,No phone service,Fiber optic,No,No,No,Yes,No,Yes,Month-to-month,Yes,Electronic check,74.23,2545.51,No
CUST-102206,Male,1,Yes,No,34,Yes,No,DSL,No,Yes,No,No,Yes,No,Two year,Yes,Bank transfer (automatic),57.4,1976.25,No
CUST-102752,Female,0,Yes,Yes,46,Yes,Yes,Fiber optic,No,No,No,No,Yes,No,Month-to-month,Yes,Mailed check,82.34,3780.93,Yes
CUST-100891,Female,0,Yes,Yes,33,Yes,No,Fiber optic,No,Yes,Yes,No,No,Yes,One year,No,Electronic check,80.91,2715.36,No
CUST-106494,Male,0,Yes,No,21,Yes,No,No,No internet service,No internet service,No internet service,No internet service,No internet service,No internet service,Month-to-month,No,Electronic check,23.1,473.72,Yes
CUST-101505,Male,0,Yes,No,17,Yes,No,DSL,No,No,Yes,No,No,No,Two year,No,Electronic check,53.02,884.02,Yes
CUST-105937,Female,0,No,No,70,Yes,No,Fiber optic,No,Yes,No,No,Yes,No,Month-to-month,No,Electronic check,75.28,5272.2,No
CUST-105217,Female,0,No,No,24,Yes,No,Fiber optic,No,No,No,No,Yes,No,Month-to-month,Yes,Electronic check,69.49,1653.4,Yes
CUST-104214,Female,0,No,No,1,Yes,Yes,DSL,Yes,Yes,Yes,No,No,Yes,Two year,No,Credit card (automatic),71.68,49.11,Yes
CUST-103338,Female,1,No,No,59,Yes,Yes,DSL,No,Yes,No,No,Yes,No,Two year,Yes,Bank transfer (automatic),60.0,3574.13,No
CUST-101035,Female,0,Yes,Yes,34,Yes,Yes,DSL,No,Yes,Yes,No,No,Yes,One year,No,Electronic check,67.85,2261.78,Yes
CUST-104323,Male,0,No,No,18,Yes,Yes,DSL,No,Yes,No,No,Yes,Yes,Two year,No,Electronic check,66.93,1167.7,No
CUST-100219,Female,0,No,No,30,Yes,Yes,Fiber optic,Yes,No,Yes,No,Yes,Yes,Month-to-month,No,Bank transfer (automatic),97.68,2912.78,No
CUST-102265,Male,0,Yes,No,19,Yes,No,No,No internet service,No internet service,No internet service,No internet service,No internet service,No internet service,One year,No,Electronic check,21.01,399.37,No
CUST-104349,Male,0,Yes,Yes,4,Yes,No,Fiber optic,No,Yes,No,Yes,Yes,No,Month-to-month,No,Bank transfer (automatic),82.76,326.26,No
CUST-103836,Male,0,Yes,Yes,0,Yes,No,No,No internet service,No internet service,No internet service,No internet service,No internet service,No internet service,Month-to-month,Yes,Electronic check,26.21,26.21,No
CUST-103998,Female,0,Yes,No,7,Yes,No,Fiber optic,Yes,No,Yes,No,No,Yes,Month-to-month,Yes,Electronic check,85.63,576.78,No
CUST-104627,Male,0,Yes,Yes,0,Yes,No,DSL,No,No,No,No,Yes,Yes,Month-to-month,Yes,Credit card (automatic),57.0,57.0,Yes
CUST-105105,Female,0,Yes,No,8,Yes,No,No,No internet service,No internet service,No internet service,No internet service,No internet service,No internet service,Month-to-month,No,Mailed check,24.05,168.19,Yes
CUST-100133,Female,0,No,No,4,Yes,Yes,DSL,Yes,No,Yes,No,Yes,Yes,One year,Yes,Electronic check,79.08,281.01,Yes
CUST-105786,Female,1,Yes,Yes,11,Yes,No,DSL,No,No,No,Yes,Yes,No,Two year,Yes,Mailed check,53.35,571.49,Yes
CUST-106166,Male,1,No,No,29,Yes,No,DSL,Yes,No,Yes,Yes,No,No,One year,Yes,Electronic check,59.46,1706.67,No
CUST-102321,Male,1,Yes,Yes,44,Yes,Yes,Fiber optic,Yes,Yes,No,Yes,Yes,No,Month-to-month,Yes,Credit card (automatic),96.62,4240.38,No
CUST-105775,Female,0,Yes,Yes,15,Yes,No,DSL,No,Yes,Yes,Yes,Yes,No,Month-to-month,Yes,Credit card (automatic),73.82,1104.2,No
CUST-105269,Female,0,No,No,38,Yes,Yes,No,No internet service,No internet service,No internet service,No internet service,No internet service,No internet service,Two year,Yes,Electronic check,33.22,1224.97,No
CUST-100821,Female,0,Yes,No,8,Yes,No,Fiber optic,Yes,No,No,No,No,Yes,Two year,Yes,Electronic check,76.57,608.61,No
CUST-106407,Female,0,No,No,22,Yes,No,DSL,No,No,No,Yes,Yes,No,Month-to-month,Yes,Electronic check,55.28,1221.58,Yes
CUST-106810,Female,0,No,No,23,Yes,No,Fiber optic,No,No,Yes,Yes,Yes,No,Month-to-month,No,Credit card (automatic),79.65,1829.44,No
CUST-101509,female ,0,Yes,No,53,Yes,No,DSL,Yes,No,No,No,Yes,Yes,Two year,Yes,Bank transfer (automatic),63.18,3359.82,No
CUST-101414,Female,0,No,No,60,Yes,No,No,No internet service,No internet service,No internet service,No internet service,No internet service,No internet service,Month-to-month,Yes,Mailed check,18.82,1136.49,No
CUST-100516,Female,0,No,No,65,Yes,Yes,DSL,No,No,No,No,Yes,No,Month-to-month,Yes,Mailed check,58.44,3770.37,No
CUST-103546,Male,0,No,No,19,Yes,Yes,Fiber optic,No,Yes,Yes,No,No,Yes,One year,Yes,Electronic check,88.32,1716.35,No
CUST-106356,Female,0,Yes,Yes,17,Yes,No,Fiber optic,No,No,No,Yes,No,Yes,Two year,Yes,Electronic check,78.58,1350.63,Yes
CUST-102048,Female,0,Yes,No,64,Yes,Yes,Fiber optic,No,No,Yes,Yes,No,No,Month-to-month,No,Electronic check,78.51,5020.92,No
CUST-104596,Female,0,No,Yes,6,Yes,Yes,DSL,No,No,Yes,No,Yes,No,Two year,Yes,Mailed check,59.67,364.74,No
CUST-106058,Female,0,Yes,Yes,0,Yes,No,DSL,No,No,Yes,Yes,Yes,No,Month-to-month,Yes,Electronic check,63.33,63.33,No
CUST-105710,Male,1,No,No,28,No,No phone service,Fiber optic,No,Yes,No,No,No,No,Month-to-month,Yes,Mailed check,68.84,1909.9,Yes
CUST-103961,Female,0,No,No,28,No,No phone service,DSL,Yes,No,No,Yes,No,No,One year,No,Mailed check,52.09,1476.24,No
CUST-102575,Male,0,No,No,36,No,No phone service,DSL,No,Yes,Yes,Yes,No,No,Two year,Yes,Electronic check,54.72,1964.73,No
CUST-100600,Female,0,No,No,20,Yes,No,DSL,Yes,Yes,Yes,No,No,No,Month-to-month,Yes,Bank transfer (automatic),59.83,1164.13,No
CUST-102749,Female,0,Yes,Yes,11,Yes,No,DSL,No,No,Yes,No,Yes,No,Two year,Yes,Mailed check,55.14,640.5,No
CUST-103999,Female,0,No,No,33,Yes,No,Fiber optic,Yes,No,Yes,No,Yes,Yes,Month-to-month,Yes,Bank transfer (automatic),92.34,3057.83,No
CUST-104325,Male,0,No,No,45,Yes,No,Fiber optic,No,No,No,No,No,Yes,Month-to-month,Yes,Credit card (automatic),73.28,3317.26,Yes
CUST-102839,Female,0,Yes,Yes,49,Yes,Yes,DSL,No,No,Yes,Yes,No,No,Month-to-month,Yes,Credit card (automatic),59.16,2892.69,No
CUST-103730,Female,0,No,No,15,Yes,Yes,DSL,No,No,No,Yes,Yes,No,Month-to-month,Yes,Mailed check,62.88,944.88,No
CUST-105923,Female,0,No,No,68,Yes,No,No,No internet service,No internet service,No internet service,No internet service,No internet service,No internet service,One year,Yes,Credit card (automatic),22.27,1533.61,No
CUST-105674,Male,1,No,No,69,Yes,No,Fiber optic,No,No,Yes,Yes,No,No,Month-to-month,Yes,Mailed check,74.06,5122.99,No
CUST-103966,Female,0,Yes,No,17,Yes,No,Fiber optic,No,No,No,Yes,Yes,No,Month-to-month,No,Mailed check,74.83,1295.47,No
CUST-104101,Female,1,No,No,48,Yes,No,DSL,No,Yes,No,Yes,No,No,Two year,No,Electronic check,55.67,2652.2,No
CUST-100854,Male,1,Yes,Yes,20,Yes,No,Fiber optic,No,No,No,No,Yes,Yes,Month-to-month,No,Electronic check,83.73,1678.81,Yes
CUST-100487,Female,0,No,No,50,Yes,Yes,Fiber optic,Yes,Yes,Yes,No,Yes,Yes,Two year,Yes,Mailed check,95.51,4759.39,No
CUST-104999,Male,0,Yes,Yes,9,No,No phone service,DSL,No,No,No,Yes,Yes,Yes,One year,No,Electronic check,57.98,517.84,No
CUST-106538,Male,0,Yes,No,67,Yes,Yes,DSL,No,No,No,No,Yes,No,Two year,No,Credit card (automatic),54.05,3610.34,No
CUST-100592,Male,0,No,No,52,Yes,Yes,DSL,No,Yes,No,No,Yes,No,Month-to-month,Yes,Mailed check,63.0,3243.51,No
CUST-101608,Male,0,Yes,No,31,Yes,No,No,No internet service,No internet service,No internet service,No internet service,No internet service,No internet service,Two year,Yes,Mailed check,27.54,855.95,No
CUST-105867,Female,0,No,No,65,Yes,No,Fiber optic,No,Yes,Yes,No,No,No,Two year,No,Electronic check,75.15,4876.97,Yes
CUST-103063,Male,1,Yes,No,31,Yes,Yes,No,No internet service,No internet service,No internet service,No internet service,No internet service,No internet service,Month-to-month,Yes,Mailed check,25.23,806.93,No
CUST-101734,Female,0,No,No,2,Yes,No,DSL,No,No,No,No,Yes,Yes,One year,No,Credit card (automatic),67.18,116.99,Yes
CUST-100099,Male,0,No,No,29,Yes,No,Fiber optic,No,Yes,Yes,No,Yes,No,One year,Yes,Electronic check,88.77,2580.68,No
CUST-104431,Male,0,Yes,Yes,62,Yes,No,No,No internet service,No internet service,No internet service,No internet service,No internet service,No internet service,Month-to-month,Yes,Credit card (automatic),25.44,1578.1,No
CUST-105287,Female,0,Yes,Yes,44,Yes,No,No,No internet service,No internet service,No internet service,No internet service,No internet service,No internet service,One year,Yes,Bank transfer (automatic),21.13,973.39,No
CUST-102132,Female,0,No,No,55,Yes,No,DSL,No,Yes,Yes,No,No,No,Month-to-month,Yes,Credit card (automatic),55.41,3060.37,No
CUST-103874,Female,0,Yes,Yes,18,No,No phone service,DSL,No,No,No,Yes,Yes,No,One year,Yes,Bank transfer (automatic),49.12,917.5,No
CUST-100413,Male,0,No,No,37,Yes,No,Fiber optic,No,No,No,Yes,Yes,No,One year,Yes,Electronic check,79.21,2930.59,No
CUST-100357,Female,0,No,No,21,Yes,No,No,No internet service,No internet service,No internet service,No internet service,No internet service,No internet service,Two year,No,Electronic check,24.73,546.96,No
CUST-106206,Female,0,Yes,Yes,38,No,No phone service,Fiber optic,No,Yes,Yes,No,No,No,One year,Yes,Bank transfer (automatic),71.38,2679.16,No
CUST-104432,Female,0,No,No,66,Yes,Yes,Fiber optic,No,Yes,No,Yes,Yes,Yes,Month-to-month,Yes,Electronic check,98.55,6555.13,No
CUST-103397,Female,0,Yes,No,43,Yes,No,DSL,No,No,No,No,No,No,One year,Yes,Credit card (automatic),46.75,2000.65,No
CUST-105192,Male,0,Yes,No,19,Yes,No,DSL,No,No,No,No,No,No,Month-to-month,Yes,Mailed check,45.56,855.08,No
CUST-100253,Male,0,Yes,Yes,71,Yes,No,DSL,Yes,Yes,Yes,No,Yes,No,Month-to-month,No,Electronic check,70.75,4994.23,No
CUST-100015,Female,0,Yes,Yes,42,Yes,No,DSL,Yes,No,Yes,No,Yes,Yes,One year,No,Electronic check,73.77,3114.94,No
CUST-101961,Female,0,Yes,No,2,No,No phone service,No,No internet service,No internet service,No internet service,No internet service,No internet service,No internet service,One year,No,Mailed check,24.22,24.46,No
CUST-100203,Female,0,No,No,4,Yes,No,Fiber optic,Yes,No,No,No,No,No,One year,No,Bank transfer (automatic),69.29,266.69,No
CUST-100036,Female,0,No,No,8,Yes,No,No,No internet service,No internet service,No internet service,No internet service,No internet service,No internet service,Month-to-month,No,Bank transfer (automatic),21.83,169.17,No
CUST-100435,Male,0,Yes,Yes,23,Yes,Yes,DSL,No,No,No,Yes,No,No,One year,Yes,Electronic check,56.72,1360.14,No
CUST-100589,Female,0,No,No,51,Yes,No,Fiber optic,No,No,No,Yes,Yes,No,One year,Yes,Credit card (automatic),70.61,3613.21,No
CUST-101965,Female,0,No,No,58,Yes,Yes,Fiber optic,No,Yes,No,Yes,No,Yes,Month-to-month,No,Mailed check,92.72,5378.12,Yes
CUST-103685,Male,0,Yes,Yes,3,Yes,No,Fiber optic,Yes,Yes,No,Yes,Yes,Yes,Month-to-month,Yes,Credit card (automatic),95.31,280.89,No
CUST-105253,Female,0,No,No,53,Yes,Yes,Fiber optic,Yes,Yes,Yes,No,Yes,Yes,Two year,No,Electronic check,97.75,5188.44,No
CUST-102706,Female,0,Yes,No,3,Yes,No,Fiber optic,Yes,No,Yes,No,No,No,Month-to-month,Yes,Electronic check,72.88,192.82,No
CUST-105062,Female,1,No,No,28,Yes,No,Fiber optic,No,No,Yes,No,Yes,No,One year,No,Credit card (automatic),73.31,2055.78,No
CUST-104452,Male,1,Yes,No,44,Yes,No,Fiber optic,Yes,Yes,Yes,No,No,No,Two year,No,Bank transfer (automatic),77.12,3406.25,No
CUST-100012,Female,1,Yes,No,3,Yes,No,No,No internet service,No internet service,No internet service,No internet service,No internet service,No internet service,Month-to-month,Yes,Electronic check,23.67,86.36,No
CUST-105795,Male,0,Yes,No,2,Yes,Yes,DSL,No,Yes,Yes,No,No,Yes,Month-to-month,No,Mailed check,68.79,135.22,No
CUST-101448,Female,0,No,No,22,Yes,Yes,Fiber optic,No,No,No,No,No,Yes,Month-to-month,Yes,Electronic check,75.92,1654.18,No
CUST-106604,Male,0,Yes,No,53,Yes,No,Fiber optic,Yes,Yes,Yes,Yes,No,No,Two year,Yes,Mailed check,89.79,4752.28,No
CUST-104385,Female,0,No,No,56,Yes,No,Fiber optic,No,No,Yes,No,Yes,No,Two year,Yes,Electronic check,83.23,4665.75,No
CUST-105652,Male,0,Yes,Yes,24,Yes,Yes,DSL,No,No,No,No,No,Yes,Month-to-month,No,Mailed check,62.0,1458.91,No
CUST-101530,Male,0,Yes,No,2,Yes,Yes,DSL,No,No,No,Yes,No,Yes,Month-to-month,Yes,Electronic check,62.53,118.95,No
CUST-100540,Female,0,No,No,22,Yes,Yes,Fiber optic,No,No,Yes,No,Yes,No,One year,No,Mailed check,81.07,1784.94,Yes
CUST-103300,Female,0,Yes,Yes,0,Yes,Yes,DSL,No,No,No,No,Yes,No,Month-to-month,Yes,Bank transfer (automatic),54.13,54.13,No
CUST-105768,Male,1,No,No,53,Yes,Yes,No,No internet service,No internet service,No internet service,No internet service,No internet service,No internet service,Two year,No,Electronic check,29.68,1605.61,No
CUST-106162,Male,0,Yes,No,45,Yes,No,No,No internet service,No internet service,No internet service,No internet service,No internet service,No internet service,Month-to-month,No,Electronic check,22.06,972.02,No
CUST-101070,Female,0,No,No,47,Yes,Yes,DSL,No,Yes,No,No,No,No,Month-to-month,No,Electronic check,55.24,2589.4,No
CUST-106365,Male,0,Yes,No,2,No,No phone service,Fiber optic,No,Yes,Yes,No,No,Yes,Month-to-month,Yes,Bank transfer (automatic),77.24,148.25,No
CUST-101495,Male,0,No,Yes,0,Yes,No,No,No internet service,No internet service,No internet service,No internet service,No internet service,No internet service,Month-to-month,Yes,Bank transfer (automatic),23.56,23.56,No
CUST-106890,Male,0,No,No,1,Yes,No,DSL,No,No,Yes,Yes,No,No,Month-to-month,Yes,Bank transfer (automatic),53.56,33.0,No
CUST-106448,Male,0,Yes,Yes,15,Yes,No,DSL,No,No,No,No,No,No,One year,Yes,Electronic check,52.17,740.64,No
CUST-104129,Male,0,Yes,Yes,61,Yes,Yes,DSL,No,Yes,No,No,No,Yes,Month-to-month,Yes,Credit card (automatic),62.91,3828.64,No
CUST-106790,Female,0,No,No,72,Yes,Yes,DSL,Yes,No,Yes,No,Yes,No,Two year,Yes,Credit card (automatic),67.96,4867.32,No
CUST-106750,Female,0,No,No,31,Yes,Yes,DSL,No,No,No,No,Yes,No,Month-to-month,Yes,Electronic check,55.73,1703.27,No
CUST-102527,Female,0,Yes,Yes,5,Yes,No,Fiber optic,No,No,Yes,No,No,No,Month-to-month,No,Mailed check,68.65,347.89,No
CUST-100287,Female,0,Yes,Yes,1,Yes,No,Fiber optic,No,Yes,No,No,Yes,Yes,Two year,No,Bank transfer (automatic),83.33,79.53,No
CUST-104680,Male,0,Yes,No,38,Yes,Yes,No,No internet service,No internet service,No internet service,No internet service,No internet service,No internet service,Two year,Yes,Electronic check,34.52,1323.33,No
CUST-104068,Female,1,Yes,No,43,Yes,No,No,No internet service,No internet service,No internet service,No internet service,No internet service,No internet service,One year,Yes,Bank transfer (automatic),18.25,797.64,No
CUST-104426,Male,0,Yes,Yes,38,Yes,No,DSL,Yes,No,No,No,Yes,Yes,One year,No,Bank transfer (automatic),62.28,2371.0,No
CUST-102201,Male,0,No,No,39,Yes,No,DSL,No,Yes,No,No,No,Yes,Month-to-month,Yes,Bank transfer (automatic),56.03,2214.96,No
CUST-106592,Male,0,No,No,3,Yes,Yes,DSL,Yes,No,Yes,Yes,Yes,Yes,One year,Yes,Mailed check,82.83,259.95,No
CUST-105908,Female,0,No,No,25,Yes,Yes,Fiber optic,No,Yes,No,Yes,Yes,Yes,Month-to-month,No,Bank transfer (automatic),99.68,2527.49,No
CUST-105483,Female,0,Yes,No,44,Yes,Yes,Fiber optic,Yes,Yes,No,No,No,No,Two year,Yes,Electronic check,81.47,3602.68,No
CUST-106886,Female,0,No,No,40,Yes,No,DSL,Yes,Yes,No,No,Yes,Yes,Month-to-month,Yes,Mailed check,78.88,3183.59,No
CUST-102307,Male,0,No,No,46,Yes,No,Fiber optic,No,No,No,No,Yes,No,One year,Yes,Bank transfer (automatic),69.47,3201.94,No
CUST-101968,Female,0,Yes,No,65,Yes,No,Fiber optic,Yes,No,Yes,No,Yes,No,One year,Yes,Electronic check,84.92,5538.06,No
CUST-100705,Female,0,Yes,Yes,45,Yes,Yes,Fiber optic,No,Yes,No,Yes,Yes,Yes,Month-to-month,Yes,Credit card (automatic),96.03,4303.56,Yes
CUST-103294,Male,0,Yes,Yes,15,No,No phone service,Fiber optic,No,No,No,No,No,No,Month-to-month,Yes,Electronic check,59.23,913.8,Yes
CUST-106633,Female,1,Yes,Yes,20,Yes,Yes,Fiber optic,No,No,Yes,No,No,No,Month-to-month,No,Mailed check,76.65,1520.9,No
CUST-101980,Female,0,No,No,56,Yes,No,No,No internet service,No internet service,No internet service,No internet service,No internet service,No internet service,Month-to-month,No,Electronic check,19.97,1124.1,No
CUST-100439,Male,0,No,No,50,Yes,No,No,No internet service,No internet service,No internet service,No internet service,No internet service,No internet service,One year,No,Mailed check,20.29,998.84,Yes
CUST-103837,Female,0,No,No,21,Yes,No,DSL,No,Yes,Yes,No,Yes,No,Month-to-month,Yes,Credit card (automatic),64.06,1329.34,No
CUST-102117,Female,0,Yes,Yes,26,Yes,No,DSL,No,Yes,No,Yes,Yes,No,One year,Yes,Electronic check,65.02,1710.76,No
CUST-102639,Female,0,No,No,17,No,No phone service,DSL,Yes,Yes,No,No,Yes,Yes,Two year,Yes,Electronic check,60.26,1006.6,No
CUST-103845,Male,0,Yes,Yes,24,Yes,No,Fiber optic,Yes,No,Yes,Yes,Yes,No,One year,No,Electronic check,85.84,2071.79,No
CUST-100924,Male,0,Yes,No,41,No,No phone service,Fiber optic,No,Yes,No,No,No,No,Month-to-month,No,Credit card (automatic),68.99,2844.01,No
CUST-101688,Female,1,Yes,No,59,Yes,No,DSL,No,No,Yes,No,Yes,Yes,Two year,Yes,Credit card (automatic),60.9,3591.86,No
CUST-101689,Male,0,Yes,No,0,Yes,No,Fiber optic,No,No,Yes,Yes,No,Yes,Month-to-month,Yes,Credit card (automatic),84.85,84.85,Yes
CUST-106665,Male,1,No,No,9,Yes,No,DSL,Yes,No,Yes,No,Yes,Yes,Two year,Yes,Mailed check,70.2,613.14,Yes
CUST-105846,Male,0,Yes,Yes,50,Yes,Yes,No,No internet service,No internet service,No internet service,No internet service,No internet service,No internet service,Month-to-month,No,Credit card (automatic),28.81,1423.22,No
CUST-106998,Male,0,Yes,Yes,15,No,No phone service,DSL,Yes,Yes,No,No,Yes,Yes,One year,Yes,Mailed check,68.21,1035.0,Yes
CUST-104350,Female,0,No,Yes,13,Yes,No,DSL,No,Yes,No,No,Yes,Yes,Month-to-month,Yes,Electronic check,67.6,839.43,Yes
CUST-101134,Female,0,No,No,69,Yes,No,No,No internet service,No internet service,No internet service,No internet service,No internet service,No internet service,Month-to-month,No,Bank transfer (automatic),24.0,1667.14,No
CUST-104803,Female,0,Yes,Yes,2,Yes,Yes,DSL,Yes,Yes,No,No,Yes,Yes,Month-to-month,Yes,Electronic check,77.03,126.33,Yes
CUST-101108,Female,0,Yes,No,61,Yes,No,Fiber optic,No,No,Yes,Yes,Yes,Yes,Month-to-month,Yes,Credit card (automatic),87.33,5325.56,No
CUST-104920,Female,0,No,No,29,Yes,Yes,No,No internet service,No internet service,No internet service,No internet service,No internet service,No internet service,Two year,Yes,Electronic check,29.9,848.73,No
CUST-103047,Female,0,Yes,Yes,47,No,No phone service,Fiber optic,No,Yes,No,No,Yes,Yes,Month-to-month,Yes,Mailed check,81.22,3838.79,No
CUST-103462,Female,0,No,No,10,Yes,Yes,DSL,No,No,No,Yes,Yes,Yes,Two year,Yes,Bank transfer (automatic),69.06,667.52,No
CUST-105186,Female,0,No,No,59,Yes,No,DSL,No,Yes,No,Yes,No,Yes,Two year,No,Electronic check,60.53,3594.55,No
CUST-103357,Female,0,Yes,Yes,0,No,No phone service,Fiber optic,No,Yes,Yes,Yes,Yes,Yes,Two year,Yes,Bank transfer (automatic),87.56,87.56,No
CUST-102635,Male,0,No,No,5,Yes,No,No,No internet service,No internet service,No internet service,No internet service,No internet service,No internet service,Month-to-month,Yes,Electronic check,18.0,101.79,No
CUST-105521,Female,1,No,No,65,Yes,No,Fiber optic,Yes,No,Yes,No,Yes,Yes,Month-to-month,No,Credit card (automatic),94.19,6116.16,No
CUST-100768,Male,0,Yes,Yes,66,Yes,No,Fiber optic,No,Yes,Yes,Yes,No,No,Month-to-month,Yes,Credit card (automatic),81.27,5352.93,No
CUST-103861,Female,0,Yes,No,4,Yes,Yes,No,No internet service,No internet service,No internet service,No internet service,No internet service,No internet service,Month-to-month,Yes,Mailed check,26.4,111.49,No
CUST-106767,Female,0,Yes,No,13,No,No phone service,DSL,No,Yes,No,No,No,Yes,Month-to-month,Yes,Mailed check,52.09,685.11,No
CUST-104017,Male,0,Yes,No,53,Yes,Yes,DSL,No,Yes,Yes,Yes,No,Yes,Month-to-month,Yes,Bank transfer (automatic),75.88,4035.34,No
CUST-100617,Male,1,Yes,Yes,36,Yes,Yes,Fiber optic,No,No,Yes,Yes,Yes,No,Month-to-month,Yes,Mailed check,90.64,3259.76,No
CUST-101919,Female,0,Yes,No,37,Yes,Yes,No,No internet service,No internet service,No internet service,No internet service,No internet service,No internet service,One year,Yes,Electronic check,19.94,723.85,No
CUST-102138,Female,0,No,No,12,Yes,No,DSL,No,Yes,Yes,No,No,Yes,Month-to-month,No,Electronic check,57.75,713.37,Yes
CUST-104321,Male,0,No,No,60,Yes,Yes,No,No internet service,No internet service,No internet service,No internet service,No internet service,No internet service,Month-to-month,Yes,Bank transfer (automatic),29.67,1771.67,No
CUST-100795,Male,0,No,No,34,Yes,No,No,No internet service,No internet service,No internet service,No internet service,No internet service,No internet service,Month-to-month,No,Credit card (automatic),26.28,915.55,No
CUST-105009,Male,1,Yes,No,31,Yes,Yes,DSL,Yes,No,Yes,Yes,No,No,Month-to-month,No,Electronic check,63.24,1972.21,Yes
CUST-103826,Male,1,Yes,No,67,Yes,No,DSL,Yes,Yes,No,No,No,No,One year,No,Bank transfer (automatic),52.86,3535.64,No
CUST-100637,Male,1,No,No,62,Yes,No,DSL,No,Yes,No,Yes,Yes,Yes,Month-to-month,No,Mailed check,65.88,4097.16,Yes
CUST-104382,Male,0,Yes,No,5,Yes,No,DSL,No,Yes,No,No,Yes,No,Month-to-month,Yes,Credit card (automatic),55.89,274.79,No
CUST-104496,Male,0,No,Yes,69,Yes,No,No,No internet service,No internet service,No internet service,No internet service,No internet service,No internet service,Month-to-month,No,Electronic check,18.0,1247.01,No
CUST-100384,Male,1,No,No,14,Yes,No,DSL,No,No,No,No,Yes,No,Two year,Yes,Bank transfer (automatic),57.0,820.74,No
CUST-103113,Female,0,No,No,68,Yes,Yes,Fiber optic,Yes,Yes,Yes,No,No,Yes,Two year,No,Electronic check,93.28,6373.54,No
CUST-101325,Male,0,Yes,Yes,28,Yes,No,DSL,No,Yes,No,No,Yes,No,Month-to-month,Yes,Bank transfer (automatic),62.98,1757.69,Yes
CUST-105944,Male,0,Yes,Yes,63,Yes,Yes,No,No internet service,No internet service,No internet service,No internet service,No internet service,No internet service,Month-to-month,No,Mailed check,27.84,1765.64,No
CUST-102164,Female,0,Yes,Yes,12,Yes,No,No,No internet service,No internet service,No internet service,No internet service,No internet service,No internet service,Month-to-month,Yes,Credit card (automatic),20.86,247.51,No
CUST-103885,Male,0,No,No,43,Yes,Yes,DSL,Yes,No,Yes,Yes,Yes,Yes,Two year,No,Electronic check,76.26,3266.72,No
CUST-105810,Female,0,No,No,17,Yes,Yes,Fiber optic,No,No,Yes,No,No,Yes,Month-to-month,No,Credit card (automatic),86.44,1497.5,Yes
CUST-105364,Male,0,No,No,69,Yes,No,DSL,No,Yes,No,No,No,Yes,Month-to-month,No,Bank transfer (automatic),56.01,3888.93,No
CUST-101177,Male,0,No,No,48,No,No phone service,No,No internet service,No internet service,No internet service,No internet service,No internet service,No internet service,One year,Yes,Credit card (automatic),20.51,983.67,No
CUST-100157,Female,0,No,No,70,Yes,No,No,No internet service,No internet service,No internet service,No internet service,No internet service,No internet service,Month-to-month,No,Credit card (automatic),28.23,1991.61,No
CUST-100438,Male,0,Yes,Yes,46,Yes,No,Fiber optic,Yes,Yes,No,Yes,No,No,Two year,No,Mailed check,80.49,3696.1,No
CUST-106332,Male,0,Yes,Yes,12,Yes,No,No,No internet service,No internet service,No internet service,No internet service,No internet service,No internet service,Month-to-month,Yes,Electronic check,21.76,213.27,No
CUST-103547,Female,0,No,Yes,0,Yes,No,No,No internet service,No internet service,No internet service,No internet service,No internet service,No internet service,Two year,No,Electronic check,21.0,21.0,No
CUST-100669,Male,0,No,No,38,No,No phone service,DSL,No,Yes,Yes,Yes,No,Yes,Month-to-month,No,Electronic check,59.77,2278.93,Yes
CUST-101569,Female,0,No,No,21,Yes,Yes,Fiber optic,Yes,Yes,No,Yes,Yes,No,One year,Yes,Electronic check,94.46,1997.12,No
CUST-106921,Male,0,No,No,24,Yes,No,Fiber optic,No,No,Yes,No,Yes,No,One year,Yes,Electronic check,79.01,1864.12,Yes
CUST-101237,Male,0,No,No,60,Yes,No,Fiber optic,Yes,No,No,Yes,No,No,One year,No,Mailed check,73.74,4427.42,No
CUST-105807,Female,1,Yes,No,67,Yes,Yes,No,No internet service,No internet service,No internet service,No internet service,No internet service,No internet service,Month-to-month,No,Electronic check,24.23,1627.22,No
CUST-102920,Male,0,Yes,No,47,Yes,Yes,DSL,No,Yes,Yes,No,Yes,No,Month-to-month,No,Credit card (automatic),67.73,3206.09,No
CUST-102304,Female,0,No,No,3,Yes,No,No,No internet service,No internet service,No internet service,No internet service,No internet service,No internet service,Month-to-month,Yes,Mailed check,23.63,73.52,No
CUST-106707,Male,0,Yes,No,18,Yes,No,Fiber optic,No,Yes,Yes,Yes,Yes,Yes,Two year,Yes,Mailed check,90.73,1621.18,No
CUST-103790,Male,0,No,Yes,11,Yes,No,Fiber optic,Yes,No,Yes,Yes,No,No,One year,Yes,Bank transfer (automatic),86.35,932.71,No
CUST-105104,Male,0,No,No,68,Yes,No,No,No internet service,No internet service,No internet service,No internet service,No internet service,No internet service,Month-to-month,No,Electronic check,22.77,1567.33,No
CUST-104645,Male,0,Yes,Yes,65,Yes,Yes,DSL,No,Yes,No,No,No,Yes,Two year,No,Credit card (automatic),69.1,4434.02,No
CUST-105614,Female,0,Yes,Yes,18,Yes,Yes,No,No internet service,No internet service,No internet service,No internet service,No internet service,No internet service,Two year,Yes,Bank transfer (automatic),28.35,515.27,No
CUST-104867,Male,0,No,Yes,3,Yes,No,DSL,No,No,No,No,Yes,No,Month-to-month,Yes,Mailed check,48.22,119.81,No
CUST-106104,Female,0,No,No,2,No,No phone service,DSL,Yes,Yes,No,No,No,No,Month-to-month,Yes,Bank transfer (automatic),44.99,95.16,Yes
CUST-104374,Male,0,Yes,Yes,19,Yes,No,No,No internet service,No internet service,No internet service,No internet service,No internet service,No internet service,Month-to-month,Yes,Mailed check,19.25,395.24,Yes
CUST-104249,Male,0,No,No,3,Yes,No,DSL,No,No,No,No,No,No,One year,No,Mailed check,43.05,105.32,No
CUST-105994,Male,0,Yes,Yes,53,Yes,No,Fiber optic,No,No,No,No,No,Yes,Month-to-month,No,Mailed check,72.05,3801.05,No
CUST-104887,Female,0,Yes,No,38,Yes,No,DSL,Yes,Yes,No,No,Yes,Yes,Month-to-month,Yes,Bank transfer (automatic),68.84,2605.62,Yes
CUST-101539,Female,0,No,No,3,Yes,Yes,DSL,Yes,Yes,No,Yes,Yes,Yes,Month-to-month,No,Bank transfer (automatic),81.91,255.91,Yes
CUST-104844,Female,0,No,No,72,Yes,Yes,Fiber optic,No,No,No,No,No,Yes,Month-to-month,Yes,Bank transfer (automatic),81.77,5882.19,No
CUST-106669,Male,0,Yes,Yes,64,Yes,No,No,No internet service,No internet service,No internet service,No internet service,No internet service,No internet service,Month-to-month,No,Electronic check,23.32,1503.91,No
CUST-103839,Female,1,Yes,Yes,36,Yes,No,Fiber optic,No,No,No,No,No,No,Two year,No,Credit card (automatic),68.38,,Yes
CUST-103024,Male,0,Yes,Yes,42,Yes,Yes,Fiber optic,No,Yes,Yes,No,Yes,No,One year,No,Bank transfer (automatic),90.31,3786.84,No
CUST-100461,Male,0,Yes,No,43,Yes,Yes,Fiber optic,No,Yes,No,Yes,Yes,Yes,Month-to-month,No,Electronic check,94.91,4094.8,No
CUST-104121,Female,0,No,No,52,Yes,Yes,No,No internet service,No internet service,No internet service,No internet service,No internet service,No internet service,Two year,No,Credit card (automatic),26.07,1378.35,No
CUST-100813,Male,0,Yes,Yes,0,Yes,No,Fiber optic,No,Yes,No,Yes,No,Yes,Month-to-month,No,Mailed check,84.43,84.43,No
CUST-102031,Male,1,No,No,30,Yes,No,DSL,No,Yes,No,No,Yes,No,Two year,No,Credit card (automatic),56.48,1684.56,No
CUST-103774,Male,0,Yes,Yes,38,Yes,No,DSL,No,Yes,Yes,No,No,No,Month-to-month,Yes,Mailed check,62.36,2352.76,Yes
CUST-103831,Male,1,No,No,39,Yes,No,No,No internet service,No internet service,No internet service,No internet service,No internet service,No internet service,Month-to-month,No,Credit card (automatic),23.71,950.41,No
CUST-101793,Male,0,No,No,52,Yes,No,Fiber optic,Yes,No,Yes,No,No,Yes,One year,No,Bank transfer (automatic),84.47,4407.21,No
CUST-101054,Male,0,No,No,24,No,No phone service,Fiber optic,No,No,No,Yes,Yes,No,One year,Yes,Bank transfer (automatic),70.45,1676.04,No
CUST-103559,Male,0,Yes,Yes,37,Yes,Yes,DSL,Yes,Yes,Yes,Yes,Yes,No,Month-to-month,No,Bank transfer (automatic),79.51,2928.82,Yes
CUST-103130,Male,0,Yes,Yes,53,Yes,No,DSL,Yes,No,No,Yes,No,Yes,Month-to-month,No,Credit card (automatic),68.19,3598.37,No
CUST-102218,Male,0,Yes,No,45,Yes,No,Fiber optic,No,Yes,Yes,No,Yes,No,Month-to-month,No,Credit card (automatic),78.45,3526.81,No
CUST-101806,Male,1,Yes,Yes,17,Yes,No,No,No internet service,No internet service,No internet service,No internet service,No internet service,No internet service,Month-to-month,Yes,Mailed check,21.56,383.77,Yes
CUST-104338,Female,0,No,No,11,Yes,Yes,Fiber optic,No,No,No,No,Yes,Yes,Month-to-month,Yes,Bank transfer (automatic),85.66,941.19,No
CUST-105684,Female,0,Yes,No,39,Yes,Yes,Fiber optic,Yes,No,Yes,Yes,Yes,Yes,One year,Yes,Electronic check,103.2,4006.43,No
CUST-104722,Female,0,No,Yes,10,Yes,Yes,DSL,No,Yes,Yes,Yes,No,Yes,Month-to-month,Yes,Electronic check,73.77,758.16,No
CUST-101180,Female,1,Yes,No,24,No,No phone service,Fiber optic,Yes,No,No,Yes,Yes,Yes,Month-to-month,No,Electronic check,85.63,2075.43,No
CUST-100177,Male,0,No,No,30,Yes,No,Fiber optic,No,Yes,No,No,Yes,Yes,One year,Yes,Mailed check,85.03,2524.26,No
CUST-103674,Female,0,Yes,Yes,8,Yes,No,Fiber optic,Yes,Yes,Yes,No,No,No,One year,Yes,Bank transfer (automatic),79.66,636.96,No
CUST-102157,Female,0,No,No,10,Yes,No,No,No internet service,No internet service,No internet service,No internet service,No internet service,No internet service,Month-to-month,No,Mailed check,24.32,217.9,No
CUST-100736,Female,0,Yes,No,43,No,No phone service,DSL,No,No,Yes,No,No,Yes,Month-to-month,Yes,Bank transfer (automatic),58.22,2474.57,No
CUST-106218,Male,1,No,Yes,3,Yes,Yes,Fiber optic,No,Yes,Yes,Yes,Yes,Yes,Month-to-month,Yes,Electronic check,94.15,319.37,Yes
CUST-104825,Male,0,Yes,No,46,Yes,Yes,DSL,No,No,No,No,No,No,Month-to-month,No,Credit card (automatic),52.1,2422.73,No
CUST-104408,Male,0,Yes,No,8,Yes,Yes,Fiber optic,No,No,No,Yes,No,Yes,Month-to-month,Yes,Credit card (automatic),81.12,674.91,No
CUST-106788,Male,0,Yes,No,50,Yes,No,No,No internet service,No internet service,No internet service,No internet service,No internet service,No internet service,Month-to-month,No,Credit card (automatic),20.62,1020.13,No
CUST-103792,Male,0,No,No,0,Yes,No,Fiber optic,Yes,No,No,No,Yes,Yes,One year,No,Electronic check,91.22,91.22,Yes
CUST-100689,Female,0,Yes,No,22,Yes,Yes,DSL,No,Yes,Yes,Yes,No,Yes,Two year,No,Bank transfer (automatic),70.23,1518.93,No
CUST-103840,Female,0,No,No,26,No,No phone service,Fiber optic,No,No,Yes,Yes,No,No,Month-to-month,No,Mailed check,67.65,1802.99,No
CUST-101533,Male,0,Yes,No,41,Yes,No,No,No internet service,No internet service,No internet service,No internet service,No internet service,No internet service,Month-to-month,No,Electronic check,20.54,854.1,No
CUST-100191,Female,0,No,No,62,Yes,Yes,Fiber optic,No,No,Yes,No,Yes,Yes,One year,No,Electronic check,93.35,5781.83,No
CUST-102948,Female,0,No,Yes,35,Yes,Yes,Fiber optic,Yes,Yes,Yes,No,No,Yes,Month-to-month,Yes,Electronic check,94.37,3260.21,Yes
CUST-102273,Male,0,Yes,No,62,Yes,No,Fiber optic,No,No,No,No,No,No,Two year,No,Credit card (automatic),71.04,4354.79,No
CUST-100652,Male,0,Yes,Yes,21,Yes,Yes,DSL,No,No,No,No,No,No,Month-to-month,Yes,Bank transfer (automatic),45.53,981.37,Yes
CUST-105792,Male,0,Yes,No,21,Yes,Yes,DSL,No,No,No,No,Yes,Yes,Two year,No,Electronic check,68.12,1416.84,No
CUST-106271,Female,0,No,No,58,Yes,No,Fiber optic,Yes,Yes,Yes,Yes,Yes,No,One year,Yes,Bank transfer (automatic),88.87,5181.31,No
CUST-102087,Female,0,Yes,Yes,46,Yes,No,DSL,Yes,Yes,No,No,No,Yes,Month-to-month,Yes,Electronic check,63.97,2943.79,No
CUST-102638,Male,0,Yes,No,67,Yes,Yes,Fiber optic,Yes,Yes,Yes,No,Yes,No,One year,No,Mailed check,96.78,6524.95,No
CUST-101458,Male,0,No,Yes,68,Yes,Yes,Fiber optic,Yes,Yes,Yes,No,No,Yes,Month-to-month,Yes,Credit card (automatic),97.23,6606.14,No
CUST-104396,Male,0,Yes,Yes,31,Yes,No,DSL,No,No,Yes,No,No,Yes,One year,Yes,Mailed check,57.1,1765.5,No
CUST-104070,Male,0,No,No,13,No,No phone service,DSL,No,No,Yes,No,Yes,No,Month-to-month,Yes,Bank transfer (automatic),56.04,746.66,No
CUST-101942,Female,0,Yes,Yes,61,Yes,Yes,No,No internet service,No internet service,No internet service,No internet service,No internet service,No internet service,Month-to-month,Yes,Electronic check,28.07,1741.25,No
CUST-100895,Female,0,No,No,34,Yes,Yes,Fiber optic,No,No,No,No,No,Yes,Month-to-month,Yes,Mailed check,78.25,2647.0,No
CUST-105384,Male,0,No,No,25,Yes,No,Fiber optic,No,Yes,No,Yes,Yes,No,Month-to-month,Yes,Electronic check,78.34,1960.04,Yes
CUST-101732,Female,0,Yes,No,52,Yes,No,Fiber optic,No,No,No,Yes,Yes,Yes,Month-to-month,Yes,Mailed check,82.8,4313.43,No
CUST-106042,Male,0,Yes,No,63,Yes,No,Fiber optic,Yes,No,Yes,No,Yes,No,Two year,Yes,Mailed check,86.49,5431.91,No
CUST-102355,Male,0,No,No,8,Yes,Yes,DSL,No,No,Yes,Yes,Yes,No,Month-to-month,Yes,Electronic check,60.14,494.77,No
CUST-105940,Male,0,Yes,Yes,23,Yes,No,No,No internet service,No internet service,No internet service,No internet service,No internet service,No internet service,One year,Yes,Bank transfer (automatic),22.2,506.34,No
CUST-100127,Female,0,Yes,No,27,Yes,Yes,Fiber optic,Yes,No,No,No,Yes,No,Month-to-month,No,Electronic check,85.94,2335.86,Yes
CUST-102165,Female,0,Yes,Yes,69,Yes,Yes,No,No internet service,No internet service,No internet service,No internet service,No internet service,No internet service,Month-to-month,No,Credit card (automatic),24.84,1705.62,No
CUST-103441,Male,0,Yes,No,65,Yes,No,No,No internet service,No internet service,No internet service,No internet service,No internet service,No internet service,One year,Yes,Electronic check,20.09,1252.6,No
CUST-106945,Female,0,Yes,Yes,35,No,No phone service,DSL,No,No,Yes,No,Yes,No,Month-to-month,Yes,Electronic check,55.53,1919.8,No
CUST-100819,Female,0,Yes,Yes,25,No,No phone service,Fiber optic,No,Yes,Yes,Yes,Yes,Yes,One year,Yes,Bank transfer (automatic),90.3,2251.97,No
CUST-102562,Female,0,No,No,0,Yes,Yes,DSL,No,Yes,No,Yes,No,Yes,Month-to-month,Yes,Bank transfer (automatic),67.93,67.93,No
CUST-106988,Male,1,No,No,35,No,No phone service,No,No internet service,No internet service,No internet service,No internet service,No internet service,No internet service,One year,Yes,Mailed check,18.0,656.33,No
CUST-103082,Male,0,No,No,43,Yes,No,DSL,Yes,Yes,Yes,No,Yes,Yes,Two year,Yes,Credit card (automatic),77.13,3334.75,No
CUST-105136,Male,0,No,No,59,Yes,No,DSL,No,No,Yes,No,No,Yes,Month-to-month,No,Credit card (automatic),58.47,3447.55,Yes
CUST-106346,Female,0,Yes,Yes,62,Yes,Yes,Fiber optic,No,No,No,No,Yes,Yes,Month-to-month,Yes,Bank transfer (automatic),87.17,5395.33,No
CUST-103119,Female,0,No,No,68,Yes,Yes,Fiber optic,No,Yes,No,Yes,Yes,Yes,One year,Yes,Electronic check,92.85,6311.3,No
CUST-104758,Male,0,Yes,Yes,20,Yes,No,DSL,No,No,Yes,No,Yes,No,Month-to-month,Yes,Bank transfer (automatic),59.12,1189.03,No
CUST-100030,Male,0,No,No,58,Yes,Yes,Fiber optic,No,No,No,No,No,No,Month-to-month,Yes,Mailed check,73.35,4284.54,Yes
CUST-105998,Female,1,No,No,24,Yes,No,Fiber optic,No,No,No,No,No,Yes,Two year,Yes,Credit card (automatic),75.13,1803.72,No
CUST-106480,Female,0,No,Yes,39,Yes,No,No,No internet service,No internet service,No internet service,No internet service,No internet service,No internet service,Month-to-month,Yes,Bank transfer (automatic),25.87,1007.02,No
CUST-102986,Female,0,Yes,No,51,Yes,Yes,Fiber optic,Yes,No,Yes,No,Yes,Yes,One year,Yes,Mailed check,97.84,5008.86,No
CUST-103739,Female,1,Yes,No,3,Yes,No,No,No internet service,No internet service,No internet service,No internet service,No internet service,No internet service,Two year,Yes,Electronic check,18.0,59.1,Yes
CUST-106500,Male,0,No,No,45,Yes,No,DSL,Yes,No,Yes,No,No,Yes,Month-to-month,Yes,Bank transfer (automatic),64.52,2892.66,No
CUST-103566,Male,0,No,No,51,Yes,No,DSL,Yes,No,Yes,Yes,No,No,Month-to-month,Yes,Credit card (automatic),60.48,3102.79,No
CUST-106640,Male,0,No,Yes,19,Yes,Yes,DSL,Yes,No,Yes,Yes,Yes,No,One year,Yes,Credit card (automatic),73.31,1439.19,No
CUST-100845,Male,1,No,Yes,69,Yes,Yes,No,No internet service,No internet service,No internet service,No internet service,No internet service,No internet service,Two year,Yes,Mailed check,28.18,1932.27,No
CUST-105641,Male,1,Yes,No,22,Yes,Yes,No,No internet service,No internet service,No internet service,No internet service,No internet service,No internet service,Month-to-month,Yes,Credit card (automatic),33.09,719.71,Yes
CUST-104053,Female,0,No,No,20,No,No phone service,Fiber optic,No,Yes,Yes,No,Yes,No,One year,No,Mailed check,79.3,1577.32,No
CUST-100927,Male,0,Yes,No,49,Yes,Yes,No,No internet service,No internet service,No internet service,No internet service,No internet service,No internet service,One year,Yes,Electronic check,28.49,1386.42,No
CUST-105358,Male,0,No,No,10,Yes,Yes,No,No internet service,No internet service,No internet service,No internet service,No internet service,No internet service,Two year,Yes,Electronic check,28.4,277.93,No
CUST-106744,Female,0,No,No,22,Yes,No,Fiber optic,No,Yes,No,Yes,Yes,No,One year,Yes,Mailed check,83.86, ,No
CUST-100450,Female,0,Yes,No,16,Yes,No,DSL,Yes,No,Yes,No,No,Yes,One year,No,Bank transfer (automatic),62.01,973.47,No
CUST-105275,Male,0,No,No,8,Yes,Yes,No,No internet service,No internet service,No internet service,No internet service,No internet service,No internet service,Two year,Yes,Credit card (automatic),22.77,207.7,No
CUST-102882,Female,0,Yes,Yes,2,Yes,No,No,No internet service,No internet service,No internet service,No internet service,No internet service,No internet service,One year,No,Electronic check,24.11,63.6,Yes
CUST-106408,Female,0,Yes,Yes,47,Yes,No,DSL,No,No,No,No,No,Yes,One year,No,Credit card (automatic),52.73,2460.33,No
CUST-103710,Male,0,No,No,60,Yes,Yes,DSL,Yes,No,Yes,No,No,Yes,Month-to-month,No,Mailed check,70.02,4205.64,No
CUST-101119,Male,0,Yes,No,30,Yes,No,DSL,No,No,No,No,No,Yes,Two year,Yes,Electronic check,56.29,1694.5,No
CUST-103679,Female,0,Yes,No,71,No,No phone service,DSL,No,Yes,No,Yes,No,No,One year,No,Bank transfer (automatic),45.54,3232.43,No
CUST-101781,Male,0,No,Yes,27,Yes,Yes,DSL,No,No,No,Yes,Yes,Yes,Two year,Yes,Mailed check,71.19,1923.45,No
CUST-101786,Male,0,No,No,11,Yes,Yes,Fiber optic,No,Yes,No,No,No,Yes,Two year,Yes,Electronic check,78.04,866.38,Yes
CUST-100324,Female,0,Yes,Yes,19,Yes,Yes,Fiber optic,No,No,Yes,Yes,No,Yes,Month-to-month,Yes,Credit card (automatic),92.1,1791.64,No
CUST-106666,Male,1,Yes,No,10,No,No phone service,Fiber optic,No,Yes,No,No,Yes,No,One year,No,Bank transfer (automatic),72.86,769.75,No
CUST-104607,Male,0,Yes,Yes,30,No,No phone service,No,No internet service,No internet service,No internet service,No internet service,No internet service,No internet service,Two year,Yes,Electronic check,18.0,485.52,No
CUST-105589,Female,0,Yes,Yes,68,Yes,No,No,No internet service,No internet service,No internet service,No internet service,No internet service,No internet service,Two year,Yes,Mailed check,27.19,1860.91,No
CUST-100456,Male,1,No,No,5,Yes,No,DSL,No,Yes,No,Yes,Yes,Yes,Month-to-month,Yes,Credit card (automatic),70.24,357.38,Yes
CUST-106422,Male,0,No,No,5,No,No phone service,DSL,No,No,Yes,No,Yes,No,One year,No,Electronic check,55.85,280.08,No
CUST-101353,Female,0,No,No,71,Yes,No,No,No internet service,No internet service,No internet service,No internet service,No internet service,No internet service,One year,Yes,Electronic check,19.08,1367.22,No
CUST-105852,Male,0,Yes,Yes,13,Yes,Yes,DSL,Yes,Yes,No,Yes,No,Yes,One year,Yes,Bank transfer (automatic),75.65,1031.53,No
CUST-106197,Male,0,Yes,No,8,Yes,No,No,No internet service,No internet service,No internet service,No internet service,No internet service,No internet service,One year,No,Electronic check,22.38,168.58,No
CUST-106738,Male,0,Yes,No,11,Yes,Yes,No,No internet service,No internet service,No internet service,No internet service,No internet service,No internet service,Two year,Yes,Electronic check,26.68,292.31,No
CUST-103714,Female,0,Yes,No,18,Yes,No,Fiber optic,No,Yes,No,No,No,Yes,Two year,No,Mailed check,78.57,1438.05,No
CUST-106143,Female,0,No,No,21,Yes,No,Fiber optic,Yes,No,Yes,Yes,Yes,No,Two year,No,Mailed check,93.0,1974.6,No
CUST-103154,Male,0,Yes,Yes,25,No,No phone service,Fiber optic,Yes,Yes,No,Yes,Yes,No,Two year,No,Credit card (automatic),82.4,2052.9,Yes
CUST-106465,Female,0,No,No,31,Yes,No,DSL,Yes,No,No,No,Yes,Yes,Month-to-month,No,Credit card (automatic),73.04,2250.71,Yes
CUST-104572,Male,0,Yes,No,44,Yes,Yes,DSL,Yes,No,Yes,Yes,Yes,Yes,Month-to-month,No,Bank transfer (automatic),77.64,3435.0,No
CUST-101958,Female,0,No,No,63,Yes,No,No,No internet service,No internet service,No internet service,No internet service,No internet service,No internet service,Month-to-month,Yes,Mailed check,21.54,1348.54,No
CUST-106467,Male,0,Yes,No,34,Yes,No,No,No internet service,No internet service,No internet service,No internet service,No internet service,No internet service,One year,No,Bank transfer (automatic),24.34,844.98,No
CUST-102062,Male,0,No,No,22,Yes,No,Fiber optic,No,No,No,No,No,No,Two year,Yes,Electronic check,66.9,1472.57,No
CUST-101881,Male,0,Yes,No,65,No,No phone service,DSL,No,No,No,No,No,No,Two year,Yes,Credit card (automatic),47.2,3051.97,No
CUST-101736,Female,0,No,No,35,Yes,No,DSL,No,Yes,Yes,No,Yes,Yes,Month-to-month,Yes,Bank transfer (automatic),69.98,2431.91,No
CUST-100409,Male,0,No,Yes,28,Yes,Yes,DSL,No,No,Yes,Yes,Yes,Yes,Two year,Yes,Credit card (automatic),75.37,2137.89,No
CUST-102520,Male,1,No,No,25,Yes,No,DSL,No,Yes,No,No,Yes,Yes,Month-to-month,No,Bank transfer (automatic),64.98,1609.08,No
CUST-102880,Male,0,Yes,No,24,Yes,No,Fiber optic,No,Yes,No,No,No,Yes,Month-to-month,No,Electronic check,76.11,1861.19,Yes
CUST-106178,Female,0,No,No,6,Yes,Yes,No,No internet service,No internet service,No internet service,No internet service,No internet service,No internet service,Month-to-month,Yes,Electronic check,31.17,218.94,No
CUST-102434,Male,0,No,Yes,37,Yes,Yes,No,No internet service,No internet service,No internet service,No internet service,No internet service,No internet service,Month-to-month,Yes,Credit card (automatic),25.36,923.81,Yes
CUST-103746,Male,1,No,No,29,Yes,Yes,Fiber optic,No,Yes,Yes,Yes,Yes,No,Month-to-month,No,Electronic check,95.47,2772.79,Yes
CUST-100136,Female,0,No,No,4,Yes,Yes,Fiber optic,No,No,No,Yes,Yes,Yes,One year,Yes,Electronic check,89.31,357.55,Yes
CUST-102925,Male,0,Yes,No,29,Yes,Yes,DSL,Yes,Yes,No,Yes,No,No,Month-to-month,No,Bank transfer (automatic),68.38,1974.8,No
CUST-106925,Male,0,No,No,62,Yes,No,DSL,No,No,Yes,No,Yes,No,One year,No,Mailed check,51.94,3191.69,No
CUST-102128,Male,0,Yes,Yes,58,Yes,No,DSL,No,Yes,Yes,No,Yes,Yes,Two year,No,Credit card (automatic),74.37,4319.38,Yes
CUST-103414,Female,0,No,No,33,Yes,Yes,DSL,Yes,No,Yes,Yes,Yes,No,Month-to-month,No,Mailed check,69.3,2259.22,No
CUST-106172,Female,1,Yes,No,42,Yes,No,DSL,No,No,Yes,Yes,No,Yes,One year,Yes,Mailed check,64.19,2697.41,No
CUST-104265,Female,0,No,Yes,46,Yes,Yes,Fiber optic,No,Yes,Yes,No,No,Yes,One year,No,Mailed check,86.0,3944.17,Yes
CUST-100801,Male,0,No,No,23,Yes,No,Fiber optic,No,Yes,No,No,No,Yes,Month-to-month,Yes,Electronic check,72.17,1674.88,Yes
CUST-105087,Male,0,Yes,Yes,35,Yes,No,DSL,Yes,No,No,No,No,No,One year,Yes,Bank transfer (automatic),53.54,1883.45,No
CUST-105466,Male,0,No,No,28,Yes,No,DSL,Yes,No,Yes,No,Yes,No,Month-to-month,No,Mailed check,60.81,1705.27,No
CUST-105401,Female,1,Yes,Yes,12,Yes,No,DSL,No,No,No,No,Yes,Yes,Month-to-month,No,Electronic check,61.29,756.85,No
CUST-102900,Female,0,Yes,Yes,34,Yes,No,Fiber optic,No,Yes,No,No,Yes,Yes,Month-to-month,Yes,Credit card (automatic),92.46,3143.96,No
CUST-100532,Male,0,No,No,38,Yes,Yes,DSL,Yes,No,No,No,Yes,Yes,Two year,No,Electronic check,70.32,2684.73,No
CUST-102280,Female,1,Yes,No,12,Yes,No,Fiber optic,Yes,No,No,Yes,No,Yes,Month-to-month,Yes,Mailed check,80.31,951.35,No
CUST-105941,Male,1,No,No,40,Yes,No,DSL,No,No,Yes,No,No,Yes,Month-to-month,Yes,Bank transfer (automatic),57.45,2314.97,No
CUST-104076,Female,1,No,No,31,Yes,No,DSL,No,No,No,No,Yes,Yes,One year,No,Electronic check,64.36,1959.56,Yes
CUST-104416,Male,1,No,Yes,13,Yes,No,No,No internet service,No internet service,No internet service,No internet service,No internet service,No internet service,Two year,Yes,Electronic check,23.61,329.21,No
CUST-106809,Female,0,No,No,4,Yes,No,Fiber optic,No,No,No,Yes,No,No,Month-to-month,Yes,Bank transfer (automatic),74.18,306.96,No
CUST-104434,Female,0,No,No,15,Yes,Yes,DSL,Yes,Yes,Yes,Yes,No,No,Month-to-month,No,Credit card (automatic),73.05,1090.0,No
CUST-103303,Male,0,No,No,55,Yes,Yes,No,No internet service,No internet service,No internet service,No internet service,No internet service,No internet service,Month-to-month,No,Electronic check,26.37,1463.51,No
CUST-104284,Male,0,Yes,No,38,Yes,No,Fiber optic,No,Yes,No,No,Yes,Yes,Month-to-month,No,Mailed check,83.94,3150.59,No
CUST-103505,Female,0,No,No,5,Yes,No,DSL,Yes,No,Yes,No,No,No,One year,Yes,Mailed check,56.23,272.02,No
CUST-102651,Female,0,No,No,54,Yes,No,Fiber optic,Yes,No,No,No,No,No,One year,No,Electronic check,73.87,3975.19,No
CUST-100539,Male,0,No,Yes,31,Yes,No,Fiber optic,No,Yes,Yes,No,Yes,No,One year,Yes,Electronic check,81.71,2540.59,Yes
CUST-104067,Male,0,Yes,No,57,No,No phone service,No,No internet service,No internet service,No internet service,No internet service,No internet service,No internet service,Two year,Yes,Bank transfer (automatic),21.11,1215.23,No
CUST-105086,Female,0,Yes,No,29,Yes,No,DSL,No,Yes,Yes,No,Yes,Yes,Two year,No,Electronic check,68.02,1977.29,No
CUST-104250,Male,1,Yes,No,27,Yes,No,Fiber optic,No,Yes,No,No,No,Yes,One year,No,Bank transfer (automatic),78.23,2115.44,Yes
CUST-104943,Female,0,Yes,No,29,Yes,Yes,DSL,Yes,No,Yes,No,Yes,No,Month-to-month,Yes,Credit card (automatic),66.9,1953.0,No
CUST-106061,Female,0,Yes,No,42,Yes,No,Fiber optic,No,No,No,Yes,Yes,No,One year,No,Credit card (automatic),80.69,3384.18,No
CUST-104566,Female,0,No,No,39,Yes,Yes,Fiber optic,No,Yes,Yes,No,No,No,One year,Yes,Credit card (automatic),83.08,3257.54,No
CUST-100034,Female,0,Yes,Yes,19,Yes,Yes,DSL,Yes,Yes,No,Yes,No,Yes,Two year,Yes,Bank transfer (automatic),71.09,1380.29,No
CUST-104277,Female,1,Yes,Yes,13,Yes,Yes,No,No internet service,No internet service,No internet service,No internet service,No internet service,No internet service,Month-to-month,Yes,Electronic check,31.19,378.93,No
CUST-104128,Female,0,No,No,28,Yes,Yes,No,No internet service,No internet service,No internet service,No internet service,No internet service,No internet service,Month-to-month,Yes,Mailed check,26.87,739.78,No
CUST-103659,Male,0,No,No,61,Yes,Yes,Fiber optic,No,No,No,No,No,No,One year,Yes,Mailed check,67.31,4096.5,No
CUST-100743,Male,0,No,No,24,Yes,No,No,No internet service,No internet service,No internet service,No internet service,No internet service,No internet service,One year,No,Electronic check,21.56,497.4,No
CUST-102599,Male,0,Yes,Yes,37,Yes,Yes,DSL,No,No,No,No,No,Yes,Month-to-month,Yes,Electronic check,57.44, ,Yes
CUST-105986,Female,0,No,No,38,Yes,Yes,Fiber optic,No,No,Yes,No,No,No,Two year,Yes,Bank transfer (automatic),77.56,2918.2,No
CUST-105498,Female,1,No,No,50,Yes,No,No,No internet service,No internet service,No internet service,No internet service,No internet service,No internet service,One year,Yes,Electronic check,23.98,1215.37,No
CUST-100903,Female,0,Yes,Yes,26,Yes,Yes,DSL,Yes,No,No,No,Yes,Yes,One year,Yes,Electronic check,70.36,1854.28,No
CUST-106758,Male,0,Yes,Yes,72,Yes,Yes,DSL,No,No,No,No,Yes,No,One year,Yes,Credit card (automatic),59.68,4317.62,No
CUST-100262,Male,0,Yes,No,33,Yes,Yes,Fiber optic,No,Yes,Yes,No,No,No,Month-to-month,No,Electronic check,81.98,2696.03,No
CUST-101916,Male,0,No,No,44,Yes,No,DSL,Yes,Yes,No,Yes,Yes,No,Month-to-month,Yes,Electronic check,68.97,3035.61,No
CUST-103799,Male,0,No,No,1,Yes,No,DSL,No,No,Yes,Yes,No,Yes,Month-to-month,Yes,Credit card (automatic),60.46,21.22,No
CUST-106243,Male,0,No,No,40,Yes,No,Fiber optic,No,Yes,No,Yes,No,No,Two year,No,Electronic check,77.57,3093.72,Yes
CUST-103838,Female,0,Yes,No,58,Yes,No,DSL,No,Yes,Yes,No,Yes,Yes,Month-to-month,Yes,Mailed check,73.96,4275.0,No
CUST-104820,Female,0,No,No,58,Yes,No,Fiber optic,No,Yes,Yes,Yes,Yes,No,Month-to-month,Yes,Credit card (automatic),87.49,5065.32,No
CUST-102296,Male,0,No,No,57,Yes,No,Fiber optic,Yes,No,No,No,No,No,One year,Yes,Mailed check,72.29,4125.57,No
CUST-106904,Female,0,Yes,Yes,46,Yes,Yes,DSL,No,No,Yes,Yes,No,No,One year,No,Electronic check,63.09,2907.22,No
CUST-103725,Female,0,No,No,2,Yes,No,DSL,No,No,No,Yes,Yes,No,One year,Yes,Bank transfer (automatic),54.36,158.65,No
CUST-103577,Female,1,Yes,Yes,44,Yes,Yes,No,No internet service,No internet service,No internet service,No internet service,No internet service,No internet service,Month-to-month,Yes,Mailed check,31.26,1384.5,Yes
CUST-104239,Male,0,No,No,31,Yes,No,Fiber optic,Yes,No,Yes,Yes,Yes,No,Two year,No,Credit card (automatic),89.75,2783.93,No
CUST-104424,Male,1,Yes,Yes,61,Yes,No,DSL,Yes,Yes,Yes,No,No,Yes,Month-to-month,Yes,Bank transfer (automatic),73.33,4473.59,No
CUST-103636,Female,0,No,No,25,Yes,No,Fiber optic,No,No,Yes,No,Yes,Yes,One year,No,Bank transfer (automatic),80.26,2024.91,No
CUST-104533,Female,0,Yes,Yes,11,Yes,No,DSL,Yes,Yes,Yes,No,Yes,No,Two year,Yes,Mailed check,68.59,735.41,No
CUST-102169,Female,0,No,No,11,Yes,Yes,Fiber optic,Yes,No,No,Yes,Yes,No,Month-to-month,Yes,Credit card (automatic),86.0,952.64,Yes
CUST-102837,Female,0,No,No,55,Yes,No,Fiber optic,No,Yes,No,No,No,Yes,Month-to-month,No,Electronic check,76.73,4260.41,No
CUST-105604,Female,0,No,No,12,Yes,Yes,DSL,Yes,No,No,No,No,No,One year,Yes,Electronic check,58.13,673.81,No
CUST-100497,Male,0,No,No,45,Yes,Yes,Fiber optic,No,No,No,No,Yes,Yes,One year,Yes,Credit card (automatic),81.38,3667.91,Yes
CUST-101859,Female,0,No,No,70,Yes,No,Fiber optic,No,No,Yes,Yes,Yes,No,One year,Yes,Mailed check,82.14,5769.46,No
CUST-102478,Male,0,Yes,No,38,Yes,No,Fiber optic,No,Yes,No,No,No,Yes,Month-to-month,Yes,Electronic check,81.8,3109.77,No
CUST-105039,Male,0,No,No,29,Yes,No,Fiber optic,No,Yes,No,Yes,Yes,No,Two year,Yes,Credit card (automatic),78.89,2255.38,No
CUST-105169,Male,1,Yes,No,5,Yes,No,Fiber optic,Yes,Yes,No,No,Yes,No,Month-to-month,Yes,Credit card (automatic),77.86,382.01,No
CUST-104366,Male,0,Yes,No,31,Yes,No,Fiber optic,No,Yes,No,Yes,Yes,No,Month-to-month,No,Mailed check,83.73,2578.59,No
CUST-103079,Male,1,Yes,Yes,28,Yes,Yes,DSL,Yes,Yes,No,Yes,Yes,No,One year,Yes,Mailed check,71.76,2033.5,No
CUST-105107,Female,0,No,Yes,65,Yes,No,Fiber optic,Yes,No,Yes,Yes,Yes,Yes,Two year,Yes,Electronic check,97.67,6345.22,Yes
CUST-100997,Male,0,No,No,21,Yes,Yes,Fiber optic,No,No,No,No,Yes,Yes,Month-to-month,No,Credit card (automatic),93.43,1957.61,No
CUST-103580,Female,0,No,No,54,Yes,No,Fiber optic,Yes,Yes,No,No,Yes,Yes,Two year,Yes,Bank transfer (automatic),88.09,4755.29,Yes
CUST-101662,Male,0,Yes,Yes,36,Yes,No,DSL,Yes,Yes,Yes,Yes,No,Yes,Month-to-month,Yes,Electronic check,75.05,2680.38,Yes
CUST-101226,Male,0,Yes,No,29,Yes,Yes,DSL,No,No,No,No,No,Yes,Month-to-month,Yes,Electronic check,58.7,1727.76,Yes
CUST-105623,Female,0,Yes,No,17,No,No phone service,Fiber optic,No,No,Yes,Yes,No,No,Month-to-month,No,Mailed check,76.81,1313.83,No
CUST-102732,Female,0,No,No,53,Yes,No,Fiber optic,No,No,Yes,No,Yes,No,One year,No,Credit card (automatic),79.4,4213.06,No
CUST-102777,Female,0,No,No,6,Yes,Yes,No,No internet service,No internet service,No internet service,No internet service,No internet service,No internet service,Month-to-month,No,Electronic check,23.39,140.6,No
CUST-103862,Male,1,No,No,8,Yes,No,DSL,Yes,Yes,Yes,No,No,No,One year,No,Electronic check,60.67,518.76,No
CUST-103258,Female,0,Yes,Yes,72,Yes,No,DSL,No,No,No,Yes,No,No,Month-to-month,Yes,Bank transfer (automatic),47.67,3444.07,No
CUST-102081,Male,0,Yes,Yes,53,Yes,Yes,Fiber optic,No,No,Yes,Yes,No,No,Two year,Yes,Electronic check,76.9,4074.08,No
CUST-100112,Female,0,No,Yes,2,Yes,No,Fiber optic,No,No,No,No,No,Yes,Month-to-month,No,Electronic check,70.2,156.66,Yes
CUST-101117,Female,0,Yes,No,36,No,No phone service,No,No internet service,No internet service,No internet service,No internet service,No internet service,No internet service,Month-to-month,Yes,Mailed check,19.28,684.79,No
CUST-102873,Male,0,No,No,14,Yes,No,Fiber optic,No,No,Yes,Yes,Yes,No,Month-to-month,Yes,Credit card (automatic),79.44,1165.66,Yes
CUST-100198,Male,0,No,Yes,5,Yes,No,DSL,Yes,No,No,No,No,No,Two year,Yes,Bank transfer (automatic),42.2,213.42,No
CUST-106068,Male,0,No,No,19,Yes,No,DSL,No,Yes,Yes,No,No,Yes,Two year,Yes,Mailed check,69.67,1334.34,No
CUST-102063,Female,0,No,No,10,Yes,No,Fiber optic,No,No,Yes,No,No,Yes,Month-to-month,Yes,Electronic check,71.33,726.36,Yes
CUST-105255,Male,0,Yes,No,40,Yes,Yes,DSL,No,No,Yes,Yes,Yes,Yes,One year,No,Bank transfer (automatic),71.0,2838.58,No
CUST-105342,Female,0,Yes,No,2,Yes,No,Fiber optic,Yes,No,No,No,No,Yes,Month-to-month,No,Electronic check,77.48,160.27,No
CUST-101844,Female,0,No,No,31,Yes,Yes,DSL,No,No,No,Yes,No,Yes,One year,Yes,Mailed check,60.36,1837.26,No
CUST-100547,Female,0,Yes,Yes,37,Yes,No,Fiber optic,No,Yes,Yes,No,Yes,No,Two year,No,Bank transfer (automatic),82.43,3064.59,No
CUST-104747,Male,0,Yes,Yes,7,Yes,Yes,DSL,No,Yes,No,No,No,No,Two year,Yes,Bank transfer (automatic),56.98,375.75,No
CUST-103956,Female,0,Yes,No,50,No,No phone service,DSL,Yes,No,Yes,No,No,Yes,Month-to-month,Yes,Bank transfer (automatic),59.3,2946.25,Yes
CUST-104658,Male,0,No,No,27,Yes,No,DSL,Yes,No,No,No,No,No,Two year,No,Electronic check,54.24,1473.75,No
CUST-105166,Female,0,No,No,33,Yes,Yes,Fiber optic,Yes,No,No,No,No,No,Month-to-month,Yes,Bank transfer (automatic),77.12,2556.21,No
CUST-100564,Female,0,Yes,No,71,Yes,No,Fiber optic,No,No,Yes,No,Yes,Yes,Month-to-month,Yes,Credit card (automatic),86.02,6134.01,Yes
CUST-102762,Male,0,Yes,Yes,21,Yes,No,No,No internet service,No internet service,No internet service,No internet service,No internet service,No internet service,Month-to-month,No,Mailed check,26.41,569.74,No
CUST-100694,Male,0,No,No,25,Yes,No,Fiber optic,No,Yes,No,Yes,No,No,Month-to-month,Yes,Credit card (automatic),75.58,1853.68,No
CUST-104103,Male,0,No,No,43,Yes,Yes,DSL,Yes,Yes,Yes,Yes,No,Yes,Two year,Yes,Credit card (automatic),82.35,3554.23,No
CUST-105352,Male,0,No,No,37,Yes,No,Fiber optic,Yes,No,Yes,No,No,No,One year,Yes,Credit card (automatic),75.11,2792.77,No
CUST-102919,Male,0,No,No,72,Yes,No,DSL,Yes,Yes,Yes,No,No,Yes,Month-to-month,No,Bank transfer (automatic),66.72,4816.82,Yes
CUST-103815,Male,0,Yes,No,3,Yes,Yes,DSL,No,No,No,Yes,Yes,Yes,Two year,Yes,Mailed check,72.8,233.02,No
CUST-103803,Male,0,Yes,No,46,No,No phone service,No,No internet service,No internet service,No internet service,No internet service,No internet service,No internet service,Two year,No,Credit card (automatic),18.0,829.47,No
CUST-103161,Female,1,No,No,48,Yes,No,DSL,No,No,Yes,No,No,Yes,Two year,Yes,Credit card (automatic),61.8,2943.22,No
CUST-102796,Female,0,Yes,Yes,44,Yes,No,Fiber optic,Yes,No,No,No,Yes,No,Two year,Yes,Bank transfer (automatic),83.5,3647.8,No
CUST-105434,Female,0,Yes,Yes,47,Yes,No,DSL,No,Yes,Yes,No,No,Yes,Month-to-month,Yes,Electronic check,63.8,3005.12,No
CUST-104547,Female,1,Yes,Yes,41,Yes,Yes,No,No internet service,No internet service,No internet service,No internet service,No internet service,No internet service,Month-to-month,No,Electronic check,28.94,1219.41,Yes
CUST-100237,Male,0,Yes,No,12,Yes,No,No,No internet service,No internet service,No internet service,No internet service,No internet service,No internet service,Two year,No,Mailed check,25.6,298.76,No
CUST-101050,Female,0,Yes,No,18,Yes,No,Fiber optic,No,Yes,No,Yes,No,No,Month-to-month,Yes,Mailed check,69.35,1256.17,No
CUST-103572,Female,0,No,No,11,Yes,Yes,DSL,No,No,No,No,Yes,No,Two year,Yes,Mailed check,56.1,636.18,No
CUST-100704,Male,0,Yes,Yes,18,Yes,No,DSL,No,No,No,Yes,Yes,No,Two year,No,Bank transfer (automatic),55.39,981.66,No
CUST-105177,Male,0,Yes,Yes,31,Yes,No,Fiber optic,Yes,Yes,No,No,Yes,Yes,Month-to-month,Yes,Mailed check,92.83,2871.96,No
CUST-101332,Male,0,No,No,60,Yes,Yes,Fiber optic,Yes,No,Yes,Yes,No,Yes,Month-to-month,No,Mailed check,98.34,5884.4,No
CUST-102427,Male,0,Yes,No,33,Yes,Yes,Fiber optic,Yes,No,No,No,Yes,Yes,Two year,Yes,Credit card (automatic),88.54,2933.21,No
CUST-105847,Female,0,No,No,59,Yes,No,Fiber optic,No,Yes,No,No,No,Yes,Month-to-month,Yes,Mailed check,78.71,4628.95,No
CUST-100298,Male,0,No,No,25,Yes,No,DSL,No,No,No,No,No,No,Two year,No,Electronic check,43.24,1137.39,No
CUST-101116,Female,0,Yes,Yes,29,Yes,No,Fiber optic,No,Yes,Yes,No,Yes,No,One year,Yes,Electronic check,82.36,2388.69,No
CUST-101399,Male,0,No,No,34,Yes,No,DSL,No,No,Yes,Yes,Yes,No,Month-to-month,No,Electronic check,63.92,2199.26,No
CUST-101803,Male,0,Yes,No,38,Yes,No,Fiber optic,Yes,Yes,Yes,Yes,No,No,Month-to-month,No,Electronic check,82.81,3165.88,No
CUST-102532,Female,0,Yes,No,34,No,No phone service,DSL,Yes,Yes,Yes,Yes,No,Yes,Month-to-month,No,Electronic check,75.71,2569.8,No
CUST-105320,Male,0,No,No,20,Yes,No,DSL,No,No,No,No,No,No,Month-to-month,Yes,Bank transfer (automatic),47.29,939.91,No
CUST-101438,Male,0,Yes,Yes,61,Yes,Yes,DSL,Yes,Yes,No,No,No,Yes,Month-to-month,Yes,Credit card (automatic),68.94,4198.75,No
CUST-101611,Male,0,Yes,Yes,45,Yes,No,No,No internet service,No internet service,No internet service,No internet service,No internet service,No internet service,Month-to-month,Yes,Electronic check,19.98,898.33,No
CUST-102978,Male,0,No,Yes,14,Yes,Yes,Fiber optic,No,No,No,Yes,No,Yes,Month-to-month,No,Electronic check,83.93,1172.0,Yes
CUST-100240,Male,0,No,No,43,Yes,No,No,No internet service,No internet service,No internet service,No internet service,No internet service,No internet service,Two year,No,Electronic check,21.48,900.55,No
CUST-105634,Female,0,Yes,Yes,19,Yes,No,DSL,No,No,Yes,No,Yes,No,Two year,No,Bank transfer (automatic),61.12,1168.31,No
CUST-101158,Male,0,Yes,Yes,34,Yes,No,DSL,No,No,Yes,No,No,No,Month-to-month,Yes,Electronic check,48.97,1674.11,No
CUST-105317,Male,0,Yes,Yes,42,Yes,No,DSL,No,No,No,Yes,No,No,One year,Yes,Electronic check,53.88,2258.53,No
CUST-100455,Female,0,No,No,56,No,No phone service,No,No internet service,No internet service,No internet service,No internet service,No internet service,No internet service,Two year,Yes,Mailed check,18.24,969.89,No
CUST-104295,Female,0,No,No,37,Yes,No,Fiber optic,No,No,Yes,No,Yes,Yes,One year,Yes,Bank transfer (automatic),88.42,3246.63,No
CUST-105591,Female,0,No,No,12,Yes,No,Fiber optic,No,No,No,Yes,Yes,Yes,One year,No,Bank transfer (automatic),85.41,1047.5,No
CUST-106736,Male,0,No,No,72,Yes,No,Fiber optic,Yes,Yes,No,No,No,No,Two year,Yes,Electronic check,72.45,5215.33,No
CUST-103632,Male,0,No,No,57,Yes,No,Fiber optic,No,Yes,Yes,Yes,No,Yes,Month-to-month,No,Mailed check,88.79,5080.88,Yes
CUST-103892,Male,0,Yes,Yes,32,Yes,Yes,No,No internet service,No internet service,No internet service,No internet service,No internet service,No internet service,Two year,No,Mailed check,28.39,925.81,No
CUST-100105,Female,0,Yes,Yes,66,Yes,No,Fiber optic,Yes,No,Yes,No,No,No,Month-to-month,Yes,Mailed check,74.6,4931.55,No
CUST-101893,Female,0,Yes,Yes,4,Yes,Yes,DSL,No,Yes,Yes,No,No,No,Month-to-month,Yes,Bank transfer (automatic),53.8,236.08,No
CUST-100727,Male,0,No,No,29,Yes,Yes,DSL,Yes,No,No,Yes,Yes,Yes,Month-to-month,Yes,Credit card (automatic),74.52,2167.26,No
CUST-104503,Female,0,No,No,8,Yes,Yes,Fiber optic,Yes,No,Yes,Yes,Yes,No,Month-to-month,Yes,Bank transfer (automatic),91.89,743.15,Yes
CUST-104960,Male,1,No,No,65,Yes,Yes,DSL,No,No,No,Yes,Yes,Yes,One year,No,Electronic check,66.44,4325.91,No
CUST-105878,Female,0,Yes,Yes,67,Yes,Yes,DSL,Yes,No,Yes,Yes,Yes,Yes,One year,No,Credit card (automatic),81.32,5461.57,No
CUST-106934,Male,0,Yes,Yes,71,Yes,Yes,Fiber optic,No,No,No,No,Yes,No,Month-to-month,Yes,Electronic check,79.61,5624.14,No
CUST-104437,Female,0,Yes,Yes,64,Yes,No,Fiber optic,No,No,Yes,Yes,No,No,Month-to-month,Yes,Electronic check,80.2,5170.55,Yes
CUST-100822,Male,0,No,No,49,Yes,No,Fiber optic,No,No,Yes,No,No,No,One year,Yes,Mailed check,74.68,3660.12,No
CUST-102319,Female,0,No,No,41,Yes,No,No,No internet service,No internet service,No internet service,No internet service,No internet service,No internet service,Two year,Yes,Electronic check,24.41,1007.26,No
CUST-104401,Male,0,Yes,Yes,53,Yes,Yes,Fiber optic,Yes,Yes,Yes,No,Yes,Yes,Two year,Yes,Credit card (automatic),94.2,5000.38,No
CUST-101005,Female,0,Yes,No,23,Yes,No,No,No internet service,No internet service,No internet service,No internet service,No internet service,No internet service,Two year,Yes,Mailed check,28.61,663.93,No
CUST-100196,Male,0,Yes,Yes,37,Yes,No,DSL,No,Yes,Yes,No,No,No,Month-to-month,Yes,Electronic check,50.27,1832.21,No
CUST-106115,Male,0,No,No,0,Yes,Yes,No,No internet service,No internet service,No internet service,No internet service,No internet service,No internet service,Month-to-month,Yes,Electronic check,24.76,,Yes
CUST-102653,Male,0,No,No,48,Yes,Yes,DSL,Yes,No,No,No,No,No,Two year,No,Mailed check,57.68,2779.81,No
CUST-103549,Female,0,Yes,Yes,38,Yes,Yes,No,No internet service,No internet service,No internet service,No internet service,No internet service,No internet service,Month-to-month,No,Electronic check,29.96,1131.32,No
CUST-104814,Female,0,Yes,Yes,71,Yes,No,DSL,Yes,No,No,No,Yes,Yes,Month-to-month,Yes,Credit card (automatic),60.36,4298.56,No
CUST-103709,Female,0,Yes,Yes,46,Yes,Yes,DSL,No,No,Yes,No,No,Yes,One year,No,Mailed check,64.93,2994.14,Yes
CUST-106598,Male,0,No,No,69,Yes,Yes,Fiber optic,Yes,No,Yes,Yes,Yes,Yes,Month-to-month,No,Electronic check,101.11,7014.38,Yes
CUST-105128,Female,0,No,No,5,Yes,Yes,Fiber optic,Yes,No,No,No,No,No,Month-to-month,No,Electronic check,73.42,360.89,Yes
CUST-106651,Female,1,Yes,Yes,52,Yes,No,Fiber optic,No,No,No,No,No,No,One year,No,Credit card (automatic),66.06,3430.65,No
CUST-103809,Female,0,Yes,Yes,0,Yes,Yes,DSL,No,No,No,No,Yes,No,Two year,No,Electronic check,68.52,68.52,Yes
CUST-106062,Male,0,Yes,Yes,0,Yes,No,Fiber optic,Yes,No,Yes,No,Yes,Yes,One year,No,Electronic check,98.69,98.69,Yes
CUST-104164,Female,0,Yes,Yes,5,No,No phone service,DSL,Yes,Yes,Yes,Yes,Yes,No,Month-to-month,Yes,Credit card (automatic),65.66,318.21,No
CUST-104439,Male,0,Yes,No,25,Yes,Yes,No,No internet service,No internet service,No internet service,No internet service,No internet service,No internet service,Month-to-month,Yes,Electronic check,28.8,749.75,No
CUST-106291,Female,0,No,No,59,Yes,No,Fiber optic,Yes,Yes,Yes,No,No,No,Two year,Yes,Electronic check,78.1,4576.31,Yes
CUST-104628,Female,0,Yes,No,51,Yes,No,Fiber optic,No,Yes,No,No,Yes,Yes,One year,Yes,Mailed check,85.9,4388.38,No
CUST-101364,Female,0,Yes,No,53,Yes,No,No,No internet service,No internet service,No internet service,No internet service,No internet service,No internet service,Two year,Yes,Bank transfer (automatic),20.95,,No
CUST-102456,Female,0,Yes,Yes,39,Yes,No,Fiber optic,No,Yes,Yes,Yes,Yes,No,Two year,No,Electronic check,90.71,3516.33,No
CUST-102306,Male,0,No,No,58,Yes,No,Fiber optic,Yes,Yes,No,Yes,Yes,Yes,One year,Yes,Electronic check,100.2,5797.8,No
CUST-100023,Female,0,No,No,19,Yes,No,Fiber optic,No,No,Yes,No,Yes,Yes,Month-to-month,No,Bank transfer (automatic),86.87,1646.44,No
CUST-106100,Male,0,Yes,No,70,Yes,No,Fiber optic,Yes,No,Yes,No,Yes,Yes,Month-to-month,No,Credit card (automatic),91.29,6403.26,No
CUST-100636,Male,0,No,No,65,Yes,No,No,No internet service,No internet service,No internet service,No internet service,No internet service,No internet service,Month-to-month,No,Electronic check,24.79,1594.91,No
CUST-106433,Male,0,No,No,66,Yes,No,Fiber optic,No,No,Yes,No,No,No,Month-to-month,No,Credit card (automatic),70.66,4687.52,No
CUST-100430,Male,0,Yes,Yes,2,Yes,No,DSL,No,No,Yes,No,Yes,No,Month-to-month,Yes,Bank transfer (automatic),57.38,143.94,No
CUST-100720,Male,0,Yes,No,35,Yes,No,Fiber optic,No,No,No,No,No,Yes,Month-to-month,Yes,Electronic check,70.53,2430.38,No
CUST-102843,Male,0,Yes,Yes,63,Yes,No,No,No internet service,No internet service,No internet service,No internet service,No internet service,No internet service,Month-to-month,Yes,Mailed check,23.05,1418.16,No
CUST-102223,Male,1,No,No,48,Yes,No,Fiber optic,Yes,No,No,No,No,No,Month-to-month,No,Electronic check,67.15,3229.89,Yes
CUST-101678,Female,0,Yes,No,40,Yes,No,No,No internet service,No internet service,No internet service,No internet service,No internet service,No internet service,One year,No,Electronic check,21.54,822.32,No
CUST-102452,Male,0,Yes,Yes,15,Yes,Yes,DSL,No,Yes,Yes,No,Yes,Yes,Month-to-month,Yes,Bank transfer (automatic),75.13,1149.67,No
CUST-102662,Male,0,No,Yes,60,No,No phone service,Fiber optic,No,No,No,Yes,No,Yes,Month-to-month,Yes,Credit card (automatic),70.1,4213.05,No
CUST-102315,Male,0,Yes,Yes,37,Yes,No,DSL,Yes,Yes,No,Yes,No,No,Month-to-month,No,Credit card (automatic),58.44,2139.51,No
CUST-106919,Female,0,No,No,30,Yes,No,No,No internet service,No internet service,No internet service,No internet service,No internet service,No internet service,Two year,No,Mailed check,27.96,821.27,No
CUST-104494,Male,0,No,No,8,Yes,Yes,DSL,Yes,Yes,No,No,Yes,Yes,One year,Yes,Credit card (automatic),76.55,623.53,Yes
CUST-101305,Female,0,No,No,45,Yes,No,No,No internet service,No internet service,No internet service,No internet service,No internet service,No internet service,Month-to-month,Yes,Mailed check,23.39,1052.63,No
CUST-104139,Female,0,No,Yes,54,Yes,No,Fiber optic,No,No,No,Yes,No,Yes,One year,Yes,Electronic check,80.4,4360.13,No
CUST-101210,Female,0,No,No,6,Yes,No,DSL,Yes,No,No,No,Yes,Yes,Month-to-month,Yes,Electronic check,65.88,444.42,No
CUST-102147,female ,0,Yes,Yes,69,Yes,No,Fiber optic,Yes,No,Yes,No,Yes,No,Month-to-month,Yes,Credit card (automatic),82.87,5702.01,No
CUST-103692,Male,0,No,No,11,Yes,Yes,DSL,No,Yes,No,No,Yes,No,Month-to-month,No,Electronic check,65.99,742.38,No
CUST-105759,Male,0,No,No,14,Yes,Yes,DSL,Yes,No,No,Yes,Yes,Yes,Month-to-month,No,Bank transfer (automatic),72.67,1002.57,No
CUST-102327,Male,0,Yes,Yes,32,Yes,No,Fiber optic,No,Yes,Yes,No,No,Yes,One year,No,Bank transfer (automatic),82.77,2633.81,No
CUST-100619,Male,0,No,No,72,Yes,Yes,No,No internet service,No internet service,No internet service,No internet service,No internet service,No internet service,Month-to-month,Yes,Mailed check,29.53,2112.11,Yes
CUST-103898,Male,1,Yes,No,17,Yes,No,Fiber optic,No,Yes,Yes,No,No,No,Month-to-month,No,Bank transfer (automatic),73.93,1227.41,No
CUST-104540,Female,0,Yes,Yes,19,Yes,No,Fiber optic,No,No,No,No,No,No,One year,Yes,Mailed check,63.33,1196.65,No
CUST-102623,Female,0,No,No,31,Yes,No,Fiber optic,No,No,Yes,No,No,Yes,Month-to-month,Yes,Electronic check,78.6,2427.25,No
CUST-106432,Male,0,Yes,No,20,Yes,Yes,DSL,Yes,No,No,Yes,Yes,No,One year,Yes,Bank transfer (automatic),68.68,1373.67,No
CUST-105295,Female,0,No,No,64,Yes,Yes,DSL,Yes,No,No,Yes,No,No,Two year,No,Mailed check,54.22,3486.17,No
CUST-103360,Female,0,Yes,Yes,37,Yes,Yes,Fiber optic,Yes,Yes,Yes,No,Yes,No,One year,No,Bank transfer (automatic),96.07,3523.09,No
CUST-105234,Male,0,No,Yes,13,Yes,Yes,No,No internet service,No internet service,No internet service,No internet service,No internet service,No internet service,One year,Yes,Mailed check,29.64,397.81,No
CUST-106488,Male,0,No,No,17,No,No phone service,Fiber optic,No,No,Yes,Yes,Yes,Yes,Month-to-month,No,Electronic check,86.53,1471.96,No
CUST-106111,Male,0,Yes,Yes,3,Yes,No,Fiber optic,No,No,No,Yes,No,No,Month-to-month,No,Electronic check,66.59,219.51,No
CUST-104286,Female,0,No,Yes,71,Yes,No,Fiber optic,Yes,No,Yes,No,No,Yes,Month-to-month,Yes,Electronic check,82.34,5844.42,Yes
CUST-106861,Female,0,Yes,No,29,Yes,No,DSL,No,Yes,No,Yes,No,No,Month-to-month,No,Electronic check,52.19,1509.16,No
CUST-105494,Female,0,No,No,23,Yes,No,DSL,Yes,No,No,Yes,Yes,No,Month-to-month,Yes,Mailed check,63.02,1443.94,No
CUST-105817,Female,0,No,No,62,Yes,No,DSL,No,No,No,No,Yes,Yes,One year,Yes,Electronic check,58.91,3626.14,No
CUST-103435,Female,0,Yes,No,43,Yes,Yes,Fiber optic,Yes,No,No,No,Yes,No,One year,Yes,Mailed check,80.89,3526.14,No
CUST-101932,Female,0,Yes,No,48,Yes,Yes,Fiber optic,Yes,No,No,No,Yes,Yes,Two year,Yes,Mailed check,90.38,4326.52,No
CUST-106614,Male,0,Yes,Yes,61,Yes,No,Fiber optic,No,Yes,Yes,Yes,Yes,Yes,Two year,No,Credit card (automatic),100.48,6088.99,No
CUST-104156,Female,0,No,No,65,Yes,Yes,Fiber optic,No,Yes,No,Yes,Yes,Yes,One year,Yes,Bank transfer (automatic),92.64,6042.89,No
CUST-101302,Female,0,No,No,66,Yes,Yes,DSL,Yes,No,No,No,Yes,No,One year,Yes,Mailed check,63.34,4186.14,No
CUST-104727,Female,0,No,No,70,No,No phone service,No,No internet service,No internet service,No internet service,No internet service,No internet service,No internet service,One year,Yes,Electronic check,20.6,1477.74,No
CUST-102508,Male,0,No,No,56,Yes,No,No,No internet service,No internet service,No internet service,No internet service,No internet service,No internet service,Month-to-month,No,Electronic check,20.49,1138.76,No
CUST-104064,Female,0,No,No,47,Yes,No,DSL,Yes,No,Yes,Yes,Yes,No,One year,No,Electronic check,67.38,3161.67,No
CUST-106453,Female,0,No,No,28,Yes,Yes,Fiber optic,No,No,No,Yes,Yes,Yes,One year,Yes,Bank transfer (automatic),92.75,2573.88,No
CUST-105181,Female,0,Yes,Yes,52,No,No phone service,DSL,No,Yes,No,No,No,Yes,Month-to-month,Yes,Credit card (automatic),46.78,2405.17,No
CUST-106034,Male,1,Yes,No,13,Yes,Yes,DSL,Yes,No,Yes,Yes,No,Yes,Month-to-month,Yes,Credit card (automatic),65.93,879.5,No
CUST-106404,Female,0,Yes,No,56,Yes,No,DSL,Yes,Yes,No,No,Yes,No,Two year,Yes,Credit card (automatic),59.92,3374.33,No
CUST-100717,Male,0,Yes,Yes,49,Yes,Yes,No,No internet service,No internet service,No internet service,No internet service,No internet service,No internet service,One year,Yes,Bank transfer (automatic),23.21,1124.43,No
CUST-104811,Male,0,No,Yes,48,Yes,No,DSL,Yes,No,No,No,No,No,One year,Yes,Bank transfer (automatic),51.84,2505.54,No
CUST-103335,Male,0,No,No,39,Yes,No,Fiber optic,No,No,No,Yes,Yes,No,One year,Yes,Mailed check,80.0,3081.13,Yes
CUST-103132,Female,1,No,No,55,Yes,No,No,No internet service,No internet service,No internet service,No internet service,No internet service,No internet service,One year,No,Credit card (automatic),24.5,1344.92,No
CUST-105191,Female,0,Yes,No,4,Yes,No,DSL,No,No,Yes,No,No,No,One year,Yes,Bank transfer (automatic),46.9,182.38,No
CUST-102407,Female,0,No,Yes,50,Yes,Yes,DSL,Yes,No,No,No,No,Yes,One year,No,Mailed check,54.09,2685.14,No
CUST-105116,Male,0,No,No,56,Yes,No,DSL,No,No,No,Yes,Yes,No,Month-to-month,Yes,Credit card (automatic),53.02,2981.6,No
CUST-104850,Female,1,Yes,Yes,58,Yes,No,No,No internet service,No internet service,No internet service,No internet service,No internet service,No internet service,Month-to-month,Yes,Credit card (automatic),24.75,1448.7,No
CUST-103026,Male,0,No,No,9,Yes,Yes,Fiber optic,No,Yes,No,Yes,Yes,Yes,Two year,Yes,Credit card (automatic),99.23,904.73,Yes
CUST-102889,Male,0,No,No,52,Yes,No,DSL,Yes,No,No,No,No,Yes,One year,Yes,Credit card (automatic),55.69,2869.48,No
CUST-105640,Female,0,No,No,1,Yes,Yes,Fiber optic,No,No,No,No,Yes,Yes,Two year,Yes,Bank transfer (automatic),86.74,78.84,Yes
CUST-106645,Female,1,No,No,46,Yes,No,Fiber optic,Yes,Yes,Yes,Yes,No,No,Two year,Yes,Bank transfer (automatic),87.38,4033.18,Yes
CUST-103353,Female,0,Yes,No,49,Yes,Yes,Fiber optic,No,Yes,No,No,No,Yes,Two year,Yes,Credit card (automatic),84.73,4161.54,No
CUST-100527,Male,0,No,No,54,Yes,No,Fiber optic,No,Yes,Yes,No,Yes,Yes,Month-to-month,No,Credit card (automatic),96.08,5207.45,No
CUST-102053,Female,0,No,No,5,Yes,No,Fiber optic,No,No,No,No,No,Yes,Two year,Yes,Electronic check,73.07,394.19,No
CUST-103295,Female,0,No,No,18,Yes,No,Fiber optic,No,No,No,Yes,Yes,No,Two year,Yes,Credit card (automatic),75.12,1353.47,Yes
CUST-101657,Female,0,No,No,48,Yes,Yes,Fiber optic,Yes,No,No,No,No,No,One year,No,Electronic check,72.7,3494.24,No
CUST-102318,Female,0,Yes,No,24,Yes,Yes,DSL,No,No,No,No,Yes,No,One year,No,Electronic check,57.16,1334.17,No
CUST-101947,Female,0,No,No,55,Yes,No,Fiber optic,Yes,No,No,No,Yes,No,Month-to-month,Yes,Mailed check,74.73,4106.61,Yes
CUST-102691,Female,0,No,No,63,Yes,Yes,No,No internet service,No internet service,No internet service,No internet service,No internet service,No internet service,One year,No,Bank transfer (automatic),24.4,1569.85,No
CUST-105443,Female,0,No,No,30,Yes,No,DSL,Yes,No,No,No,No,Yes,Month-to-month,Yes,Electronic check,63.01,1923.58,Yes
CUST-105451,Female,0,Yes,No,20,Yes,No,Fiber optic,No,Yes,Yes,Yes,Yes,Yes,Month-to-month,No,Bank transfer (automatic),100.88,2013.12,Yes
CUST-102750,Male,0,No,No,45,Yes,No,DSL,No,Yes,Yes,No,No,Yes,Two year,No,Electronic check,63.97,2903.27,No
CUST-103187,Male,1,Yes,Yes,64,Yes,Yes,Fiber optic,No,No,No,No,No,No,Month-to-month,No,Electronic check,67.94,4399.38,No
CUST-105896,Male,0,Yes,Yes,43,Yes,No,Fiber optic,Yes,No,Yes,Yes,No,Yes,One year,Yes,Electronic check,90.15,3857.22,No
CUST-104104,Male,1,No,No,9,Yes,Yes,DSL,Yes,No,Yes,No,No,Yes,Two year,No,Credit card (automatic),66.34,615.48,No
CUST-100524,Male,0,Yes,No,30,Yes,Yes,No,No internet service,No internet service,No internet service,No internet service,No internet service,No internet service,One year,No,Electronic check,30.95,924.88,No
CUST-105855,Female,0,Yes,Yes,40,Yes,Yes,No,No internet service,No internet service,No internet service,No internet service,No internet service,No internet service,Two year,No,Electronic check,31.66,1300.05,No
CUST-100910,Female,0,Yes,No,29,Yes,Yes,Fiber optic,Yes,Yes,No,Yes,No,No,Month-to-month,No,Bank transfer (automatic),86.22,2502.69,No
CUST-102541,Female,0,Yes,Yes,29,Yes,No,DSL,No,Yes,Yes,Yes,Yes,No,Two year,No,Electronic check,67.04,1982.66,No
CUST-102005,Male,0,Yes,Yes,63,Yes,No,Fiber optic,Yes,No,No,Yes,No,No,Month-to-month,No,Electronic check,76.07,4798.89,Yes
CUST-100503,Female,0,No,No,18,Yes,Yes,DSL,No,No,No,Yes,No,Yes,Two year,Yes,Electronic check,65.1,1213.32,No
CUST-100558,Female,0,No,Yes,0,Yes,Yes,Fiber optic,No,No,Yes,No,Yes,Yes,Month-to-month,No,Bank transfer (automatic),89.11,89.11,No
CUST-100124,Female,0,No,Yes,29,Yes,No,DSL,No,No,Yes,No,Yes,Yes,Month-to-month,Yes,Electronic check,63.04,1815.67,Yes
CUST-102981,Male,0,Yes,Yes,7,Yes,Yes,No,No internet service,No internet service,No internet service,No internet service,No internet service,No internet service,Month-to-month,Yes,Credit card (automatic),35.79,249.33,No
CUST-101470,Female,0,No,No,24,Yes,No,No,No internet service,No internet service,No internet service,No internet service,No internet service,No internet service,Month-to-month,No,Mailed check,25.67,611.28,No
CUST-105392,Female,0,Yes,Yes,12,Yes,Yes,DSL,No,Yes,No,Yes,No,Yes,Month-to-month,Yes,Electronic check,67.1,831.07,Yes
CUST-101284,Male,1,No,No,59,Yes,No,Fiber optic,Yes,Yes,Yes,Yes,Yes,No,Month-to-month,No,Electronic check,89.84,5281.78,No
CUST-104258,Female,0,Yes,Yes,14,Yes,Yes,Fiber optic,No,No,Yes,No,Yes,No,One year,No,Electronic check,81.31,1119.64,No
CUST-104227,Female,0,Yes,No,68,Yes,Yes,DSL,Yes,No,No,Yes,No,Yes,Month-to-month,Yes,Electronic check,67.29,4554.44,No
CUST-102721,Female,0,No,No,62,Yes,Yes,DSL,Yes,No,No,No,No,Yes,One year,Yes,Bank transfer (automatic),60.21,3747.73,No
CUST-101094,Male,0,Yes,Yes,50,Yes,No,Fiber optic,Yes,Yes,No,Yes,No,No,Month-to-month,Yes,Bank transfer (automatic),76.55,3822.09,No
CUST-105396,Female,0,Yes,Yes,4,Yes,Yes,DSL,No,No,No,Yes,Yes,No,Month-to-month,No,Bank transfer (automatic),61.2,219.04,Yes
CUST-101774,Female,0,No,No,54,Yes,No,DSL,Yes,Yes,Yes,No,No,No,Month-to-month,No,Mailed check,60.53,3260.73,No
CUST-101212,Male,0,Yes,Yes,2,Yes,No,Fiber optic,No,No,No,No,No,Yes,Month-to-month,No,Electronic check,76.09,135.43,Yes
CUST-101183,Male,0,No,No,55,Yes,Yes,DSL,No,No,No,No,No,No,Month-to-month,Yes,Electronic check,51.32,2810.74,No
CUST-100224,Female,0,No,No,4,Yes,No,Fiber optic,No,No,Yes,Yes,No,Yes,Month-to-month,Yes,Bank transfer (automatic),80.51,307.66,No
CUST-106871,Female,0,Yes,Yes,56,Yes,No,Fiber optic,No,Yes,No,No,No,Yes,Two year,Yes,Mailed check,77.84,4404.48,No
CUST-101951,Female,0,No,No,60,Yes,Yes,No,No internet service,No internet service,No internet service,No internet service,No internet service,No internet service,Two year,Yes,Mailed check,35.28,2117.56,No
CUST-104115,Male,0,Yes,Yes,52,Yes,Yes,DSL,No,Yes,No,No,No,No,Two year,No,Bank transfer (automatic),54.68,2866.98,No
CUST-101040,female ,0,No,No,30,Yes,No,DSL,No,No,No,Yes,Yes,Yes,One year,Yes,Mailed check,67.54,2062.68,No
CUST-100428,Male,0,No,Yes,9,Yes,No,Fiber optic,Yes,Yes,Yes,Yes,Yes,No,Month-to-month,Yes,Bank transfer (automatic),91.76,797.35,No
CUST-106867,Male,0,Yes,No,49,Yes,No,Fiber optic,No,No,Yes,No,Yes,No,Month-to-month,Yes,Bank transfer (automatic),76.64,3732.82,No
CUST-101371,Male,0,No,No,65,Yes,No,Fiber optic,Yes,Yes,No,No,Yes,Yes,Two year,No,Electronic check,91.76,5976.7,No
CUST-104534,Male,0,No,No,55,Yes,Yes,Fiber optic,No,Yes,No,No,No,Yes,Two year,No,Bank transfer (automatic),87.07,4795.33,No
CUST-100684,Male,1,Yes,No,25,Yes,No,No,No internet service,No internet service,No internet service,No internet service,No internet service,No internet service,One year,Yes,Electronic check,22.62,581.05,No
CUST-103251,Female,0,No,No,33,Yes,Yes,Fiber optic,No,No,Yes,Yes,No,Yes,Month-to-month,Yes,Bank transfer (automatic),86.53,2834.24,Yes
CUST-100827,Female,0,Yes,No,50,Yes,No,No,No internet service,No internet service,No internet service,No internet service,No internet service,No internet service,One year,Yes,Electronic check,21.78,1103.34,No
CUST-103309,Female,0,No,No,5,Yes,No,Fiber optic,No,No,No,No,Yes,No,Month-to-month,No,Mailed check,75.6,364.42,Yes
CUST-103255,Male,0,No,No,24,Yes,Yes,Fiber optic,Yes,No,Yes,Yes,Yes,No,Month-to-month,Yes,Mailed check,100.82,2413.75,Yes
CUST-105066,Female,1,No,No,50,Yes,No,DSL,No,Yes,Yes,No,No,No,Month-to-month,Yes,Mailed check,53.46,2625.36,No
CUST-100632,Male,0,Yes,Yes,22,Yes,Yes,Fiber optic,No,Yes,Yes,No,No,Yes,Month-to-month,No,Bank transfer (automatic),89.86,1989.9,Yes
CUST-103777,Female,0,Yes,Yes,46,Yes,No,Fiber optic,No,Yes,No,No,Yes,No,Two year,No,Electronic check,79.36,3635.71,Yes
CUST-103354,Female,0,Yes,No,23,Yes,No,Fiber optic,Yes,No,No,Yes,No,No,Two year,No,Electronic check,74.81,1706.96,No
CUST-103114,Male,1,No,No,41,Yes,Yes,DSL,No,Yes,Yes,No,Yes,No,Month-to-month,Yes,Electronic check,71.96,2935.25,Yes
CUST-101241,Female,0,Yes,Yes,12,Yes,No,No,No internet service,No internet service,No internet service,No internet service,No internet service,No internet service,One year,Yes,Credit card (automatic),22.19,272.91,No
CUST-102525,Male,1,Yes,Yes,27,Yes,No,DSL,No,Yes,Yes,No,Yes,Yes,Month-to-month,Yes,Electronic check,68.53,1829.58,Yes
CUST-101671,Female,0,No,No,59,Yes,No,No,No internet service,No internet service,No internet service,No internet service,No internet service,No internet service,One year,Yes,Electronic check,22.21,1287.24,No
CUST-101460,Female,0,No,No,47,No,No phone service,Fiber optic,Yes,No,Yes,No,No,No,Two year,No,Mailed check,66.2,3109.09,No
CUST-101397,Female,0,Yes,No,31,Yes,Yes,Fiber optic,No,Yes,Yes,Yes,Yes,No,Month-to-month,Yes,Bank transfer (automatic),90.44,2801.61,Yes
CUST-106019,Female,0,No,No,16,Yes,No,DSL,No,Yes,No,Yes,Yes,No,Month-to-month,Yes,Electronic check,63.82,1025.1,No
CUST-102858,Female,0,Yes,Yes,34,Yes,Yes,Fiber optic,No,No,No,Yes,No,No,Two year,Yes,Electronic check,77.1,2635.67,No
CUST-101277,Female,0,Yes,Yes,54,Yes,Yes,No,No internet service,No internet service,No internet service,No internet service,No internet service,No internet service,Month-to-month,Yes,Electronic check,26.83,1438.56,No
CUST-104900,Male,0,Yes,Yes,65,Yes,No,No,No internet service,No internet service,No internet service,No internet service,No internet service,No internet service,Month-to-month,Yes,Credit card (automatic),21.67,1377.52,No
CUST-100745,Male,0,Yes,No,17,Yes,No,DSL,No,No,Yes,No,No,Yes,Month-to-month,Yes,Mailed check,62.84,1055.08,Yes
CUST-103171,Female,0,No,No,61,Yes,Yes,No,No internet service,No internet service,No internet service,No internet service,No internet service,No internet service,Month-to-month,Yes,Electronic check,29.96,1859.51,No
CUST-101748,Female,0,No,No,8,Yes,No,Fiber optic,Yes,Yes,Yes,No,No,Yes,One year,Yes,Mailed check,83.98,692.66,Yes
CUST-100167,Male,0,Yes,Yes,41,No,No phone service,No,No internet service,No internet service,No internet service,No internet service,No internet service,No internet service,One year,Yes,Electronic check,18.0,773.06,No
CUST-105741,Female,0,No,Yes,39,Yes,No,DSL,No,No,No,No,No,Yes,One year,Yes,Mailed check,54.79,2162.27,No
CUST-100141,Male,0,No,No,39,Yes,Yes,Fiber optic,No,No,No,Yes,No,No,One year,No,Bank transfer (automatic),72.71,2842.63,No
CUST-105644,Female,0,No,No,30,Yes,Yes,Fiber optic,No,Yes,Yes,Yes,Yes,Yes,Two year,Yes,Electronic check,97.07,2913.5,No
CUST-100804,female ,0,No,No,69,No,No phone service,DSL,Yes,Yes,Yes,Yes,Yes,No,Month-to-month,No,Mailed check,66.83,4605.95,No
CUST-102008,Female,0,No,No,56,Yes,Yes,No,No internet service,No internet service,No internet service,No internet service,No internet service,No internet service,One year,No,Electronic check,28.23,1607.02,No
CUST-104961,Female,0,No,No,0,Yes,No,Fiber optic,No,No,No,Yes,No,Yes,One year,No,Credit card (automatic),75.06,75.06,Yes
CUST-104388,Male,0,No,No,9,Yes,No,DSL,Yes,No,No,No,Yes,No,Month-to-month,Yes,Electronic check,60.09,537.21,Yes
CUST-105380,Male,0,Yes,Yes,23,Yes,No,DSL,No,No,Yes,No,No,Yes,One year,No,Mailed check,61.03,1405.06,No
CUST-102248,Male,1,Yes,Yes,33,No,No phone service,DSL,No,Yes,No,Yes,Yes,No,Month-to-month,Yes,Credit card (automatic),59.18,1958.92,No
CUST-100454,Female,0,No,No,48,Yes,Yes,Fiber optic,No,Yes,Yes,No,Yes,Yes,Month-to-month,Yes,Mailed check,98.01,4741.12,No
CUST-106973,Female,0,No,No,42,Yes,No,DSL,No,No,No,Yes,No,Yes,Month-to-month,Yes,Electronic check,64.26,2686.74,Yes
CUST-103687,Female,0,Yes,No,51,Yes,No,Fiber optic,Yes,No,No,No,Yes,No,Month-to-month,Yes,Electronic check,80.93,4114.9,No
CUST-100506,Female,0,No,No,64,Yes,No,DSL,Yes,No,No,Yes,Yes,No,Month-to-month,No,Electronic check,55.69,3551.18,No
CUST-100920,Female,0,No,No,30,Yes,No,DSL,Yes,No,No,Yes,No,No,Two year,Yes,Mailed check,55.48,1664.83,No
CUST-100440,Female,0,No,No,12,Yes,Yes,No,No internet service,No internet service,No internet service,No internet service,No internet service,No internet service,Two year,Yes,Electronic check,24.23,298.44,No
CUST-103250,Male,0,No,No,36,Yes,Yes,Fiber optic,No,Yes,Yes,Yes,No,No,Two year,Yes,Credit card (automatic),87.6,3121.55,Yes
CUST-102606,Female,1,No,No,45,No,No phone service,DSL,Yes,Yes,No,No,No,No,Month-to-month,Yes,Electronic check,52.05,2323.74,No
CUST-105826,Male,0,No,No,15,Yes,No,DSL,No,Yes,No,Yes,No,No,Month-to-month,Yes,Mailed check,54.03,802.39,Yes
CUST-103567,Male,1,No,No,18,Yes,No,DSL,No,No,No,No,Yes,No,Month-to-month,No,Credit card (automatic),53.32,921.93,No
CUST-101827,Female,1,Yes,Yes,43,Yes,No,DSL,No,Yes,Yes,Yes,No,Yes,Month-to-month,No,Bank transfer (automatic),68.49,2947.78,No
CUST-100110,Male,0,Yes,Yes,23,Yes,Yes,No,No internet service,No internet service,No internet service,No internet service,No internet service,No internet service,One year,Yes,Mailed check,27.31,633.37,No
CUST-105870,Female,1,Yes,Yes,63,Yes,No,DSL,Yes,No,No,No,No,No,Month-to-month,Yes,Mailed check,52.88,3355.58,No
CUST-104640,Female,0,No,No,52,Yes,Yes,No,No internet service,No internet service,No internet service,No internet service,No internet service,No internet service,One year,Yes,Bank transfer (automatic),23.53,1254.27,No
CUST-102996,Male,0,Yes,No,53,Yes,Yes,No,No internet service,No internet service,No internet service,No internet service,No internet service,No internet service,Month-to-month,No,Mailed check,28.69,1512.17,No
CUST-106230,Male,0,Yes,Yes,43,Yes,No,Fiber optic,Yes,Yes,No,No,No,Yes,One year,No,Electronic check,80.92,3472.54,No
CUST-105866,Female,0,Yes,No,60,Yes,No,No,No internet service,No internet service,No internet service,No internet service,No internet service,No internet service,Month-to-month,Yes,Bank transfer (automatic),22.33,1310.18,No
CUST-105844,Female,0,No,No,57,Yes,Yes,Fiber optic,Yes,No,No,Yes,Yes,No,Month-to-month,No,Mailed check,90.41,5173.06,No
CUST-100984,Female,1,Yes,No,58,Yes,No,DSL,No,No,No,Yes,Yes,No,Two year,Yes,Electronic check,58.3,3368.08,No
CUST-106169,Female,1,No,No,23,No,No phone service,No,No internet service,No internet service,No internet service,No internet service,No internet service,No internet service,Month-to-month,Yes,Bank transfer (automatic),18.0,455.22,Yes
CUST-101745,Female,0,No,No,23,Yes,Yes,DSL,Yes,Yes,Yes,Yes,Yes,No,Month-to-month,Yes,Mailed check,78.24,1781.3,Yes
CUST-104991,Female,1,Yes,Yes,21,Yes,No,Fiber optic,No,Yes,No,No,No,Yes,Month-to-month,No,Bank transfer (automatic),73.34,1547.67,Yes
CUST-102909,Male,0,Yes,Yes,53,Yes,No,No,No internet service,No internet service,No internet service,No internet service,No internet service,No internet service,Month-to-month,No,Mailed check,20.69,1067.88,No
CUST-102825,Female,0,No,No,61,Yes,No,Fiber optic,No,No,No,No,No,Yes,One year,Yes,Mailed check,78.77,4809.21,No
CUST-101582,Female,0,Yes,No,56,Yes,No,No,No internet service,No internet service,No internet service,No internet service,No internet service,No internet service,Month-to-month,Yes,Mailed check,24.18,1343.48,No
CUST-105331,Female,0,Yes,No,25,Yes,No,DSL,No,Yes,Yes,No,No,Yes,Month-to-month,No,Mailed check,65.9,1659.09,No
CUST-105119,Male,0,Yes,No,7,Yes,Yes,DSL,No,Yes,Yes,Yes,Yes,Yes,Month-to-month,No,Bank transfer (automatic),82.97,564.7,No
CUST-101842,Female,1,Yes,Yes,22,Yes,No,No,No internet service,No internet service,No internet service,No internet service,No internet service,No internet service,Month-to-month,No,Mailed check,20.65,463.13,No
CUST-104407,Male,0,Yes,Yes,63,No,No phone service,Fiber optic,Yes,Yes,Yes,Yes,No,Yes,Month-to-month,No,Electronic check,89.5,5617.28,No
CUST-104595,Male,1,No,No,71,Yes,No,No,No internet service,No internet service,No internet service,No internet service,No internet service,No internet service,Month-to-month,Yes,Mailed check,18.0,1317.25,No
CUST-100040,Male,1,No,No,1,Yes,No,Fiber optic,Yes,Yes,No,No,Yes,No,Month-to-month,Yes,Electronic check,80.19,48.09,No
CUST-103098,Male,0,Yes,No,3,Yes,Yes,DSL,Yes,Yes,Yes,Yes,No,No,Month-to-month,No,Mailed check,65.47,199.33,No
CUST-105126,Male,0,Yes,Yes,0,Yes,No,Fiber optic,No,No,No,No,Yes,Yes,One year,Yes,Bank transfer (automatic),83.36,83.36,No
CUST-100376,Female,0,Yes,Yes,12,No,No phone service,No,No internet service,No internet service,No internet service,No internet service,No internet service,No internet service,Two year,No,Bank transfer (automatic),18.0,232.37,No
CUST-106546,Female,0,Yes,No,24,Yes,No,Fiber optic,No,Yes,No,No,No,Yes,Two year,Yes,Bank transfer (automatic),78.08,1875.47,No
CUST-100205,Male,0,No,Yes,55,Yes,Yes,DSL,No,Yes,No,No,No,No,Month-to-month,No,Credit card (automatic),58.54,3234.87,No
CUST-105112,Female,0,No,No,22,Yes,Yes,No,No internet service,No internet service,No internet service,No internet service,No internet service,No internet service,Month-to-month,Yes,Credit card (automatic),26.59,575.49,No
CUST-103872,Female,0,No,No,50,Yes,No,Fiber optic,Yes,No,No,Yes,No,No,Month-to-month,Yes,Bank transfer (automatic),76.45,3856.47,Yes
CUST-102211,Female,0,Yes,Yes,5,Yes,No,DSL,Yes,Yes,Yes,Yes,No,Yes,Two year,Yes,Electronic check,74.93,377.29,No
CUST-103457,Male,0,Yes,Yes,56,Yes,No,DSL,No,Yes,No,Yes,Yes,Yes,One year,Yes,Electronic check,71.12,3979.49,Yes
CUST-102194,Female,0,No,No,46,Yes,Yes,Fiber optic,Yes,Yes,No,No,Yes,Yes,One year,No,Electronic check,97.27,4505.57,No
CUST-101376,Female,0,No,No,3,No,No phone service,Fiber optic,No,Yes,Yes,No,Yes,No,One year,Yes,Mailed check,82.05,231.96,No
CUST-106766,Female,0,Yes,Yes,50,No,No phone service,DSL,No,Yes,No,Yes,No,No,One year,Yes,Credit card (automatic),51.27,2561.85,No
CUST-106057,Female,0,No,No,63,Yes,No,No,No internet service,No internet service,No internet service,No internet service,No internet service,No internet service,Month-to-month,Yes,Bank transfer (automatic),22.35,1418.28,No
CUST-106908,Male,0,No,No,41,Yes,No,DSL,Yes,Yes,No,No,No,Yes,Month-to-month,No,Electronic check,57.75,2376.89,No
CUST-105184,Female,0,Yes,Yes,26,Yes,No,Fiber optic,No,No,No,Yes,Yes,No,Month-to-month,No,Electronic check,78.26,2043.05,No
CUST-102178,Female,0,Yes,No,69,Yes,Yes,Fiber optic,No,Yes,No,No,No,Yes,Month-to-month,Yes,Credit card (automatic),79.86,5496.17,Yes
CUST-106361,Female,0,No,No,10,Yes,Yes,No,No internet service,No internet service,No internet service,No internet service,No internet service,No internet service,Month-to-month,Yes,Credit card (automatic),28.7,313.25,No
CUST-103844,Female,0,Yes,No,29,Yes,Yes,Fiber optic,No,Yes,No,Yes,No,No,Two year,Yes,Mailed check,78.37,2280.54,No
CUST-102417,Male,0,No,No,66,Yes,Yes,No,No internet service,No internet service,No internet service,No internet service,No internet service,No internet service,One year,No,Electronic check,25.85,1719.75,No
CUST-103528,Male,0,No,No,59,Yes,No,Fiber optic,No,Yes,Yes,No,No,Yes,Month-to-month,Yes,Mailed check,85.69,5055.1,No
CUST-100418,Male,0,No,No,62,No,No phone service,DSL,No,Yes,Yes,No,No,No,Two year,No,Bank transfer (automatic),52.03,3215.57,Yes
CUST-100283,Male,0,Yes,No,45,Yes,No,Fiber optic,Yes,No,Yes,No,Yes,No,One year,No,Electronic check,79.13,3538.57,No
CUST-103550,Male,1,Yes,Yes,25,Yes,Yes,No,No internet service,No internet service,No internet service,No internet service,No internet service,No internet service,Month-to-month,No,Electronic check,28.23,700.32,No
CUST-100871,Male,0,Yes,Yes,40,Yes,No,Fiber optic,No,Yes,Yes,No,No,No,One year,No,Electronic check,69.74,2776.35,No
CUST-102145,Male,0,No,No,64,Yes,No,Fiber optic,No,Yes,Yes,Yes,Yes,No,Month-to-month,Yes,Electronic check,91.15,5855.44,Yes
CUST-104377,Male,0,No,No,53,Yes,Yes,Fiber optic,No,Yes,Yes,Yes,No,No,Two year,Yes,Electronic check,80.99,4307.23,No
CUST-100354,Female,0,No,No,37,Yes,No,Fiber optic,Yes,No,No,Yes,No,Yes,Month-to-month,Yes,Mailed check,85.79,3172.47,No
CUST-100116,Male,0,Yes,No,4,Yes,No,Fiber optic,No,No,Yes,Yes,Yes,No,Month-to-month,No,Bank transfer (automatic),83.15,314.18,No
CUST-104763,Male,1,Yes,No,49,Yes,No,Fiber optic,No,Yes,No,No,No,Yes,Two year,No,Mailed check,78.52,3820.07,Yes
CUST-106077,Male,0,Yes,Yes,44,Yes,Yes,Fiber optic,No,Yes,No,No,No,Yes,Month-to-month,Yes,Bank transfer (automatic),82.23,3604.06,No
CUST-105748,Female,0,Yes,Yes,55,Yes,No,No,No internet service,No internet service,No internet service,No internet service,No internet service,No internet service,Month-to-month,Yes,Electronic check,21.82,1197.44,No
CUST-105961,Female,0,No,No,31,Yes,Yes,No,No internet service,No internet service,No internet service,No internet service,No internet service,No internet service,Two year,Yes,Bank transfer (automatic),30.82,968.88,No
CUST-103683,Female,0,Yes,Yes,2,No,No phone service,No,No internet service,No internet service,No internet service,No internet service,No internet service,No internet service,Month-to-month,Yes,Mailed check,19.26,41.76,No
CUST-104195,Male,0,No,No,14,Yes,No,Fiber optic,No,Yes,No,Yes,No,No,Month-to-month,Yes,Mailed check,72.8,1019.14,No
CUST-105058,Male,0,Yes,Yes,46,Yes,Yes,Fiber optic,No,No,No,Yes,Yes,Yes,One year,Yes,Mailed check,95.66,4387.94,No
CUST-106972,Male,0,No,Yes,50,No,No phone service,Fiber optic,No,No,No,Yes,No,Yes,Month-to-month,No,Credit card (automatic),69.1,3472.88,No
CUST-105980,Female,1,No,No,60,Yes,No,Fiber optic,No,Yes,No,Yes,No,No,Month-to-month,No,Electronic check,73.05,4418.32,No
CUST-101596,Female,0,Yes,Yes,21,Yes,Yes,Fiber optic,No,No,Yes,Yes,Yes,Yes,Month-to-month,No,Electronic check,98.81,2091.23,Yes
CUST-105228,Male,0,No,No,54,Yes,No,Fiber optic,No,Yes,No,Yes,Yes,No,Month-to-month,Yes,Bank transfer (automatic),80.5,4366.55,No
CUST-101469,Male,0,Yes,Yes,37,Yes,No,DSL,No,No,No,No,No,No,Two year,No,Electronic check,40.33,1508.38,No
CUST-106435,Male,0,No,No,61,Yes,Yes,Fiber optic,No,No,No,Yes,No,No,Month-to-month,No,Mailed check,75.02,4546.84,Yes
CUST-106704,Female,0,Yes,Yes,34,No,No phone service,No,No internet service,No internet service,No internet service,No internet service,No internet service,No internet service,Month-to-month,Yes,Electronic check,18.45,632.25,Yes
CUST-101601,Female,0,Yes,Yes,1,Yes,Yes,Fiber optic,No,Yes,No,Yes,No,Yes,Month-to-month,Yes,Electronic check,87.17,72.54,Yes
CUST-106484,Female,0,No,No,1,No,No phone service,Fiber optic,Yes,No,No,No,No,No,One year,No,Credit card (automatic),69.09,82.84,No
CUST-102447,Female,0,No,No,41,Yes,No,No,No internet service,No internet service,No internet service,No internet service,No internet service,No internet service,One year,Yes,Credit card (automatic),22.78,934.87,No
CUST-103197,Female,0,Yes,Yes,51,Yes,No,DSL,No,No,Yes,No,No,No,Month-to-month,No,Bank transfer (automatic),55.59,2830.95,No
CUST-100458,Female,0,No,No,65,Yes,No,Fiber optic,No,No,Yes,Yes,Yes,No,Month-to-month,Yes,Electronic check,81.77,5365.1,Yes
CUST-102023,Female,0,Yes,Yes,72,Yes,No,DSL,No,Yes,No,No,No,Yes,Month-to-month,Yes,Mailed check,62.3,4450.91,No
CUST-105739,Male,1,No,No,57,Yes,Yes,DSL,No,Yes,No,No,Yes,Yes,One year,No,Credit card (automatic),70.07,3974.87,No
CUST-101638,Male,0,No,No,3,Yes,Yes,DSL,No,Yes,Yes,No,Yes,No,Two year,Yes,Electronic check,67.21,234.26,No
CUST-103801,Female,0,No,Yes,7,Yes,No,No,No internet service,No internet service,No internet service,No internet service,No internet service,No internet service,Month-to-month,No,Electronic check,24.5,190.79,Yes
CUST-103953,Male,0,No,No,18,Yes,No,DSL,Yes,No,No,Yes,No,Yes,Two year,Yes,Bank transfer (automatic),63.02,1127.87,No
CUST-105065,Female,0,No,No,28,Yes,No,Fiber optic,No,Yes,No,Yes,No,Yes,Month-to-month,Yes,Electronic check,88.04,2451.07,Yes
CUST-100375,Male,0,No,No,63,Yes,No,DSL,Yes,Yes,Yes,No,Yes,Yes,Month-to-month,Yes,Bank transfer (automatic),73.07,4633.21,No
CUST-102422,Male,0,Yes,No,7,Yes,Yes,DSL,Yes,No,No,No,Yes,Yes,Month-to-month,Yes,Credit card (automatic),72.11,492.12,No
CUST-100883,Male,0,No,Yes,53,Yes,Yes,No,No internet service,No internet service,No internet service,No internet service,No internet service,No internet service,Two year,Yes,Bank transfer (automatic),27.19,1431.68,No
CUST-104662,Male,0,No,No,56,Yes,Yes,DSL,No,No,Yes,No,No,Yes,Month-to-month,Yes,Electronic check,66.93,3735.65,No
CUST-100691,Female,0,Yes,Yes,12,Yes,No,DSL,Yes,Yes,No,Yes,No,No,One year,Yes,Electronic check,57.04,666.81,No
CUST-105544,Male,0,No,Yes,50,Yes,No,DSL,No,Yes,No,No,No,Yes,One year,Yes,Bank transfer (automatic),60.67,3056.05,No
CUST-104967,Male,0,Yes,Yes,62,Yes,No,No,No internet service,No internet service,No internet service,No internet service,No internet service,No internet service,Month-to-month,Yes,Mailed check,24.83,1545.94,No
CUST-102763,Male,0,Yes,No,23,Yes,No,Fiber optic,No,Yes,No,No,Yes,No,Two year,Yes,Mailed check,77.55,1775.16,No
CUST-100626,Male,0,Yes,Yes,72,Yes,Yes,DSL,No,No,Yes,Yes,No,No,One year,No,Electronic check,58.26,4188.11,No
CUST-102946,Female,0,No,No,16,Yes,No,No,No internet service,No internet service,No internet service,No internet service,No internet service,No internet service,Month-to-month,Yes,Bank transfer (automatic),24.57,387.23,No
CUST-106818,Female,1,Yes,No,44,Yes,No,Fiber optic,No,Yes,No,No,Yes,No,One year,No,Credit card (automatic),76.95,3406.36,No
CUST-100317,Female,0,No,No,0,Yes,Yes,DSL,Yes,No,Yes,Yes,Yes,No,Month-to-month,Yes,Electronic check,67.95,67.95,Yes
CUST-103346,Female,0,No,No,55,Yes,Yes,DSL,Yes,No,No,No,Yes,No,Month-to-month,No,Credit card (automatic),64.27,3539.4,Yes
CUST-103644,Female,1,No,Yes,70,Yes,No,No,No internet service,No internet service,No internet service,No internet service,No internet service,No internet service,Month-to-month,Yes,Credit card (automatic),22.27,1573.36,No
CUST-104955,Male,0,No,No,46,Yes,Yes,No,No internet service,No internet service,No internet service,No internet service,No internet service,No internet service,Month-to-month,Yes,Mailed check,24.95,1090.65,No
CUST-101902,Female,0,No,No,10,Yes,No,DSL,No,No,No,No,Yes,No,Two year,No,Credit card (automatic),54.02,568.95,No
CUST-100630,Female,0,Yes,No,45,Yes,Yes,DSL,No,Yes,Yes,No,Yes,Yes,Two year,Yes,Bank transfer (automatic),78.7,3538.67,No
CUST-100508,Male,0,Yes,Yes,67,No,No phone service,Fiber optic,Yes,Yes,No,Yes,No,No,Two year,Yes,Credit card (automatic),79.99,5321.36,No
CUST-106839,Female,0,Yes,Yes,5,No,No phone service,Fiber optic,Yes,Yes,No,No,Yes,No,Month-to-month,Yes,Bank transfer (automatic),74.84,394.65,No
CUST-106181,Female,0,No,No,37,Yes,Yes,DSL,No,No,No,No,Yes,Yes,Month-to-month,Yes,Credit card (automatic),66.51,2432.61,No
CUST-103208,Male,0,No,No,48,Yes,Yes,DSL,No,No,No,Yes,No,No,Month-to-month,Yes,Credit card (automatic),59.39,2876.77,No
CUST-102594,Male,1,Yes,Yes,7,No,No phone service,No,No internet service,No internet service,No internet service,No internet service,No internet service,No internet service,Month-to-month,Yes,Bank transfer (automatic),18.0,104.78,No
CUST-106755,Female,0,Yes,Yes,50,Yes,Yes,No,No internet service,No internet service,No internet service,No internet service,No internet service,No internet service,Two year,No,Electronic check,28.72,1459.92,No
CUST-103519,Female,0,No,No,35,Yes,No,Fiber optic,No,Yes,Yes,Yes,No,No,One year,Yes,Bank transfer (automatic),78.26,2726.28,No
CUST-106652,Female,0,No,Yes,1,Yes,Yes,No,No internet service,No internet service,No internet service,No internet service,No internet service,No internet service,One year,No,Credit card (automatic),29.01,0.0,No
CUST-103700,Male,0,No,No,57,Yes,No,Fiber optic,Yes,Yes,Yes,Yes,Yes,Yes,Month-to-month,No,Credit card (automatic),101.33,5775.93,Yes
CUST-103317,Male,0,No,Yes,13,Yes,No,Fiber optic,Yes,No,No,Yes,No,No,Month-to-month,No,Electronic check,78.36,996.8,Yes
CUST-104506,Male,0,Yes,No,23,Yes,Yes,No,No internet service,No internet service,No internet service,No internet service,No internet service,No internet service,One year,Yes,Electronic check,30.29,688.82,No
CUST-106596,Female,0,Yes,No,67,Yes,No,No,No internet service,No internet service,No internet service,No internet service,No internet service,No internet service,One year,Yes,Electronic check,23.83,1596.03,No
CUST-100754,Female,1,Yes,No,31,Yes,Yes,Fiber optic,Yes,No,No,No,No,No,Two year,Yes,Credit card (automatic),78.09,2422.61,No
CUST-106072,Female,0,No,No,7,No,No phone service,Fiber optic,No,No,Yes,Yes,No,No,One year,Yes,Mailed check,67.42,472.58,No
CUST-101550,Male,0,No,No,35,Yes,Yes,DSL,No,Yes,Yes,No,No,Yes,Month-to-month,No,Bank transfer (automatic),66.43,2329.72,No
CUST-105814,Female,0,Yes,No,21,Yes,Yes,Fiber optic,No,Yes,Yes,No,No,No,Month-to-month,Yes,Credit card (automatic),79.6,1668.32,Yes
CUST-100125,Female,0,No,No,42,Yes,Yes,Fiber optic,No,No,Yes,Yes,Yes,No,One year,No,Electronic check,84.7,3573.67,No
CUST-106046,Male,0,Yes,Yes,59,Yes,No,DSL,Yes,No,No,No,No,No,Month-to-month,Yes,Electronic check,48.25,2875.7,No
CUST-102174,Male,0,Yes,No,8,Yes,Yes,Fiber optic,No,Yes,No,Yes,Yes,Yes,Two year,Yes,Electronic check,99.71,,No
CUST-103366,Female,0,No,No,66,Yes,Yes,DSL,No,No,No,No,Yes,No,Two year,Yes,Electronic check,60.76,3963.67,Yes
CUST-104153,Female,0,No,Yes,5,Yes,No,DSL,No,No,No,No,No,Yes,Two year,No,Electronic check,52.27,314.1,No
CUST-101599,Female,1,No,Yes,10,Yes,No,No,No internet service,No internet service,No internet service,No internet service,No internet service,No internet service,Two year,No,Electronic check,24.42,225.15,No
CUST-103616,Male,0,No,Yes,63,Yes,No,Fiber optic,No,Yes,No,No,Yes,Yes,Two year,No,Credit card (automatic),88.15,5533.14,No
CUST-101502,Male,0,Yes,No,42,Yes,Yes,Fiber optic,No,Yes,No,Yes,Yes,No,Month-to-month,No,Credit card (automatic),87.39,3679.3,No
CUST-106210,Male,0,Yes,No,21,Yes,No,Fiber optic,No,No,No,No,Yes,Yes,Month-to-month,Yes,Electronic check,80.65,1646.28,No
CUST-106805,Female,0,No,No,7,Yes,No,Fiber optic,No,Yes,No,No,No,Yes,One year,No,Electronic check,73.78,484.67,Yes
CUST-102014,Female,0,No,No,48,Yes,No,No,No internet service,No internet service,No internet service,No internet service,No internet service,No internet service,One year,Yes,Electronic check,24.71,1165.77,No
CUST-103205,Female,0,No,No,14,Yes,Yes,Fiber optic,Yes,No,Yes,No,No,No,Month-to-month,No,Credit card (automatic),76.68,1097.89,Yes
CUST-104657,Female,0,Yes,Yes,47,Yes,No,Fiber optic,No,No,No,Yes,No,Yes,One year,No,Mailed check,80.01,3766.28,No
CUST-105147,Female,0,No,No,47,Yes,No,Fiber optic,No,No,Yes,Yes,No,No,One year,Yes,Bank transfer (automatic),77.67,3635.85,No
CUST-102439,Male,0,Yes,Yes,70,Yes,Yes,Fiber optic,No,Yes,No,No,No,Yes,Month-to-month,Yes,Credit card (automatic),81.32,5709.84,No
CUST-103654,Female,0,Yes,Yes,57,No,No phone service,Fiber optic,Yes,Yes,No,No,Yes,No,One year,Yes,Mailed check,77.13,4413.8,No
CUST-104797,Male,0,Yes,No,6,Yes,No,Fiber optic,Yes,No,Yes,Yes,No,Yes,Month-to-month,No,Electronic check,86.3,526.12,Yes
CUST-106374,Male,0,No,No,51,Yes,No,Fiber optic,No,No,No,No,No,Yes,Month-to-month,No,Bank transfer (automatic),67.91,3460.05,No
CUST-101416,Female,0,No,No,2,Yes,No,No,No internet service,No internet service,No internet service,No internet service,No internet service,No internet service,One year,Yes,Mailed check,23.82,28.16,No
CUST-104980,Female,0,Yes,No,63,Yes,No,Fiber optic,No,Yes,No,Yes,Yes,Yes,One year,No,Bank transfer (automatic),94.44,5939.44,No
CUST-101309,Female,0,No,No,51,Yes,Yes,Fiber optic,No,No,No,No,No,Yes,Month-to-month,Yes,Credit card (automatic),81.28,4142.98,Yes
CUST-102555,Male,0,Yes,Yes,37,Yes,No,DSL,No,Yes,Yes,Yes,No,No,Month-to-month,No,Mailed check,60.98,2269.87,No
CUST-100326,Male,0,No,No,6,Yes,No,Fiber optic,No,No,No,No,No,No,One year,Yes,Electronic check,65.04,346.82,Yes
CUST-102292,Male,0,No,No,60,Yes,No,DSL,No,Yes,No,Yes,No,No,One year,No,Bank transfer (automatic),56.07,3359.17,No
CUST-101168,Female,1,Yes,No,58,Yes,Yes,Fiber optic,No,Yes,No,No,Yes,No,Month-to-month,Yes,Mailed check,88.51,5117.94,No
CUST-101415,Female,0,No,Yes,14,Yes,No,DSL,Yes,No,Yes,No,Yes,Yes,One year,No,Credit card (automatic),70.97,1028.18,No
CUST-103858,Male,0,Yes,Yes,56,No,No phone service,Fiber optic,No,No,No,No,No,Yes,One year,Yes,Mailed check,63.75,3563.59,No
CUST-106976,Female,0,No,No,31,Yes,Yes,No,No internet service,No internet service,No internet service,No internet service,No internet service,No internet service,One year,Yes,Electronic check,30.38,958.69,No
CUST-106421,Male,0,No,Yes,60,Yes,Yes,Fiber optic,No,No,Yes,No,Yes,Yes,Two year,No,Bank transfer (automatic),86.74,5226.42,No
CUST-103059,Male,0,No,No,72,Yes,No,DSL,No,No,Yes,No,Yes,Yes,Month-to-month,Yes,Bank transfer (automatic),65.67,4724.69,No
CUST-100300,Male,0,Yes,No,20,Yes,No,Fiber optic,Yes,No,No,No,No,No,One year,Yes,Electronic check,67.25,1352.6,No
CUST-103830,Female,0,Yes,No,13,Yes,Yes,No,No internet service,No internet service,No internet service,No internet service,No internet service,No internet service,Two year,No,Mailed check,26.78,342.46,No
CUST-104392,Male,0,Yes,Yes,67,Yes,Yes,Fiber optic,Yes,No,Yes,Yes,Yes,Yes,Month-to-month,Yes,Bank transfer (automatic),103.0,6918.46,No
CUST-103655,Male,0,No,No,71,Yes,Yes,DSL,No,No,No,No,No,No,Month-to-month,No,Credit card (automatic),53.09,3791.0,Yes
CUST-106623,Female,0,No,No,46,Yes,No,Fiber optic,No,No,Yes,Yes,No,Yes,One year,No,Mailed check,84.87,3883.02,No
CUST-106599,Male,0,No,No,38,Yes,Yes,No,No internet service,No internet service,No internet service,No internet service,No internet service,No internet service,Month-to-month,Yes,Electronic check,31.45,1164.35,No
CUST-101695,Female,1,Yes,Yes,41,Yes,No,DSL,No,Yes,Yes,No,Yes,No,Month-to-month,Yes,Credit card (automatic),63.96,2611.3,No
CUST-100484,Male,0,No,No,71,Yes,No,DSL,Yes,Yes,No,No,Yes,No,One year,No,Mailed check,60.94,4285.01,No
CUST-104122,Female,0,No,No,13,Yes,No,Fiber optic,Yes,Yes,No,No,Yes,No,Month-to-month,No,Credit card (automatic),82.5,1108.33,Yes
CUST-104896,Female,0,No,No,50,Yes,Yes,DSL,Yes,No,No,Yes,No,Yes,One year,Yes,Bank transfer (automatic),71.6,3609.64,No
CUST-100862,Male,0,No,No,53,Yes,No,Fiber optic,Yes,No,No,No,Yes,No,Month-to-month,Yes,Mailed check,77.14,4108.47,No
CUST-106049,Male,0,Yes,Yes,56,Yes,No,No,No internet service,No internet service,No internet service,No internet service,No internet service,No internet service,Month-to-month,Yes,Credit card (automatic),26.42,1491.69,No
CUST-101140,Female,0,No,No,29,Yes,Yes,DSL,Yes,No,Yes,No,Yes,Yes,Month-to-month,No,Mailed check,77.84,2236.14,No
CUST-106938,Female,1,Yes,No,43,Yes,Yes,DSL,Yes,Yes,No,Yes,Yes,Yes,Two year,No,Credit card (automatic),79.96,3413.83,No
CUST-100935,Female,0,No,No,44,Yes,Yes,Fiber optic,No,No,No,Yes,Yes,No,One year,No,Credit card (automatic),85.0,3746.49,No
CUST-102358,Female,0,No,No,46,Yes,Yes,Fiber optic,No,Yes,No,No,No,No,Month-to-month,Yes,Electronic check,77.46,3550.7,Yes
CUST-104107,Female,0,No,No,7,No,No phone service,DSL,Yes,No,No,Yes,Yes,Yes,Month-to-month,Yes,Credit card (automatic),63.62,426.09,Yes
CUST-104522,Female,1,No,No,63,Yes,No,Fiber optic,Yes,No,No,Yes,No,Yes,One year,Yes,Bank transfer (automatic),82.73,5215.91,No
CUST-102745,Male,0,No,No,71,Yes,No,No,No internet service,No internet service,No internet service,No internet service,No internet service,No internet service,One year,No,Mailed check,21.09,1471.67,No
CUST-100041,Female,0,Yes,Yes,42,Yes,No,DSL,No,No,No,Yes,Yes,No,One year,Yes,Bank transfer (automatic),54.96,2366.78,No
CUST-101933,Female,0,No,No,50,Yes,No,No,No internet service,No internet service,No internet service,No internet service,No internet service,No internet service,Two year,Yes,Electronic check,22.38,1140.69,No
CUST-103613,Male,0,Yes,No,7,Yes,No,DSL,No,Yes,No,Yes,No,Yes,Month-to-month,Yes,Credit card (automatic),61.08,414.07,No
CUST-101603,Male,0,No,No,1,Yes,Yes,Fiber optic,No,No,Yes,Yes,Yes,No,Month-to-month,No,Bank transfer (automatic),93.92,119.18,Yes
CUST-104564,Female,1,No,No,59,Yes,Yes,No,No internet service,No internet service,No internet service,No internet service,No internet service,No internet service,Month-to-month,Yes,Electronic check,27.86,1678.82,No
CUST-102378,Female,0,No,No,24,Yes,No,DSL,Yes,Yes,Yes,Yes,Yes,No,Two year,No,Mailed check,78.38,1910.85,No
CUST-103806,Male,0,Yes,No,71,No,No phone service,Fiber optic,No,No,No,Yes,No,No,Month-to-month,Yes,Mailed check,63.17,4456.54,No
CUST-104621,Female,0,No,No,24,Yes,No,No,No internet service,No internet service,No internet service,No internet service,No internet service,No internet service,Two year,Yes,Electronic check,24.52,588.59,No
CUST-100928,Male,0,Yes,Yes,62,Yes,No,DSL,Yes,No,Yes,Yes,Yes,Yes,Month-to-month,Yes,Electronic check,79.12,4916.6,No
CUST-105553,female ,0,No,No,47,Yes,No,Fiber optic,Yes,Yes,No,Yes,Yes,Yes,Month-to-month,Yes,Bank transfer (automatic),98.62,4624.53,Yes
CUST-101913,Female,0,No,No,34,Yes,Yes,DSL,Yes,Yes,No,No,No,No,Month-to-month,Yes,Electronic check,59.73,1997.11,Yes
CUST-100281,male ,0,No,No,9,Yes,No,DSL,No,No,Yes,Yes,Yes,Yes,Month-to-month,No,Credit card (automatic),69.33,659.88,No
CUST-103001,Female,0,Yes,Yes,3,Yes,Yes,Fiber optic,No,No,No,Yes,No,Yes,Two year,No,Bank transfer (automatic),82.97,257.98,No
CUST-104476,Female,0,Yes,Yes,25,Yes,Yes,No,No internet service,No internet service,No internet service,No internet service,No internet service,No internet service,One year,No,Electronic check,34.64,865.11,No
CUST-101849,Male,0,Yes,No,0,Yes,No,DSL,No,Yes,Yes,Yes,No,No,Month-to-month,Yes,Electronic check,60.48,60.48,No
CUST-102784,Female,0,No,No,51,Yes,Yes,No,No internet service,No internet service,No internet service,No internet service,No internet service,No internet service,One year,No,Bank transfer (automatic),23.62,1205.58,No
CUST-100270,Male,1,Yes,No,54,Yes,No,DSL,No,No,No,No,Yes,No,Month-to-month,No,Electronic check,52.39,2813.69,Yes
CUST-101578,Male,0,Yes,Yes,40,Yes,No,Fiber optic,Yes,Yes,Yes,No,No,Yes,Month-to-month,Yes,Bank transfer (automatic),84.46,3383.34,Yes
CUST-100339,Female,0,No,No,64,Yes,Yes,DSL,Yes,No,Yes,No,No,No,Month-to-month,No,Electronic check,68.82,4420.76,No
CUST-103387,Female,0,No,Yes,5,Yes,Yes,Fiber optic,Yes,No,Yes,Yes,No,Yes,Month-to-month,Yes,Bank transfer (automatic),91.37,503.04,No
CUST-102509,Male,1,Yes,Yes,17,Yes,Yes,Fiber optic,No,Yes,No,No,Yes,No,Month-to-month,Yes,Electronic check,84.33,1445.7,No
CUST-100897,Male,0,No,No,46,Yes,No,Fiber optic,No,No,No,No,No,No,Two year,Yes,Bank transfer (automatic),66.14,3062.31,No
CUST-104562,Male,0,No,Yes,18,Yes,No,Fiber optic,Yes,No,Yes,No,No,Yes,Month-to-month,Yes,Mailed check,78.7,1399.57,Yes
CUST-100178,Female,0,Yes,No,14,Yes,Yes,Fiber optic,No,No,Yes,No,No,Yes,Month-to-month,No,Credit card (automatic),79.18,1110.99,Yes
CUST-105307,Female,0,Yes,No,15,Yes,No,No,No internet service,No internet service,No internet service,No internet service,No internet service,No internet service,Month-to-month,No,Credit card (automatic),27.45,416.03,No
CUST-103995,Male,0,No,No,53,Yes,Yes,Fiber optic,No,No,Yes,No,No,No,One year,Yes,Electronic check,76.71,4059.82,No
CUST-103018,Female,0,Yes,No,10,Yes,No,No,No internet service,No internet service,No internet service,No internet service,No internet service,No internet service,Month-to-month,Yes,Mailed check,22.14,232.39,Yes
CUST-101067,Female,0,No,No,18,Yes,No,Fiber optic,Yes,Yes,Yes,Yes,Yes,No,Month-to-month,No,Mailed check,93.55,1643.17,No
CUST-100802,Female,1,No,No,48,Yes,Yes,Fiber optic,Yes,Yes,Yes,No,Yes,Yes,Two year,Yes,Bank transfer (automatic),101.8,4892.44,No
CUST-101918,Male,0,No,No,57,No,No phone service,No,No internet service,No internet service,No internet service,No internet service,No internet service,No internet service,One year,No,Bank transfer (automatic),20.16,1155.03,No
CUST-102867,Male,0,Yes,Yes,66,Yes,No,Fiber optic,Yes,Yes,No,Yes,No,Yes,One year,Yes,Bank transfer (automatic),84.94,5602.66,No
CUST-105375,Female,0,No,No,15,Yes,Yes,DSL,No,Yes,No,No,Yes,Yes,Month-to-month,Yes,Electronic check,73.75,1147.41,Yes
CUST-104795,Male,0,Yes,Yes,67,Yes,Yes,Fiber optic,No,Yes,Yes,No,No,Yes,Two year,No,Bank transfer (automatic),86.37,5778.04,No
CUST-100206,Female,0,No,No,24,Yes,Yes,No,No internet service,No internet service,No internet service,No internet service,No internet service,No internet service,Month-to-month,Yes,Bank transfer (automatic),24.04,570.84,No
CUST-103099,Male,0,No,No,47,Yes,Yes,Fiber optic,Yes,No,Yes,Yes,No,Yes,Month-to-month,Yes,Credit card (automatic),93.79,4412.68,No
CUST-100451,Female,1,No,No,39,Yes,Yes,No,No internet service,No internet service,No internet service,No internet service,No internet service,No internet service,One year,Yes,Credit card (automatic),26.84,1071.47,No
CUST-103389,Female,0,Yes,No,71,Yes,No,Fiber optic,Yes,No,No,No,Yes,Yes,Month-to-month,No,Electronic check,81.81,5780.6,No
CUST-104158,Male,0,Yes,No,10,Yes,No,No,No internet service,No internet service,No internet service,No internet service,No internet service,No internet service,One year,Yes,Mailed check,23.08,216.49,No
CUST-102987,Female,0,Yes,Yes,63,Yes,No,DSL,No,No,Yes,No,Yes,No,Month-to-month,Yes,Bank transfer (automatic),59.87,3776.74,No
CUST-100069,Male,0,No,No,4,Yes,Yes,Fiber optic,No,Yes,No,No,No,Yes,Month-to-month,No,Electronic check,81.26,352.21,No
CUST-102385,Female,0,No,No,11,Yes,No,No,No internet service,No internet service,No internet service,No internet service,No internet service,No internet service,Month-to-month,Yes,Bank transfer (automatic),20.42,245.99,No
CUST-106671,Male,0,No,Yes,40,Yes,No,DSL,No,Yes,No,Yes,No,Yes,Month-to-month,No,Mailed check,62.51,2554.56,No
CUST-104340,Male,1,Yes,No,20,Yes,Yes,Fiber optic,No,No,Yes,Yes,No,Yes,Month-to-month,Yes,Credit card (automatic),89.22,1749.92,No
CUST-100992,Male,1,Yes,Yes,9,Yes,Yes,DSL,No,Yes,No,Yes,No,No,Month-to-month,No,Bank transfer (automatic),60.61,559.47,Yes
CUST-103319,Male,1,No,No,8,Yes,Yes,Fiber optic,No,Yes,No,Yes,Yes,Yes,Two year,Yes,Electronic check,96.1,745.24,No
CUST-103373,Female,0,No,No,6,No,No phone service,Fiber optic,Yes,No,No,No,Yes,No,Month-to-month,Yes,Electronic check,72.17,423.59,Yes
CUST-104144,Male,0,Yes,Yes,46,Yes,No,Fiber optic,Yes,Yes,No,No,No,No,Month-to-month,Yes,Electronic check,72.91,3357.57,No
CUST-103664,Female,1,Yes,Yes,57,Yes,Yes,Fiber optic,No,Yes,No,No,No,No,One year,Yes,Mailed check,75.75,4333.53,Yes
CUST-105513,Female,0,Yes,No,11,Yes,No,Fiber optic,Yes,No,Yes,Yes,No,Yes,Month-to-month,Yes,Mailed check,85.08,906.76,No
CUST-105398,Female,0,Yes,Yes,37,Yes,Yes,DSL,Yes,Yes,Yes,No,No,Yes,Two year,Yes,Credit card (automatic),70.34,2592.91,No
CUST-102166,Male,0,Yes,No,27,Yes,No,Fiber optic,No,Yes,Yes,No,No,No,One year,Yes,Mailed check,74.19,2003.17,Yes
CUST-102941,Female,1,Yes,No,61,Yes,No,Fiber optic,No,No,Yes,No,No,Yes,Month-to-month,Yes,Electronic check,75.05,4578.32,Yes
CUST-102877,Female,1,No,No,46,Yes,Yes,Fiber optic,No,Yes,No,Yes,Yes,No,Month-to-month,Yes,Bank transfer (automatic),84.82,3875.64,No
CUST-106970,Male,0,No,Yes,41,Yes,No,Fiber optic,Yes,No,Yes,Yes,Yes,Yes,Month-to-month,Yes,Credit card (automatic),93.93,3843.94,Yes
CUST-103210,Female,0,Yes,No,11,Yes,No,No,No internet service,No internet service,No internet service,No internet service,No internet service,No internet service,Month-to-month,No,Credit card (automatic),21.0,201.65,No
CUST-100858,Female,0,Yes,Yes,41,Yes,No,No,No internet service,No internet service,No internet service,No internet service,No internet service,No internet service,Month-to-month,Yes,Mailed check,23.7,951.75,No
CUST-106187,Female,1,Yes,Yes,51,Yes,Yes,DSL,No,Yes,Yes,No,No,No,Two year,No,Electronic check,60.08,3100.09,No
CUST-106285,Female,0,No,No,5,Yes,Yes,Fiber optic,No,No,Yes,No,Yes,Yes,Month-to-month,Yes,Electronic check,88.22,442.74,Yes
CUST-104995,Male,0,No,No,67,Yes,Yes,DSL,Yes,No,No,No,No,Yes,Two year,Yes,Mailed check,61.9,4149.08,No
CUST-100296,Female,0,Yes,No,22,Yes,Yes,DSL,No,Yes,No,No,Yes,Yes,Two year,Yes,Electronic check,73.72,1642.22,No
CUST-104063,Female,0,No,Yes,39,Yes,Yes,Fiber optic,No,No,No,No,Yes,Yes,Month-to-month,No,Bank transfer (automatic),84.39,3298.0,No
CUST-104832,Male,0,Yes,No,64,Yes,Yes,Fiber optic,No,No,No,No,No,No,One year,Yes,Mailed check,70.37,4509.82,No
CUST-101358,Male,0,No,No,72,Yes,No,Fiber optic,No,No,Yes,No,No,No,One year,Yes,Bank transfer (automatic),65.95,4737.26,Yes
CUST-105930,Female,0,No,No,58,Yes,No,Fiber optic,No,No,Yes,No,Yes,No,Month-to-month,No,Mailed check,83.34,4844.78,No
CUST-102168,Female,0,Yes,No,14,Yes,No,No,No internet service,No internet service,No internet service,No internet service,No internet service,No internet service,Month-to-month,No,Electronic check,23.09,322.31,No
CUST-101000,Female,0,No,No,37,Yes,No,DSL,Yes,No,Yes,Yes,No,Yes,Two year,Yes,Credit card (automatic),67.75,2510.46,Yes
CUST-103828,Female,0,No,No,36,Yes,No,Fiber optic,No,No,Yes,Yes,Yes,Yes,Two year,No,Electronic check,89.52,3223.15,No
CUST-103748,Female,0,Yes,Yes,9,Yes,No,Fiber optic,Yes,No,Yes,No,Yes,No,Two year,No,Electronic check,85.26,792.55,No
CUST-102006,Male,0,No,No,41,Yes,Yes,No,No internet service,No internet service,No internet service,No internet service,No internet service,No internet service,One year,Yes,Bank transfer (automatic),26.51,1111.74,No
CUST-104074,Male,0,No,No,59,No,No phone service,DSL,No,Yes,No,No,No,No,One year,No,Electronic check,46.95,2759.78,No
CUST-104353,Male,0,Yes,Yes,67,Yes,Yes,Fiber optic,No,No,No,No,No,Yes,Month-to-month,Yes,Mailed check,77.66,5220.17,No
CUST-103260,Male,0,Yes,Yes,50,Yes,Yes,Fiber optic,No,No,No,No,Yes,No,Month-to-month,No,Electronic check,80.32,3991.71,No
CUST-106747,Male,0,Yes,No,28,No,No phone service,Fiber optic,No,No,No,No,Yes,Yes,Month-to-month,Yes,Electronic check,79.8,2230.63,Yes
CUST-105481,Male,0,Yes,No,67,No,No phone service,DSL,No,No,Yes,No,No,Yes,One year,No,Credit card (automatic),50.79,3403.71,No
CUST-105647,Female,0,Yes,No,45,Yes,Yes,DSL,No,No,Yes,No,Yes,Yes,One year,Yes,Mailed check,71.64,3235.03,No
CUST-102543,Male,1,No,No,9,Yes,Yes,No,No internet service,No internet service,No internet service,No internet service,No internet service,No internet service,One year,Yes,Credit card (automatic),31.32,260.67,No
CUST-104309,Female,0,Yes,Yes,31,Yes,No,Fiber optic,No,Yes,No,Yes,No,Yes,Month-to-month,Yes,Electronic check,82.73,2582.0,Yes
CUST-102090,Female,0,No,No,33,Yes,No,DSL,No,Yes,No,Yes,No,No,Month-to-month,Yes,Bank transfer (automatic),56.36,1820.79,Yes
CUST-101604,Male,0,No,No,59,Yes,No,No,No internet service,No internet service,No internet service,No internet service,No internet service,No internet service,One year,Yes,Electronic check,25.64,1489.41,No
CUST-104191,Male,0,Yes,Yes,56,Yes,Yes,No,No internet service,No internet service,No internet service,No internet service,No internet service,No internet service,Two year,No,Bank transfer (automatic),31.22,1756.46,No
CUST-103217,Male,1,Yes,No,38,Yes,Yes,Fiber optic,No,Yes,Yes,Yes,No,No,Month-to-month,Yes,Credit card (automatic),86.27,3274.62,No
CUST-101255,Male,0,No,No,35,Yes,Yes,DSL,No,Yes,No,No,Yes,Yes,Month-to-month,No,Bank transfer (automatic),74.35,2624.26,No
CUST-102154,Female,0,Yes,Yes,72,Yes,No,No,No internet service,No internet service,No internet service,No internet service,No internet service,No internet service,One year,No,Mailed check,25.89,1854.18,No
CUST-101287,Male,0,Yes,Yes,42,Yes,No,Fiber optic,No,No,No,No,No,Yes,One year,Yes,Electronic check,76.56,3213.5,No
CUST-103356,Male,0,No,No,14,Yes,Yes,No,No internet service,No internet service,No internet service,No internet service,No internet service,No internet service,Month-to-month,No,Mailed check,32.46,462.59,No
CUST-102872,Female,1,Yes,Yes,24,Yes,No,DSL,Yes,No,No,No,Yes,Yes,One year,No,Bank transfer (automatic),64.2,1550.5,No
CUST-104558,Female,0,No,Yes,52,Yes,No,Fiber optic,Yes,Yes,No,Yes,No,Yes,Month-to-month,Yes,Credit card (automatic),87.17,4519.12,Yes
CUST-102320,Male,0,Yes,No,52,Yes,No,DSL,No,Yes,No,Yes,No,No,Two year,No,Bank transfer (automatic),53.19,2813.26,Yes
CUST-102301,Male,0,No,No,47,Yes,No,Fiber optic,No,No,No,Yes,Yes,Yes,One year,Yes,Bank transfer (automatic),85.06,4000.35,Yes
CUST-105749,Male,0,No,No,31,Yes,No,No,No internet service,No internet service,No internet service,No internet service,No internet service,No internet service,Two year,Yes,Electronic check,23.55,764.63,No
CUST-102183,Female,0,Yes,Yes,38,Yes,No,No,No internet service,No internet service,No internet service,No internet service,No internet service,No internet service,Month-to-month,Yes,Credit card (automatic),22.52,848.05,No
CUST-103025,Female,1,Yes,No,21,Yes,No,Fiber optic,No,No,Yes,Yes,No,Yes,Month-to-month,Yes,Bank transfer (automatic),90.21,1885.02,No
CUST-101022,Female,0,No,No,25,No,No phone service,Fiber optic,No,No,No,No,No,No,Month-to-month,No,Bank transfer (automatic),57.42,1414.4,No
CUST-106832,Male,0,Yes,No,3,Yes,No,Fiber optic,No,Yes,No,No,Yes,No,One year,No,Mailed check,75.66,216.53,No
CUST-103351,Female,0,No,No,34,Yes,No,DSL,No,Yes,Yes,No,Yes,Yes,Month-to-month,Yes,Mailed check,67.83,2303.6,No
CUST-102665,Female,0,No,Yes,31,Yes,No,Fiber optic,No,No,No,Yes,Yes,Yes,Month-to-month,Yes,Electronic check,83.93,2603.82,Yes
CUST-101812,Female,0,Yes,No,35,Yes,Yes,Fiber optic,No,No,No,No,Yes,Yes,Two year,Yes,Electronic check,89.71,3137.79,Yes
CUST-106515,Male,0,Yes,No,15,Yes,No,DSL,Yes,Yes,Yes,No,No,Yes,One year,No,Credit card (automatic),62.44,929.94,No
CUST-106075,Male,0,Yes,No,69,Yes,Yes,Fiber optic,No,Yes,No,No,Yes,No,Month-to-month,Yes,Electronic check,84.25,5818.7,No
CUST-106451,Female,1,No,No,1,No,No phone service,No,No internet service,No internet service,No internet service,No internet service,No internet service,No internet service,Month-to-month,No,Electronic check,22.52,52.94,Yes
CUST-105098,Female,0,No,No,21,Yes,Yes,Fiber optic,No,No,No,Yes,No,No,Month-to-month,Yes,Credit card (automatic),69.24,1459.95,No
CUST-104060,Male,1,No,No,3,Yes,No,Fiber optic,No,Yes,Yes,No,No,No,One year,Yes,Electronic check,73.39,218.38,No
CUST-104207,Female,0,Yes,No,20,Yes,No,DSL,No,Yes,Yes,Yes,Yes,No,Month-to-month,Yes,Mailed check,72.27,1485.05,No
CUST-104679,Male,0,Yes,No,12,Yes,No,Fiber optic,No,Yes,Yes,No,No,Yes,Two year,Yes,Bank transfer (automatic),88.79,1093.64,No
CUST-104091,male ,1,No,No,65,Yes,Yes,Fiber optic,Yes,Yes,No,Yes,Yes,Yes,One year,Yes,Credit card (automatic),102.97,6668.44,No
CUST-103997,Female,0,Yes,Yes,51,Yes,Yes,DSL,No,No,Yes,Yes,Yes,Yes,One year,No,Bank transfer (automatic),80.07,4044.43,No
CUST-100836,Female,0,Yes,Yes,40,Yes,Yes,DSL,No,No,Yes,No,Yes,Yes,One year,Yes,Bank transfer (automatic),74.03,2975.67,No
CUST-101770,Male,1,No,No,7,Yes,Yes,No,No internet service,No internet service,No internet service,No internet service,No internet service,No internet service,Month-to-month,No,Electronic check,29.02,207.79,Yes
CUST-105321,Female,0,Yes,No,29,Yes,Yes,Fiber optic,No,Yes,Yes,No,Yes,Yes,One year,Yes,Credit card (automatic),94.91,2747.91,No
CUST-104902,Female,0,Yes,No,23,Yes,Yes,Fiber optic,No,No,No,No,Yes,No,Month-to-month,Yes,Electronic check,77.31,1774.71,Yes
CUST-103019,Female,0,No,No,38,Yes,No,Fiber optic,No,Yes,Yes,No,Yes,No,One year,Yes,Bank transfer (automatic),85.28,3226.61,No
CUST-101379,Female,0,No,No,19,Yes,Yes,No,No internet service,No internet service,No internet service,No internet service,No internet service,No internet service,Two year,Yes,Bank transfer (automatic),35.48,694.51,No
CUST-100545,Male,0,No,No,45,Yes,No,No,No internet service,No internet service,No internet service,No internet service,No internet service,No internet service,Month-to-month,Yes,Credit card (automatic),26.65,1201.55,No
CUST-100515,Male,0,No,No,30,Yes,Yes,DSL,Yes,Yes,Yes,No,No,No,Month-to-month,Yes,Electronic check,74.73,2245.72,No
CUST-102409,Male,0,Yes,Yes,40,Yes,Yes,Fiber optic,No,No,Yes,Yes,No,No,Two year,Yes,Credit card (automatic),78.01,3114.84,No
CUST-103209,Male,0,Yes,No,11,No,No phone service,Fiber optic,Yes,No,Yes,No,No,No,Two year,No,Bank transfer (automatic),67.91,751.51,No
CUST-102733,Male,0,No,No,35,Yes,Yes,DSL,Yes,No,Yes,No,Yes,Yes,Month-to-month,No,Bank transfer (automatic),73.95,2595.96,Yes
CUST-104977,Male,0,No,Yes,16,No,No phone service,DSL,No,No,No,No,No,Yes,Month-to-month,Yes,Bank transfer (automatic),50.75,803.79,Yes
CUST-100429,Female,1,Yes,No,11,Yes,No,DSL,Yes,No,No,Yes,Yes,No,Two year,Yes,Electronic check,61.39,680.04,No
CUST-104281,Female,0,No,No,29,Yes,No,Fiber optic,No,No,No,No,No,Yes,One year,Yes,Electronic check,70.54,2052.48,No
CUST-101285,Male,1,Yes,Yes,4,Yes,Yes,No,No internet service,No internet service,No internet service,No internet service,No internet service,No internet service,Month-to-month,No,Credit card (automatic),23.34,116.73,No
CUST-104174,Male,0,No,No,46,Yes,No,No,No internet service,No internet service,No internet service,No internet service,No internet service,No internet service,Month-to-month,Yes,Mailed check,19.59,920.37,No
CUST-106351,Male,0,No,No,51,Yes,No,Fiber optic,Yes,No,No,No,Yes,Yes,Two year,Yes,Mailed check,83.27,4278.65,No
CUST-101979,Female,1,Yes,Yes,18,Yes,No,Fiber optic,Yes,Yes,Yes,No,No,No,Month-to-month,No,Bank transfer (automatic),80.82,1454.83,Yes
CUST-106344,Male,0,No,No,24,Yes,No,Fiber optic,Yes,No,Yes,No,Yes,Yes,Month-to-month,No,Credit card (automatic),92.05,2162.87,No
CUST-105138,Male,0,Yes,Yes,4,Yes,Yes,DSL,No,Yes,No,Yes,Yes,No,Month-to-month,Yes,Mailed check,71.01,295.27,Yes
CUST-100268,Female,0,No,No,5,Yes,No,Fiber optic,No,Yes,No,No,No,Yes,One year,No,Bank transfer (automatic),75.36,365.71,No
CUST-106499,Male,0,No,No,24,No,No phone service,Fiber optic,Yes,No,No,Yes,Yes,Yes,One year,Yes,Credit card (automatic),88.35,2138.21,No
CUST-100017,Male,0,No,No,61,Yes,No,Fiber optic,No,No,No,No,Yes,No,One year,Yes,Bank transfer (automatic),70.65,4291.15,No
CUST-102621,Male,0,No,No,18,No,No phone service,Fiber optic,Yes,No,No,Yes,No,No,One year,Yes,Bank transfer (automatic),70.71,1252.03,No
CUST-101151,Female,0,No,No,18,Yes,No,Fiber optic,No,Yes,No,Yes,No,No,Two year,Yes,Mailed check,71.2,1290.84,No
CUST-103002,Female,0,No,No,29,Yes,No,Fiber optic,No,Yes,No,Yes,No,Yes,Month-to-month,Yes,Electronic check,83.01,2397.79,Yes
CUST-100778,Male,0,Yes,Yes,6,Yes,No,Fiber optic,No,Yes,No,No,No,No,Month-to-month,Yes,Bank transfer (automatic),66.52,409.96,No
CUST-101404,Male,0,Yes,Yes,28,Yes,No,Fiber optic,No,No,No,Yes,Yes,No,Month-to-month,No,Credit card (automatic),81.27,2285.51,No
CUST-105165,Male,0,No,No,10,Yes,Yes,Fiber optic,No,Yes,No,No,Yes,No,Month-to-month,No,Bank transfer (automatic),81.23,795.54,Yes
CUST-100252,Male,0,No,No,71,Yes,Yes,No,No internet service,No internet service,No internet service,No internet service,No internet service,No internet service,One year,No,Bank transfer (automatic),28.0,1980.02,No
CUST-100643,Male,0,Yes,Yes,1,No,No phone service,Fiber optic,No,Yes,No,No,No,No,Month-to-month,Yes,Bank transfer (automatic),65.13,74.33,Yes
CUST-101504,Female,0,Yes,No,11,Yes,No,DSL,Yes,Yes,No,Yes,No,Yes,Month-to-month,Yes,Bank transfer (automatic),65.24,698.68,No
CUST-105314,Male,1,Yes,No,36,Yes,No,DSL,No,No,No,Yes,Yes,Yes,Two year,Yes,Electronic check,65.02,2351.18,No
CUST-104300,Male,0,Yes,No,17,Yes,Yes,No,No internet service,No internet service,No internet service,No internet service,No internet service,No internet service,Two year,Yes,Mailed check,31.31,496.2,No
CUST-106751,Male,1,No,No,18,Yes,Yes,Fiber optic,No,No,No,No,No,No,Month-to-month,Yes,Bank transfer (automatic),67.51,1206.25,No
CUST-104856,Female,0,Yes,No,24,Yes,Yes,Fiber optic,No,No,Yes,No,Yes,Yes,Two year,Yes,Electronic check,94.6,2293.08,No
CUST-103328,Male,0,Yes,Yes,66,Yes,No,DSL,No,Yes,No,Yes,No,Yes,Month-to-month,No,Credit card (automatic),63.45,4188.92,No
CUST-102270,Male,0,No,No,36,Yes,Yes,Fiber optic,No,Yes,Yes,Yes,Yes,No,Month-to-month,Yes,Mailed check,84.72,3036.85,Yes
CUST-104202,Male,0,No,No,44,Yes,No,No,No internet service,No internet service,No internet service,No internet service,No internet service,No internet service,Month-to-month,No,Electronic check,20.17,895.48,No
CUST-101202,Female,0,Yes,No,16,Yes,Yes,Fiber optic,Yes,Yes,Yes,No,No,Yes,One year,Yes,Mailed check,93.6,1509.4,Yes
CUST-103535,Male,0,No,No,18,Yes,Yes,DSL,Yes,Yes,Yes,No,No,No,One year,No,Mailed check,66.78,1219.28,No
CUST-102160,Female,0,No,No,13,Yes,Yes,Fiber optic,No,No,No,Yes,Yes,No,Month-to-month,Yes,Credit card (automatic),79.81,1046.02,No
CUST-103866,Female,0,No,No,38,No,No phone service,No,No internet service,No internet service,No internet service,No internet service,No internet service,No internet service,Month-to-month,Yes,Bank transfer (automatic),18.0,713.22,No
CUST-106007,Female,0,Yes,Yes,20,Yes,No,No,No internet service,No internet service,No internet service,No internet service,No internet service,No internet service,One year,Yes,Credit card (automatic),23.04,454.44,No
CUST-101511,Male,0,Yes,No,16,No,No phone service,Fiber optic,No,No,Yes,No,No,Yes,Month-to-month,Yes,Credit card (automatic),74.39,1215.55,No
CUST-103058,Male,1,No,No,35,Yes,No,Fiber optic,Yes,Yes,Yes,Yes,Yes,No,One year,No,Credit card (automatic),90.87,3176.18,No
CUST-104168,Female,0,Yes,Yes,64,Yes,No,No,No internet service,No internet service,No internet service,No internet service,No internet service,No internet service,Month-to-month,No,Electronic check,19.99,1289.31,No
CUST-102341,Male,0,Yes,No,48,Yes,Yes,DSL,Yes,No,Yes,No,Yes,Yes,Two year,Yes,Credit card (automatic),72.15,3452.85,No
CUST-104863,Female,0,No,No,33,Yes,No,DSL,Yes,No,No,Yes,No,No,Month-to-month,No,Bank transfer (automatic),57.62,1891.56,No
CUST-100076,Male,0,No,No,44,Yes,No,Fiber optic,No,No,Yes,No,No,Yes,Month-to-month,Yes,Mailed check,74.89,3267.46,No
CUST-104579,Male,1,Yes,No,53,No,No phone service,Fiber optic,No,No,No,No,Yes,No,Month-to-month,Yes,Electronic check,73.89,3929.4,Yes
CUST-105555,Female,1,No,No,39,Yes,No,No,No internet service,No internet service,No internet service,No internet service,No internet service,No internet service,Month-to-month,Yes,Mailed check,20.74,813.35,No
CUST-100902,Male,0,Yes,Yes,10,Yes,Yes,Fiber optic,No,No,No,No,No,No,Month-to-month,Yes,Electronic check,70.53,698.26,Yes
CUST-104915,Male,0,Yes,No,65,Yes,Yes,Fiber optic,Yes,Yes,No,No,No,Yes,Month-to-month,No,Mailed check,93.25,6035.49,Yes
CUST-103365,Female,0,Yes,Yes,10,Yes,Yes,Fiber optic,Yes,No,No,No,Yes,Yes,One year,Yes,Electronic check,96.16,1015.6,Yes
CUST-102740,Male,0,Yes,No,7,Yes,No,DSL,No,Yes,Yes,No,No,No,One year,No,Mailed check,58.96,430.81,No
CUST-104197,Male,0,No,No,48,Yes,No,DSL,No,No,No,No,Yes,Yes,One year,No,Electronic check,61.42,2960.22,No
CUST-103092,Female,0,No,No,58,No,No phone service,DSL,No,No,Yes,Yes,No,No,Month-to-month,No,Electronic check,50.25,2909.21,Yes
CUST-106354,Female,0,No,No,62,Yes,No,No,No internet service,No internet service,No internet service,No internet service,No internet service,No internet service,One year,Yes,Mailed check,27.54,1680.5,No
CUST-104757,Male,0,Yes,Yes,8,Yes,No,No,No internet service,No internet service,No internet service,No internet service,No internet service,No internet service,Month-to-month,Yes,Bank transfer (automatic),23.36,215.32,No
CUST-101389,Female,1,Yes,No,59,Yes,No,Fiber optic,No,No,Yes,No,Yes,Yes,Month-to-month,Yes,Bank transfer (automatic),85.4,5070.17,No
CUST-103499,Male,0,Yes,Yes,69,Yes,No,DSL,No,Yes,Yes,Yes,No,Yes,Two year,Yes,Electronic check,66.65,4580.93,No
CUST-101079,Female,0,No,No,62,Yes,No,Fiber optic,No,No,No,Yes,No,No,Month-to-month,No,Electronic check,66.84,4167.26,No
CUST-103178,Male,0,No,No,35,Yes,No,Fiber optic,No,No,Yes,Yes,Yes,No,One year,Yes,Bank transfer (automatic),80.26,2775.69,Yes
CUST-100847,Male,1,Yes,No,23,Yes,No,Fiber optic,Yes,Yes,No,Yes,No,No,Month-to-month,No,Credit card (automatic),75.08,1719.65,No
CUST-104251,Male,0,Yes,Yes,27,Yes,No,Fiber optic,Yes,No,Yes,Yes,No,Yes,Two year,No,Bank transfer (automatic),88.0,2393.26,Yes
CUST-104193,Male,0,Yes,No,65,Yes,Yes,Fiber optic,No,Yes,Yes,No,No,Yes,Month-to-month,No,Electronic check,90.35,5881.88,No
CUST-106203,Male,0,No,No,70,Yes,No,Fiber optic,Yes,Yes,No,No,Yes,No,Month-to-month,Yes,Bank transfer (automatic),80.24,5601.26,No
CUST-106098,Female,0,No,No,20,Yes,Yes,No,No internet service,No internet service,No internet service,No internet service,No internet service,No internet service,Month-to-month,Yes,Electronic check,34.66,740.13,No
CUST-101605,Female,0,No,No,8,Yes,Yes,DSL,Yes,No,No,Yes,No,Yes,Month-to-month,Yes,Electronic check,67.0,559.23,No
CUST-104292,Male,0,No,No,58,Yes,No,DSL,Yes,No,No,No,Yes,Yes,Month-to-month,No,Bank transfer (automatic),74.7,4290.4,No
CUST-106120,Male,0,No,Yes,39,Yes,Yes,No,No internet service,No internet service,No internet service,No internet service,No internet service,No internet service,Month-to-month,Yes,Electronic check,30.89,1162.1,No
CUST-103513,Male,0,No,No,55,No,No phone service,No,No internet service,No internet service,No internet service,No internet service,No internet service,No internet service,Month-to-month,Yes,Credit card (automatic),18.0,1015.13,No
CUST-104116,Male,0,Yes,Yes,67,Yes,No,Fiber optic,Yes,Yes,Yes,No,Yes,No,Month-to-month,Yes,Mailed check,93.31,6240.48,Yes
CUST-100442,Male,0,Yes,Yes,39,Yes,Yes,No,No internet service,No internet service,No internet service,No internet service,No internet service,No internet service,Two year,No,Electronic check,26.95,1052.0,No
CUST-105901,Male,0,Yes,No,20,Yes,Yes,No,No internet service,No internet service,No internet service,No internet service,No internet service,No internet service,Month-to-month,No,Electronic check,31.43,619.44,No
CUST-102983,Female,0,Yes,Yes,13,Yes,No,No,No internet service,No internet service,No internet service,No internet service,No internet service,No internet service,Month-to-month,No,Mailed check,21.11,271.38,No
CUST-106452,Female,0,No,No,51,Yes,Yes,No,No internet service,No internet service,No internet service,No internet service,No internet service,No internet service,Two year,No,Credit card (automatic),26.19,1286.67,No
CUST-102671,Female,0,Yes,No,68,Yes,Yes,No,No internet service,No internet service,No internet service,No internet service,No internet service,No internet service,One year,Yes,Electronic check,25.06,1681.15,No
CUST-106679,female ,0,Yes,No,70,Yes,Yes,DSL,No,No,Yes,No,No,Yes,Month-to-month,No,Mailed check,56.9,3957.92,No
CUST-106930,Male,0,Yes,Yes,8,Yes,No,DSL,No,No,No,No,No,Yes,Two year,Yes,Electronic check,52.36,389.2,No
CUST-105130,Male,0,No,No,57,Yes,Yes,No,No internet service,No internet service,No internet service,No internet service,No internet service,No internet service,Month-to-month,No,Electronic check,21.37,1222.66,No
CUST-106682,Female,0,No,No,4,Yes,Yes,DSL,Yes,Yes,No,Yes,No,No,One year,Yes,Mailed check,64.1,303.6,No
CUST-100907,Male,0,Yes,Yes,14,No,No phone service,DSL,No,No,Yes,Yes,No,Yes,Two year,No,Electronic check,68.59,964.4,No
CUST-106029,Male,0,Yes,Yes,29,Yes,No,Fiber optic,Yes,No,No,No,Yes,Yes,Month-to-month,Yes,Credit card (automatic),81.78,2353.68,Yes
CUST-106348,Male,0,Yes,Yes,2,Yes,No,DSL,Yes,Yes,Yes,Yes,Yes,Yes,Month-to-month,No,Mailed check,85.56,164.27,No
CUST-104975,Female,0,No,No,16,Yes,Yes,DSL,Yes,No,Yes,No,Yes,Yes,Month-to-month,Yes,Electronic check,76.14,1222.56,No
CUST-100234,Male,0,Yes,No,22,Yes,Yes,No,No internet service,No internet service,No internet service,No internet service,No internet service,No internet service,Month-to-month,Yes,Credit card (automatic),27.45,609.98,No
CUST-105877,Male,0,Yes,Yes,24,Yes,No,Fiber optic,No,Yes,No,Yes,Yes,Yes,One year,Yes,Electronic check,92.15,2203.28,No
CUST-103523,Male,0,Yes,No,56,Yes,No,Fiber optic,No,Yes,Yes,No,No,Yes,Month-to-month,No,Electronic check,77.1,4333.87,No
CUST-102228,Male,1,Yes,Yes,7,Yes,No,No,No internet service,No internet service,No internet service,No internet service,No internet service,No internet service,Two year,Yes,Electronic check,22.9,219.37,No
CUST-105038,Female,0,No,No,41,Yes,No,DSL,Yes,Yes,Yes,No,No,Yes,Month-to-month,No,Mailed check,70.14,2858.72,No
CUST-104994,Female,0,Yes,No,71,Yes,Yes,Fiber optic,Yes,Yes,Yes,No,Yes,Yes,Month-to-month,Yes,Bank transfer (automatic),105.93,7505.88,No
CUST-103817,Female,1,No,No,63,Yes,No,Fiber optic,No,No,Yes,No,No,No,Month-to-month,No,Credit card (automatic),73.53,4620.89,No
CUST-102326,Male,0,No,No,53,Yes,No,DSL,No,No,No,No,Yes,Yes,Month-to-month,Yes,Credit card (automatic),59.3,3167.03,No
CUST-104278,Female,0,No,Yes,49,Yes,No,No,No internet service,No internet service,No internet service,No internet service,No internet service,No internet service,Month-to-month,No,Mailed check,29.44,1470.08,No
CUST-106772,Female,0,Yes,Yes,31,Yes,No,DSL,Yes,No,No,Yes,Yes,No,Month-to-month,No,Electronic check,57.99,1776.36,No
CUST-103279,Female,0,No,No,28,Yes,No,DSL,Yes,Yes,No,No,Yes,Yes,Month-to-month,Yes,Mailed check,73.33,2047.21,No
CUST-102473,Male,1,No,No,56,Yes,No,No,No internet service,No internet service,No internet service,No internet service,No internet service,No internet service,Month-to-month,No,Mailed check,20.33,1118.92,Yes
CUST-102074,Female,0,No,No,32,Yes,Yes,Fiber optic,Yes,No,Yes,No,No,No,One year,Yes,Electronic check,83.6,2664.55,No
CUST-106485,Female,1,No,Yes,41,Yes,No,DSL,Yes,Yes,No,Yes,Yes,No,One year,Yes,Mailed check,68.27,2770.35,No
CUST-106536,Male,1,No,Yes,56,Yes,Yes,Fiber optic,No,Yes,Yes,Yes,Yes,Yes,Month-to-month,Yes,Electronic check,102.75,5774.51,No
CUST-103859,Male,0,Yes,Yes,8,Yes,Yes,Fiber optic,No,Yes,No,No,Yes,No,Month-to-month,No,Mailed check,86.64,711.45,No
CUST-103784,Female,1,No,No,49,Yes,No,DSL,Yes,No,No,No,No,Yes,Two year,No,Mailed check,61.19,3024.87,No
CUST-104609,Male,0,No,No,13,No,No phone service,Fiber optic,Yes,No,No,No,Yes,No,Month-to-month,Yes,Credit card (automatic),73.21,917.68,Yes
CUST-103911,Female,0,Yes,No,37,Yes,No,No,No internet service,No internet service,No internet service,No internet service,No internet service,No internet service,Month-to-month,No,Electronic check,18.23,656.24,No
CUST-103511,Female,1,Yes,No,68,Yes,Yes,DSL,Yes,No,No,Yes,No,No,One year,Yes,Electronic check,63.9,4329.25,No
CUST-103476,Female,0,Yes,Yes,35,Yes,No,DSL,No,No,Yes,No,Yes,Yes,Month-to-month,No,Mailed check,64.01,2262.91,No
CUST-104395,Female,0,No,No,56,Yes,Yes,DSL,No,No,No,Yes,No,No,Two year,No,Electronic check,51.71,2873.22,No
CUST-102973,Female,0,Yes,No,67,Yes,No,Fiber optic,Yes,Yes,Yes,No,No,Yes,Month-to-month,Yes,Bank transfer (automatic),85.72,5741.31,No
CUST-105765,Female,0,Yes,Yes,10,Yes,No,DSL,No,Yes,No,Yes,Yes,No,Two year,Yes,Electronic check,65.66,638.77,No
CUST-101635,Female,0,No,No,9,Yes,No,No,No internet service,No internet service,No internet service,No internet service,No internet service,No internet service,Month-to-month,Yes,Electronic check,27.55,251.88,No
CUST-102061,Female,0,Yes,No,42,Yes,No,DSL,Yes,No,Yes,Yes,No,Yes,Two year,No,Bank transfer (automatic),66.09,2765.31,No
CUST-104636,Female,0,Yes,No,67,Yes,No,DSL,No,No,No,Yes,Yes,Yes,Month-to-month,No,Bank transfer (automatic),64.43,4290.43,No
CUST-100057,Male,1,Yes,No,12,No,No phone service,DSL,No,Yes,Yes,No,Yes,Yes,Month-to-month,Yes,Mailed check,63.91,739.31,Yes
CUST-106761,Male,1,Yes,No,53,No,No phone service,DSL,No,No,No,Yes,No,Yes,Month-to-month,No,Bank transfer (automatic),45.57,2393.33,No
CUST-102192,Male,0,No,No,27,Yes,Yes,Fiber optic,Yes,Yes,Yes,Yes,Yes,No,Month-to-month,Yes,Credit card (automatic),99.42,2673.35,Yes
CUST-101472,Male,0,No,No,58,Yes,No,Fiber optic,No,No,No,No,Yes,No,Month-to-month,Yes,Bank transfer (automatic),72.85,4209.29,No
CUST-106547,Female,0,No,No,58,Yes,Yes,DSL,No,No,No,No,Yes,No,One year,Yes,Mailed check,61.42,3562.97,No
CUST-101203,Female,0,No,No,9,Yes,No,Fiber optic,No,No,Yes,No,No,Yes,Month-to-month,No,Electronic check,78.65,722.02,Yes
CUST-105077,Male,0,Yes,No,21,Yes,No,Fiber optic,No,No,No,No,Yes,No,Month-to-month,Yes,Electronic check,68.72,1445.17,Yes
CUST-105934,Female,0,Yes,No,51,Yes,Yes,Fiber optic,Yes,Yes,Yes,No,Yes,Yes,Two year,Yes,Mailed check,95.31,4883.93,No
CUST-105772,Male,1,Yes,No,25,Yes,No,No,No internet service,No internet service,No internet service,No internet service,No internet service,No internet service,Month-to-month,Yes,Credit card (automatic),18.27,463.99,No
CUST-103314,Male,0,No,No,38,Yes,Yes,No,No internet service,No internet service,No internet service,No internet service,No internet service,No internet service,One year,No,Electronic check,27.6,1037.93,No
CUST-102786,Male,0,No,No,31,Yes,No,No,No internet service,No internet service,No internet service,No internet service,No internet service,No internet service,One year,No,Credit card (automatic),26.7,838.2,No
CUST-104692,Female,0,Yes,Yes,20,Yes,No,DSL,No,No,Yes,No,No,Yes,Month-to-month,No,Credit card (automatic),56.8,1129.31,No
CUST-101474,Female,0,Yes,No,54,Yes,No,DSL,No,No,No,No,Yes,No,Two year,No,Electronic check,54.98,2969.4,No
CUST-101568,Female,0,Yes,No,26,Yes,No,Fiber optic,No,No,No,No,Yes,Yes,Month-to-month,No,Bank transfer (automatic),76.62,1984.72,No
CUST-103075,Female,0,No,No,16,Yes,Yes,DSL,No,Yes,No,Yes,Yes,Yes,Month-to-month,No,Electronic check,76.27,1190.05,No
CUST-100465,Female,0,Yes,No,0,Yes,No,DSL,No,Yes,No,No,Yes,No,Month-to-month,No,Credit card (automatic),63.57,63.57,Yes
CUST-103071,Male,0,Yes,Yes,44,Yes,No,DSL,Yes,Yes,No,No,No,No,One year,No,Bank transfer (automatic),54.54,2416.81,No
CUST-101589,Male,0,No,No,7,Yes,Yes,DSL,Yes,Yes,Yes,No,No,Yes,One year,No,Mailed check,72.8,485.83,No
CUST-103602,Male,0,No,No,72,Yes,Yes,No,No internet service,No internet service,No internet service,No internet service,No internet service,No internet service,Month-to-month,Yes,Bank transfer (automatic),29.31,2107.41,No
CUST-101008,Female,0,No,No,34,Yes,No,No,No internet service,No internet service,No internet service,No internet service,No internet service,No internet service,Month-to-month,Yes,Credit card (automatic),21.09,705.54,No
CUST-105393,Female,0,No,No,14,Yes,No,Fiber optic,No,No,Yes,No,Yes,No,Month-to-month,No,Electronic check,73.56,1056.48,Yes
CUST-101579,Female,0,Yes,Yes,65,No,No phone service,No,No internet service,No internet service,No internet service,No internet service,No internet service,No internet service,Month-to-month,Yes,Bank transfer (automatic),19.02,1245.82,No
CUST-101304,Female,0,No,No,66,No,No phone service,No,No internet service,No internet service,No internet service,No internet service,No internet service,No internet service,Month-to-month,No,Mailed check,18.0,1160.69,No
CUST-105539,Female,0,Yes,Yes,68,Yes,No,DSL,Yes,No,No,No,No,No,Two year,Yes,Credit card (automatic),49.79,3381.09,No
CUST-106159,Male,0,Yes,No,45,No,No phone service,Fiber optic,No,No,No,Yes,No,Yes,Month-to-month,Yes,Electronic check,70.03,3169.01,Yes
CUST-100346,Female,0,No,No,28,Yes,Yes,DSL,No,No,No,No,No,No,Two year,Yes,Bank transfer (automatic),55.0,1515.33,No
CUST-100502,Female,1,No,No,25,Yes,No,DSL,No,Yes,Yes,Yes,Yes,No,Month-to-month,Yes,Electronic check,64.62,1597.94,No
CUST-101232,Female,0,No,No,63,Yes,Yes,DSL,Yes,Yes,Yes,No,Yes,Yes,Two year,Yes,Credit card (automatic),82.05,5151.26,No
CUST-101643,Female,1,Yes,No,9,Yes,No,DSL,No,No,No,Yes,No,No,One year,No,Credit card (automatic),46.62,402.64,No
CUST-102990,Male,0,Yes,Yes,48,No,No phone service,DSL,Yes,Yes,No,No,No,No,Two year,No,Mailed check,45.22,2186.74,No
CUST-100833,Male,0,Yes,No,22,Yes,Yes,DSL,Yes,No,Yes,No,No,No,Two year,No,Mailed check,62.6,1402.29,No
CUST-101038,Male,0,No,No,69,Yes,Yes,Fiber optic,No,No,No,No,No,Yes,One year,No,Mailed check,72.33,4959.48,No
CUST-102140,Female,0,No,No,54,Yes,Yes,Fiber optic,No,Yes,Yes,No,No,No,Month-to-month,Yes,Mailed check,82.37,4458.93,No
CUST-106180,Male,0,Yes,No,45,Yes,No,DSL,No,No,Yes,Yes,Yes,No,Month-to-month,No,Electronic check,64.66,2894.54,Yes
CUST-101362,Male,0,No,No,59,Yes,Yes,Fiber optic,Yes,No,No,Yes,Yes,Yes,Two year,Yes,Electronic check,98.4,5796.95,No
CUST-101164,Female,0,No,No,59,Yes,Yes,Fiber optic,No,Yes,Yes,No,No,Yes,Two year,Yes,Mailed check,86.98,5156.33,No
CUST-104024,Male,0,No,No,7,Yes,No,Fiber optic,Yes,Yes,No,Yes,Yes,No,One year,No,Mailed check,88.61,651.88,No
CUST-101764,Female,0,No,No,23,No,No phone service,No,No internet service,No internet service,No internet service,No internet service,No internet service,No internet service,Month-to-month,No,Bank transfer (automatic),21.08,460.83,No
CUST-105790,Female,0,Yes,Yes,47,No,No phone service,Fiber optic,No,No,No,No,Yes,No,Month-to-month,Yes,Mailed check,73.34,3424.75,No
CUST-105322,Female,0,No,No,12,Yes,Yes,DSL,No,Yes,Yes,No,No,Yes,Two year,No,Credit card (automatic),64.61,744.89,No
CUST-101425,Female,0,Yes,Yes,39,Yes,No,Fiber optic,No,No,No,No,No,Yes,Month-to-month,Yes,Mailed check,73.57,2873.3,No
CUST-100542,Male,0,No,No,41,Yes,Yes,Fiber optic,No,Yes,No,Yes,No,No,One year,Yes,Bank transfer (automatic),79.55,3267.45,No
CUST-101491,Male,1,Yes,Yes,69,Yes,No,DSL,No,No,No,Yes,Yes,Yes,Month-to-month,Yes,Credit card (automatic),66.58,4580.37,No
CUST-100488,Female,1,Yes,No,5,Yes,No,Fiber optic,No,Yes,Yes,Yes,Yes,Yes,Month-to-month,No,Credit card (automatic),95.28,468.54,Yes
CUST-106637,Male,0,Yes,No,2,Yes,No,No,No internet service,No internet service,No internet service,No internet service,No internet service,No internet service,Month-to-month,Yes,Mailed check,24.96,34.91,Yes
CUST-101666,Female,0,Yes,No,36,Yes,No,DSL,No,No,Yes,Yes,Yes,No,Month-to-month,Yes,Credit card (automatic),53.72,1920.6,No
CUST-101945,Male,0,Yes,No,70,Yes,Yes,Fiber optic,Yes,Yes,No,No,Yes,No,Month-to-month,Yes,Credit card (automatic),85.49,5991.82,No
CUST-106594,Female,1,No,No,55,Yes,No,No,No internet service,No internet service,No internet service,No internet service,No internet service,No internet service,Month-to-month,No,Electronic check,21.91,1222.58,No
CUST-103050,Female,1,Yes,Yes,21,Yes,Yes,DSL,Yes,Yes,Yes,No,Yes,No,One year,Yes,Electronic check,73.71,1586.39,No
CUST-105629,Male,0,Yes,Yes,15,Yes,Yes,Fiber optic,Yes,No,No,No,No,Yes,One year,Yes,Mailed check,85.59,1268.85,Yes
CUST-102351,Female,1,No,Yes,22,Yes,Yes,DSL,Yes,No,Yes,No,No,No,Two year,Yes,Electronic check,63.95,1402.49,No
CUST-103782,Male,0,No,No,31,Yes,Yes,DSL,No,No,Yes,Yes,Yes,No,Two year,Yes,Electronic check,70.34,2162.16,No
CUST-100565,Male,0,Yes,No,33,Yes,Yes,Fiber optic,Yes,Yes,Yes,No,Yes,No,Month-to-month,Yes,Credit card (automatic),95.97,3131.74,Yes
CUST-100263,Female,0,No,No,4,Yes,No,No,No internet service,No internet service,No internet service,No internet service,No internet service,No internet service,Month-to-month,No,Electronic check,24.31,75.09,No
CUST-104516,Male,0,Yes,Yes,36,Yes,Yes,DSL,Yes,No,Yes,Yes,Yes,Yes,Month-to-month,Yes,Mailed check,79.67,2871.19,Yes
CUST-101324,Female,0,No,No,23,Yes,Yes,Fiber optic,No,Yes,Yes,No,Yes,Yes,Month-to-month,No,Electronic check,95.79,2209.57,No
CUST-100381,Female,1,No,No,20,Yes,Yes,No,No internet service,No internet service,No internet service,No internet service,No internet service,No internet service,Month-to-month,Yes,Credit card (automatic),28.58,544.69,No
CUST-105465,Female,0,No,No,56,No,No phone service,Fiber optic,No,No,No,No,Yes,No,One year,No,Mailed check,66.74,3712.23,No
CUST-100613,Male,0,Yes,Yes,69,Yes,Yes,DSL,No,No,No,No,No,No,One year,Yes,Credit card (automatic),49.61,3402.72,No
CUST-105859,Female,0,No,No,15,Yes,Yes,No,No internet service,No internet service,No internet service,No internet service,No internet service,No internet service,Month-to-month,Yes,Electronic check,23.19,289.26,No
CUST-100215,Male,0,Yes,No,14,Yes,Yes,Fiber optic,Yes,Yes,Yes,No,No,Yes,Month-to-month,Yes,Credit card (automatic),96.96,1397.65,Yes
CUST-101977,Male,0,No,No,14,Yes,No,No,No internet service,No internet service,No internet service,No internet service,No internet service,No internet service,Month-to-month,No,Mailed check,21.73,274.08,No
CUST-106151,Female,0,No,No,46,Yes,No,DSL,No,Yes,No,Yes,No,Yes,Two year,Yes,Credit card (automatic),60.83,2776.8,No
CUST-101102,Female,1,Yes,Yes,50,Yes,No,DSL,Yes,Yes,No,Yes,Yes,Yes,Month-to-month,Yes,Mailed check,72.52,3660.35,Yes
CUST-103877,Male,1,No,No,47,Yes,No,DSL,No,Yes,Yes,No,No,Yes,Two year,Yes,Mailed check,62.31,2961.86,No
CUST-101978,Male,0,No,No,9,Yes,Yes,Fiber optic,No,Yes,No,Yes,No,No,Month-to-month,Yes,Credit card (automatic),79.57,702.92,Yes
CUST-103802,Female,1,No,No,15,Yes,Yes,DSL,Yes,Yes,No,No,No,No,One year,Yes,Mailed check,57.54,861.66,Yes
CUST-105959,Female,1,Yes,No,17,Yes,Yes,Fiber optic,No,Yes,No,Yes,Yes,Yes,Month-to-month,Yes,Electronic check,97.01,1681.2,Yes
CUST-103426,Male,0,Yes,Yes,0,Yes,Yes,Fiber optic,Yes,Yes,No,No,No,Yes,Two year,Yes,Credit card (automatic),92.16,92.16,Yes
CUST-102865,Male,0,Yes,No,21,Yes,No,Fiber optic,No,Yes,Yes,No,No,Yes,Month-to-month,Yes,Credit card (automatic),84.88,1757.96,No
CUST-103386,Female,0,No,No,52,Yes,No,Fiber optic,Yes,No,No,No,No,No,Month-to-month,No,Mailed check,69.04,3630.47,No
CUST-101112,Male,0,Yes,Yes,22,Yes,No,DSL,No,No,No,No,No,Yes,Month-to-month,Yes,Bank transfer (automatic),52.15,1106.76,No
CUST-104415,Male,1,Yes,Yes,28,Yes,No,Fiber optic,No,No,Yes,No,No,Yes,Month-to-month,Yes,Electronic check,79.07,2220.04,Yes
CUST-105475,Female,0,No,Yes,19,Yes,Yes,No,No internet service,No internet service,No internet service,No internet service,No internet service,No internet service,Month-to-month,No,Electronic check,30.72,553.58,No
CUST-103403,Female,0,No,No,34,Yes,No,Fiber optic,No,Yes,Yes,No,No,Yes,Month-to-month,No,Mailed check,86.4,2909.08,No
CUST-106933,Female,0,Yes,Yes,67,Yes,No,No,No internet service,No internet service,No internet service,No internet service,No internet service,No internet service,One year,Yes,Bank transfer (automatic),23.3,1538.46,No
CUST-104445,Male,0,Yes,No,67,Yes,No,Fiber optic,Yes,No,Yes,Yes,No,Yes,Month-to-month,No,Bank transfer (automatic),81.42,5468.2,No
CUST-101693,Male,0,Yes,No,11,Yes,No,Fiber optic,No,Yes,No,No,No,No,Two year,Yes,Electronic check,67.47,736.65,No
CUST-101617,Female,0,No,No,63,Yes,No,Fiber optic,No,No,Yes,No,No,Yes,Month-to-month,Yes,Electronic check,80.62,5084.76,No
CUST-103950,Male,0,No,No,65,Yes,No,DSL,Yes,Yes,No,No,Yes,Yes,One year,Yes,Bank transfer (automatic),68.89,4489.13,No
CUST-106509,Male,0,Yes,No,66,Yes,No,DSL,No,Yes,Yes,Yes,No,No,Month-to-month,Yes,Bank transfer (automatic),59.65,3917.97,No
CUST-104601,Female,0,Yes,Yes,35,Yes,Yes,No,No internet service,No internet service,No internet service,No internet service,No internet service,No internet service,Month-to-month,No,Bank transfer (automatic),29.95,1026.08,No
CUST-103055,Male,0,Yes,No,55,Yes,Yes,Fiber optic,Yes,Yes,No,Yes,No,Yes,Month-to-month,Yes,Bank transfer (automatic),93.27,5126.38,Yes
CUST-100032,Male,0,Yes,Yes,50,Yes,Yes,DSL,Yes,No,Yes,No,No,No,One year,No,Mailed check,59.42,2988.16,No
CUST-105327,Male,1,No,No,35,Yes,Yes,Fiber optic,No,No,Yes,Yes,Yes,Yes,One year,Yes,Credit card (automatic),95.63,3329.76,No
CUST-100114,Female,0,No,No,15,Yes,No,Fiber optic,No,No,No,Yes,No,No,Month-to-month,No,Bank transfer (automatic),72.34,1068.84,Yes
CUST-104865,Female,1,No,Yes,51,No,No phone service,DSL,No,No,Yes,No,Yes,No,Two year,No,Electronic check,47.21,2423.55,No
CUST-104929,Male,0,No,No,37,Yes,No,DSL,Yes,No,No,No,No,Yes,One year,Yes,Credit card (automatic),60.88,2253.03,No
CUST-102288,Female,0,No,Yes,4,Yes,No,Fiber optic,No,No,Yes,No,No,Yes,Two year,Yes,Electronic check,75.87,303.7,No
CUST-100820,Male,0,Yes,No,47,Yes,Yes,Fiber optic,No,Yes,Yes,No,No,Yes,Month-to-month,Yes,Electronic check,81.81,3846.16,No
CUST-102249,Male,1,Yes,No,69,Yes,No,Fiber optic,Yes,Yes,Yes,Yes,No,Yes,Month-to-month,Yes,Credit card (automatic),96.16,6644.93,No
CUST-105361,Female,0,No,No,37,Yes,No,No,No internet service,No internet service,No internet service,No internet service,No internet service,No internet service,Month-to-month,Yes,Electronic check,19.83,692.49,No
CUST-103271,Male,0,Yes,Yes,13,Yes,Yes,Fiber optic,No,No,Yes,Yes,No,Yes,Two year,No,Bank transfer (automatic),85.22,1116.26,No
CUST-100586,Female,0,No,No,24,No,No phone service,Fiber optic,No,Yes,No,Yes,Yes,Yes,Month-to-month,Yes,Mailed check,93.18,2232.98,No
CUST-101347,Female,0,No,No,21,Yes,No,Fiber optic,No,Yes,Yes,No,Yes,Yes,Two year,No,Mailed check,91.79,1973.01,No
CUST-104254,Male,0,No,No,56,Yes,No,DSL,Yes,No,No,No,No,No,Month-to-month,No,Electronic check,49.71,2806.7,No
CUST-101098,Male,0,No,No,67,Yes,No,Fiber optic,Yes,No,Yes,No,No,Yes,Month-to-month,No,Electronic check,84.12,5623.65,Yes
CUST-101363,Male,0,No,No,28,Yes,Yes,Fiber optic,Yes,Yes,Yes,No,Yes,No,Two year,Yes,Electronic check,89.81,2527.05,Yes
CUST-100393,Female,0,Yes,Yes,11,Yes,No,Fiber optic,Yes,No,Yes,No,No,Yes,Two year,Yes,Bank transfer (automatic),81.55,896.32,No
CUST-101515,Female,0,Yes,Yes,44,Yes,No,Fiber optic,No,No,No,No,No,Yes,One year,Yes,Electronic check,77.33,3384.38,No
CUST-104840,Female,0,Yes,Yes,44,Yes,Yes,Fiber optic,No,Yes,Yes,No,No,No,Month-to-month,No,Electronic check,74.69, ,No
CUST-106234,Female,0,Yes,Yes,18,Yes,No,Fiber optic,No,Yes,Yes,No,Yes,No,Month-to-month,Yes,Mailed check,85.56,1555.3,No
CUST-104033,Male,0,Yes,Yes,48,No,No phone service,DSL,No,No,No,No,Yes,Yes,Month-to-month,No,Mailed check,51.56,2486.87,No
CUST-102445,Female,0,Yes,No,48,Yes,Yes,DSL,Yes,Yes,Yes,Yes,No,No,One year,No,Electronic check,71.58,3416.22,No
CUST-101851,Male,0,No,No,10,No,No phone service,Fiber optic,No,No,Yes,No,No,No,One year,Yes,Electronic check,65.34,627.8,No
CUST-103477,Female,0,No,No,70,Yes,No,DSL,Yes,Yes,Yes,Yes,No,No,Month-to-month,Yes,Bank transfer (automatic),61.34,4319.07,Yes
CUST-106582,Female,0,Yes,Yes,11,Yes,No,No,No internet service,No internet service,No internet service,No internet service,No internet service,No internet service,Month-to-month,Yes,Bank transfer (automatic),23.05,221.95,No
CUST-103224,Female,0,No,No,8,Yes,No,No,No internet service,No internet service,No internet service,No internet service,No internet service,No internet service,Month-to-month,No,Electronic check,28.65,223.88,Yes
CUST-101522,Male,1,Yes,No,51,Yes,No,No,No internet service,No internet service,No internet service,No internet service,No internet service,No internet service,Two year,Yes,Electronic check,25.31,1282.63,No
CUST-102328,Male,0,No,No,41,Yes,Yes,DSL,Yes,Yes,Yes,Yes,Yes,No,Month-to-month,No,Bank transfer (automatic),76.49,3142.16,No
CUST-100217,Male,0,No,No,35,No,No phone service,Fiber optic,No,No,Yes,No,Yes,Yes,Month-to-month,No,Mailed check,79.6,2819.68,No
CUST-105076,Male,0,No,No,10,Yes,No,DSL,No,No,No,Yes,No,No,Month-to-month,Yes,Mailed check,50.01,502.56,Yes
CUST-101709,Male,0,Yes,No,13,Yes,No,DSL,No,Yes,Yes,No,No,No,Two year,No,Mailed check,54.84,702.13,No
CUST-100983,Female,0,No,Yes,18,Yes,Yes,No,No internet service,No internet service,No internet service,No internet service,No internet service,No internet service,One year,Yes,Credit card (automatic),33.48,608.78,No
CUST-100189,Male,0,No,No,13,Yes,No,DSL,No,No,No,No,No,Yes,Month-to-month,Yes,Electronic check,52.16,662.88,Yes
CUST-105497,Male,0,Yes,No,24,Yes,No,DSL,No,Yes,No,No,No,Yes,One year,No,Electronic check,57.02,1365.85,No
CUST-105843,Male,0,Yes,No,4,Yes,No,DSL,No,No,Yes,No,No,No,One year,Yes,Bank transfer (automatic),54.28,251.33,Yes
CUST-101621,Male,0,No,No,53,No,No phone service,DSL,No,Yes,Yes,No,Yes,Yes,One year,Yes,Bank transfer (automatic),64.39,3446.03,No
CUST-100553,Male,0,Yes,Yes,15,Yes,Yes,DSL,Yes,Yes,No,No,No,No,Month-to-month,No,Electronic check,58.64,849.68,No
CUST-105984,Male,0,No,No,13,Yes,No,No,No internet service,No internet service,No internet service,No internet service,No internet service,No internet service,Month-to-month,No,Electronic check,25.21,325.66,No
CUST-105650,Female,0,Yes,Yes,5,Yes,No,DSL,No,No,Yes,No,No,No,Month-to-month,Yes,Bank transfer (automatic),49.31,229.73,No
CUST-103307,Male,1,Yes,No,51,Yes,No,No,No internet service,No internet service,No internet service,No internet service,No internet service,No internet service,Month-to-month,No,Electronic check,23.4,1204.76,No
CUST-105330,Female,0,No,Yes,62,No,No phone service,Fiber optic,No,No,No,Yes,No,Yes,One year,Yes,Credit card (automatic),75.95,4703.52,No
CUST-101380,Female,0,No,No,71,Yes,Yes,DSL,No,No,No,Yes,Yes,Yes,Month-to-month,Yes,Electronic check,76.58,5396.68,Yes
CUST-106824,Female,0,Yes,Yes,26,Yes,No,No,No internet service,No internet service,No internet service,No internet service,No internet service,No internet service,One year,Yes,Mailed check,20.9,519.55,No
CUST-105516,Female,0,Yes,Yes,21,Yes,Yes,Fiber optic,No,Yes,No,Yes,Yes,Yes,One year,Yes,Mailed check,96.16,2001.81,No
CUST-103176,Female,0,No,No,59,Yes,Yes,Fiber optic,No,No,No,Yes,Yes,No,One year,No,Mailed check,82.62,4874.68,No
CUST-103942,Female,0,Yes,Yes,57,Yes,Yes,DSL,Yes,No,No,No,Yes,No,Month-to-month,No,Electronic check,64.84,3722.34,No
CUST-101253,Female,0,No,No,46,Yes,Yes,DSL,No,No,Yes,No,No,No,Month-to-month,No,Mailed check,51.23,2361.67,No
CUST-105106,Female,0,Yes,Yes,26,Yes,No,DSL,No,Yes,Yes,Yes,No,No,Month-to-month,Yes,Credit card (automatic),60.98,1603.73,No
CUST-103691,Female,0,No,No,18,Yes,Yes,DSL,No,Yes,Yes,No,Yes,No,Month-to-month,Yes,Credit card (automatic),66.33,1204.32,No
CUST-104197,Male,0,No,No,48,Yes,No,DSL,No,No,No,No,Yes,Yes,One year,No,Electronic check,61.42,2960.22,No
CUST-104756,Female,0,No,No,14,Yes,No,Fiber optic,Yes,Yes,No,Yes,Yes,Yes,Month-to-month,Yes,Credit card (automatic),93.57,1322.89,No
CUST-105985,Male,0,No,No,50,Yes,No,Fiber optic,Yes,No,No,Yes,No,Yes,Two year,Yes,Mailed check,82.63,4116.69,No
CUST-105593,Female,0,Yes,Yes,27,Yes,No,Fiber optic,Yes,Yes,No,No,Yes,No,Two year,No,Electronic check,84.04,2262.8,No
CUST-106664,Female,0,No,Yes,59,Yes,No,No,No internet service,No internet service,No internet service,No internet service,No internet service,No internet service,Month-to-month,Yes,Mailed check,22.12,1282.74,Yes
CUST-102787,Male,1,No,No,62,Yes,Yes,Fiber optic,No,No,No,No,No,No,One year,Yes,Electronic check,72.18,4455.37,No
CUST-104240,Male,0,No,No,22,Yes,Yes,DSL,No,Yes,Yes,No,Yes,Yes,One year,Yes,Mailed check,70.04,1545.73,No
CUST-104874,Male,0,No,No,70,Yes,Yes,DSL,No,No,Yes,Yes,Yes,No,Month-to-month,Yes,Electronic check,70.81,4946.19,No
CUST-100404,Male,0,Yes,No,10,Yes,No,No,No internet service,No internet service,No internet service,No internet service,No internet service,No internet service,Two year,No,Credit card (automatic),25.52,250.68,No
CUST-101783,Female,0,Yes,Yes,40,Yes,Yes,Fiber optic,No,No,Yes,Yes,Yes,Yes,Month-to-month,No,Mailed check,97.58,3894.41,No
CUST-100666,Female,0,Yes,No,57,Yes,No,DSL,No,No,Yes,No,No,No,Month-to-month,Yes,Bank transfer (automatic),49.58,2834.07,No
CUST-104455,Male,0,Yes,Yes,24,Yes,Yes,DSL,No,No,No,Yes,Yes,Yes,Month-to-month,No,Electronic check,73.24,1738.02,No
CUST-102679,Male,0,No,No,53,Yes,Yes,Fiber optic,No,No,Yes,No,Yes,Yes,Month-to-month,Yes,Credit card (automatic),87.14,4611.87,Yes
CUST-101413,Female,1,Yes,No,14,Yes,Yes,No,No internet service,No internet service,No internet service,No internet service,No internet service,No internet service,Month-to-month,No,Electronic check,26.09,343.96,No
CUST-104266,Male,0,Yes,Yes,64,Yes,No,Fiber optic,No,No,Yes,Yes,No,No,Month-to-month,Yes,Electronic check,75.33,4811.33,No
CUST-106330,Male,0,Yes,Yes,61,Yes,No,No,No internet service,No internet service,No internet service,No internet service,No internet service,No internet service,Two year,Yes,Bank transfer (automatic),21.33,1294.46,No
CUST-100528,Female,0,No,No,62,Yes,Yes,DSL,Yes,Yes,No,No,No,Yes,Two year,No,Mailed check,64.54,3995.2,No
CUST-105415,Male,0,Yes,Yes,35,Yes,No,No,No internet service,No internet service,No internet service,No internet service,No internet service,No internet service,Month-to-month,No,Bank transfer (automatic),26.14,931.41,No
CUST-101386,Female,0,No,No,34,Yes,Yes,Fiber optic,No,Yes,Yes,No,Yes,Yes,Month-to-month,Yes,Mailed check,97.83,3318.97,No
CUST-105504,Female,0,Yes,Yes,63,Yes,Yes,No,No internet service,No internet service,No internet service,No internet service,No internet service,No internet service,Month-to-month,Yes,Credit card (automatic),29.73,1893.6,No
CUST-104764,Male,0,Yes,No,38,Yes,Yes,No,No internet service,No internet service,No internet service,No internet service,No internet service,No internet service,Month-to-month,Yes,Bank transfer (automatic),27.56,1083.51,No
CUST-102060,Female,1,Yes,Yes,55,Yes,No,DSL,No,No,No,No,No,Yes,Two year,Yes,Electronic check,53.51,2913.51,No
CUST-100485,Male,0,Yes,Yes,18,No,No phone service,Fiber optic,Yes,Yes,Yes,No,Yes,No,Month-to-month,Yes,Electronic check,80.52,1481.6,Yes
CUST-103591,Male,0,No,No,50,Yes,No,DSL,No,Yes,Yes,Yes,Yes,No,Month-to-month,Yes,Mailed check,71.56,3585.37,No
CUST-106776,Female,0,No,No,4,Yes,No,Fiber optic,No,No,No,Yes,Yes,No,One year,No,Electronic check,77.51,262.52,Yes
CUST-105344,Male,0,No,No,38,Yes,Yes,No,No internet service,No internet service,No internet service,No internet service,No internet service,No internet service,Month-to-month,No,Electronic check,29.36,1152.77,No
CUST-103315,Female,0,No,Yes,34,Yes,Yes,Fiber optic,No,No,Yes,No,No,No,Month-to-month,No,Electronic check,72.98,2467.69,Yes
CUST-106273,Female,0,Yes,Yes,13,Yes,Yes,DSL,Yes,No,No,No,No,Yes,Two year,No,Electronic check,68.2,904.32,No
CUST-106875,Male,0,No,No,20,No,No phone service,No,No internet service,No internet service,No internet service,No internet service,No internet service,No internet service,Month-to-month,No,Electronic check,18.96,352.6,Yes
CUST-105776,Male,1,Yes,No,9,Yes,No,Fiber optic,Yes,No,Yes,Yes,Yes,No,Month-to-month,Yes,Electronic check,93.57,809.9,Yes
CUST-105268,Female,0,Yes,Yes,64,Yes,No,Fiber optic,Yes,Yes,Yes,Yes,No,Yes,One year,Yes,Credit card (automatic),88.95,5694.39,No
CUST-105656,Female,0,Yes,Yes,37,Yes,No,DSL,Yes,Yes,Yes,Yes,Yes,Yes,Month-to-month,Yes,Credit card (automatic),83.35,3085.28,No
CUST-104884,male ,0,Yes,No,54,Yes,Yes,Fiber optic,No,No,Yes,No,No,Yes,One year,No,Credit card (automatic),83.58,4524.62,No
CUST-104435,Female,0,Yes,No,65,No,No phone service,DSL,Yes,Yes,No,Yes,Yes,Yes,Month-to-month,No,Bank transfer (automatic),66.64,4297.24,No
CUST-102781,Female,0,Yes,Yes,2,Yes,No,DSL,Yes,Yes,No,No,Yes,No,Month-to-month,No,Mailed check,60.32,120.79,No
CUST-104124,Female,0,No,No,60,Yes,No,No,No internet service,No internet service,No internet service,No internet service,No internet service,No internet service,Two year,Yes,Mailed check,21.55,1283.87,No
CUST-103863,Female,0,No,No,21,Yes,No,DSL,No,No,Yes,No,No,Yes,Month-to-month,No,Bank transfer (automatic),60.76,1258.07,No
CUST-102917,Female,0,Yes,No,29,Yes,Yes,DSL,No,No,No,No,No,No,Month-to-month,Yes,Bank transfer (automatic),45.53,1330.27,No
CUST-105868,Female,0,Yes,No,66,Yes,No,DSL,No,No,Yes,No,Yes,Yes,Month-to-month,Yes,Bank transfer (automatic),65.81,4304.83,No
CUST-105162,Male,1,No,Yes,56,No,No phone service,Fiber optic,Yes,Yes,No,Yes,Yes,Yes,Month-to-month,Yes,Mailed check,90.95,5106.31,Yes
CUST-102687,Female,0,Yes,Yes,34,Yes,Yes,No,No internet service,No internet service,No internet service,No internet service,No internet service,No internet service,One year,Yes,Credit card (automatic),25.82,860.5,No
CUST-106167,Female,1,No,Yes,57,No,No phone service,DSL,No,No,Yes,No,No,No,One year,Yes,Electronic check,44.73,2552.2,No
CUST-104425,Female,0,No,No,26,Yes,Yes,No,No internet service,No internet service,No internet service,No internet service,No internet service,No internet service,One year,Yes,Electronic check,29.46,788.82,No
CUST-101597,Female,0,Yes,Yes,40,Yes,Yes,No,No internet service,No internet service,No internet service,No internet service,No internet service,No internet service,Two year,No,Electronic check,28.37,1107.91,No
CUST-105899,Female,0,No,No,20,Yes,No,No,No internet service,No internet service,No internet service,No internet service,No internet service,No internet service,Month-to-month,Yes,Electronic check,25.82,535.61,No
CUST-100598,Female,0,Yes,No,18,No,No phone service,DSL,Yes,Yes,No,No,No,No,One year,No,Bank transfer (automatic),45.99,854.97,No
CUST-100158,Female,1,Yes,Yes,48,Yes,No,DSL,No,Yes,No,Yes,No,No,One year,No,Electronic check,56.33,2701.48,No
CUST-105362,Female,1,Yes,No,60,Yes,No,No,No internet service,No internet service,No internet service,No internet service,No internet service,No internet service,Month-to-month,Yes,Electronic check,20.28,1198.28,No
CUST-101387,Male,0,Yes,Yes,8,Yes,No,DSL,No,Yes,Yes,No,Yes,No,Month-to-month,Yes,Electronic check,63.97,526.23,No
CUST-101467,Male,0,Yes,Yes,3,Yes,No,Fiber optic,No,No,No,No,Yes,Yes,One year,Yes,Electronic check,83.93,,No
CUST-106602,Male,1,No,No,7,Yes,Yes,Fiber optic,Yes,No,Yes,Yes,Yes,Yes,Month-to-month,Yes,Electronic check,106.88,726.49,Yes
CUST-103288,Male,0,Yes,No,1,Yes,Yes,Fiber optic,No,Yes,Yes,Yes,Yes,No,Month-to-month,No,Bank transfer (automatic),89.78,72.68,Yes
CUST-103293,Male,0,No,No,30,Yes,No,Fiber optic,No,No,No,No,No,No,One year,Yes,Mailed check,70.55,2110.38,Yes
CUST-104477,Male,1,No,Yes,56,Yes,No,Fiber optic,Yes,No,No,No,No,No,Two year,No,Bank transfer (automatic),72.63,4049.26,No
CUST-104275,Female,0,Yes,Yes,27,Yes,No,Fiber optic,Yes,No,No,No,No,Yes,Month-to-month,Yes,Bank transfer (automatic),76.9,2070.68,No
CUST-103469,Female,0,No,No,20,Yes,No,No,No internet service,No internet service,No internet service,No internet service,No internet service,No internet service,One year,No,Credit card (automatic),23.44,423.31,No
CUST-104734,Female,1,Yes,No,8,Yes,Yes,Fiber optic,No,No,Yes,No,No,No,Month-to-month,No,Mailed check,72.42,577.76,No
CUST-106491,Female,0,Yes,No,39,Yes,No,Fiber optic,Yes,Yes,Yes,No,Yes,Yes,One year,No,Bank transfer (automatic),98.19,3817.09,No
CUST-102392,Female,0,Yes,No,68,Yes,Yes,Fiber optic,No,Yes,No,No,No,Yes,Month-to-month,No,Electronic check,80.6,5460.29,No
CUST-100522,Male,0,No,No,26,Yes,Yes,Fiber optic,Yes,No,Yes,No,Yes,Yes,Two year,No,Electronic check,95.9,2510.94,No
CUST-101123,Male,1,No,No,10,Yes,No,Fiber optic,No,Yes,No,Yes,Yes,No,Month-to-month,Yes,Credit card (automatic),80.3,829.26,No
CUST-103305,Male,0,Yes,No,15,Yes,Yes,DSL,No,No,Yes,Yes,Yes,No,Month-to-month,No,Mailed check,71.23,1098.1,No
CUST-106267,Male,0,No,No,60,Yes,No,Fiber optic,No,No,No,No,No,Yes,One year,Yes,Bank transfer (automatic),76.36,4612.8,Yes
CUST-103609,Female,0,No,No,25,Yes,Yes,No,No internet service,No internet service,No internet service,No internet service,No internet service,No internet service,Month-to-month,Yes,Electronic check,31.13,759.8,No
CUST-100226,Female,1,No,No,69,No,No phone service,Fiber optic,No,No,No,No,No,No,Month-to-month,Yes,Electronic check,59.46,4111.69,No
CUST-105027,Male,0,No,No,1,Yes,Yes,No,No internet service,No internet service,No internet service,No internet service,No internet service,No internet service,Month-to-month,Yes,Electronic check,32.14,51.5,No
CUST-101028,Female,0,No,No,13,Yes,Yes,Fiber optic,Yes,No,Yes,Yes,Yes,No,Month-to-month,Yes,Bank transfer (automatic),89.57,1183.52,No
CUST-103669,Male,0,No,Yes,63,Yes,No,Fiber optic,Yes,Yes,Yes,Yes,No,Yes,One year,Yes,Electronic check,89.75,5604.06,No
CUST-103903,Male,0,No,No,2,Yes,Yes,DSL,Yes,No,Yes,No,Yes,Yes,One year,No,Electronic check,74.24,142.72,No
CUST-100247,Male,1,No,No,32,Yes,Yes,No,No internet service,No internet service,No internet service,No internet service,No internet service,No internet service,Two year,Yes,Bank transfer (automatic),24.23,778.92,No
CUST-106383,Male,0,Yes,Yes,63,Yes,No,Fiber optic,No,No,No,No,No,No,Two year,Yes,Electronic check,64.39,4069.91,Yes
CUST-100555,Female,1,No,No,51,Yes,No,No,No internet service,No internet service,No internet service,No internet service,No internet service,No internet service,Month-to-month,No,Bank transfer (automatic),23.46,1175.69,No
CUST-102137,Male,0,No,No,11,Yes,No,Fiber optic,No,Yes,No,Yes,Yes,Yes,Two year,Yes,Mailed check,90.26,990.84,No
CUST-106511,Female,0,Yes,Yes,20,Yes,No,Fiber optic,No,No,No,No,No,No,Month-to-month,No,Mailed check,69.32,1362.97,No
CUST-103419,Male,0,No,Yes,36,Yes,Yes,Fiber optic,No,No,Yes,No,Yes,No,Month-to-month,Yes,Bank transfer (automatic),80.59,2914.22,Yes
CUST-106978,Female,0,No,No,31,Yes,No,DSL,Yes,No,Yes,Yes,No,Yes,Month-to-month,Yes,Bank transfer (automatic),74.11,2288.97,No
CUST-106644,Female,0,No,No,54,Yes,Yes,DSL,No,No,No,Yes,No,No,One year,Yes,Electronic check,52.61,2826.2,No
CUST-106763,Female,0,No,No,55,Yes,Yes,DSL,No,No,Yes,Yes,Yes,Yes,Month-to-month,Yes,Bank transfer (automatic),77.66,4273.21,No
CUST-103686,Male,0,Yes,No,39,Yes,No,DSL,Yes,Yes,No,Yes,No,No,Month-to-month,No,Bank transfer (automatic),62.63,2454.29,Yes
CUST-105909,Female,0,Yes,No,11,Yes,Yes,No,No internet service,No internet service,No internet service,No internet service,No internet service,No internet service,Two year,Yes,Mailed check,22.91,266.73,No
CUST-106173,Male,0,Yes,No,51,Yes,Yes,Fiber optic,Yes,Yes,Yes,Yes,No,Yes,Month-to-month,No,Electronic check,94.83,4865.35,No
CUST-100707,Female,0,No,No,51,Yes,Yes,Fiber optic,No,Yes,No,No,Yes,Yes,Month-to-month,No,Bank transfer (automatic),88.29,4481.33,No
CUST-105881,Female,0,Yes,No,46,Yes,No,Fiber optic,No,Yes,No,No,No,Yes,Month-to-month,Yes,Mailed check,73.86,3390.29,Yes
CUST-106534,Female,1,Yes,Yes,7,Yes,Yes,DSL,No,Yes,No,No,No,Yes,Two year,Yes,Credit card (automatic),64.74,465.0,No
CUST-105506,Male,0,No,No,40,Yes,No,DSL,No,No,No,Yes,No,Yes,Month-to-month,Yes,Credit card (automatic),59.55,2417.9,No
CUST-103728,Male,0,No,No,35,Yes,No,Fiber optic,Yes,No,No,No,No,No,Month-to-month,Yes,Electronic check,60.68,2169.04,Yes
CUST-103658,Male,0,No,No,23,Yes,No,DSL,No,Yes,No,Yes,Yes,Yes,Two year,Yes,Mailed check,78.1,1749.67,No
CUST-100291,Male,0,No,No,18,Yes,No,DSL,Yes,No,Yes,No,Yes,Yes,Two year,Yes,Electronic check,72.82,1305.22,Yes
CUST-104845,Female,0,No,No,43,Yes,No,DSL,Yes,Yes,Yes,Yes,No,Yes,Month-to-month,Yes,Credit card (automatic),73.97,3196.2,No
CUST-101171,Female,0,No,No,28,Yes,Yes,DSL,No,No,No,Yes,No,No,One year,Yes,Mailed check,56.37,1610.87,No
CUST-103276,Male,0,Yes,No,1,Yes,No,No,No internet service,No internet service,No internet service,No internet service,No internet service,No internet service,Month-to-month,Yes,Electronic check,20.21,63.22,Yes
CUST-102776,Female,0,No,No,31,Yes,No,Fiber optic,Yes,Yes,No,No,Yes,Yes,Month-to-month,Yes,Mailed check,95.75,2973.9,No
CUST-106674,Female,0,Yes,Yes,47,Yes,Yes,DSL,No,Yes,No,No,No,Yes,One year,Yes,Electronic check,64.61,3029.68,Yes
CUST-105091,Male,0,Yes,Yes,14,Yes,Yes,Fiber optic,Yes,Yes,No,No,No,Yes,Month-to-month,No,Bank transfer (automatic),89.42,1263.05,No
CUST-102676,Female,0,No,Yes,60,Yes,No,Fiber optic,No,No,Yes,No,Yes,Yes,One year,Yes,Bank transfer (automatic),81.06,4893.3,No
CUST-106278,Male,0,No,No,25,Yes,Yes,DSL,No,Yes,Yes,No,No,Yes,Month-to-month,Yes,Electronic check,65.03,1594.98,Yes
CUST-104933,Female,0,No,No,2,Yes,Yes,Fiber optic,No,No,No,No,Yes,Yes,Month-to-month,No,Electronic check,85.87,189.01,Yes
CUST-104179,Male,1,No,No,35,Yes,No,DSL,No,No,Yes,Yes,No,Yes,One year,No,Electronic check,63.46,2239.25,No
CUST-100476,Female,0,Yes,No,49,Yes,No,No,No internet service,No internet service,No internet service,No internet service,No internet service,No internet service,Month-to-month,Yes,Bank transfer (automatic),20.07,989.98,No
CUST-104529,Female,0,No,No,58,Yes,Yes,Fiber optic,Yes,No,No,Yes,Yes,Yes,Month-to-month,Yes,Electronic check,96.14,5574.8,No
CUST-105659,Female,0,No,No,57,Yes,No,Fiber optic,No,Yes,No,No,No,No,Month-to-month,Yes,Electronic check,66.08,3747.19,No
CUST-104527,Male,0,Yes,Yes,49,Yes,Yes,Fiber optic,Yes,Yes,Yes,No,Yes,No,Two year,Yes,Bank transfer (automatic),92.46,4524.48,No
CUST-102512,Female,0,No,No,17,Yes,Yes,DSL,No,Yes,Yes,Yes,No,Yes,Two year,Yes,Credit card (automatic),72.45,1274.35,No
CUST-102065,Female,0,Yes,No,23,Yes,Yes,Fiber optic,Yes,No,Yes,Yes,No,No,Two year,Yes,Electronic check,84.47,1958.36,Yes
CUST-100103,Male,0,No,No,11,Yes,No,Fiber optic,Yes,No,No,No,No,No,Two year,Yes,Bank transfer (automatic),67.16,728.66,Yes
CUST-104484,Male,0,No,No,67,Yes,Yes,No,No internet service,No internet service,No internet service,No internet service,No internet service,No internet service,Month-to-month,Yes,Bank transfer (automatic),32.45,2147.99,Yes
CUST-100523,Female,1,No,No,6,Yes,No,DSL,No,No,Yes,No,Yes,No,Month-to-month,No,Credit card (automatic),56.3,311.49,No
CUST-100066,Female,1,Yes,Yes,43,Yes,No,Fiber optic,No,Yes,No,No,No,Yes,One year,No,Mailed check,85.84,3678.94,No
CUST-104502,Female,0,Yes,Yes,39,Yes,No,No,No internet service,No internet service,No internet service,No internet service,No internet service,No internet service,One year,No,Electronic check,22.4,886.49,No
CUST-105304,Male,0,No,No,27,Yes,No,Fiber optic,Yes,No,No,No,No,Yes,Two year,No,Bank transfer (automatic),76.52,2078.04,No
CUST-104711,Female,1,Yes,No,8,No,No phone service,Fiber optic,No,Yes,Yes,Yes,Yes,No,One year,Yes,Electronic check,82.96,663.2,No
CUST-103899,Female,0,No,No,33,Yes,No,DSL,No,Yes,Yes,No,No,No,Month-to-month,Yes,Bank transfer (automatic),55.59,1839.93,No
CUST-101939,Male,0,Yes,Yes,38,Yes,No,DSL,No,No,Yes,Yes,No,No,Month-to-month,Yes,Mailed check,51.88,1983.56,No
CUST-102666,Male,0,Yes,Yes,29,Yes,No,Fiber optic,No,No,Yes,No,Yes,No,Month-to-month,No,Credit card (automatic),77.75,2258.43,No
CUST-101396,Female,0,Yes,No,49,Yes,No,Fiber optic,No,No,No,No,Yes,No,Month-to-month,No,Electronic check,72.05,3507.21,Yes
CUST-102868,Female,0,No,No,41,Yes,Yes,DSL,Yes,Yes,No,No,No,Yes,Month-to-month,Yes,Bank transfer (automatic),65.21,2664.1,No
CUST-100751,Male,0,No,No,16,Yes,No,No,No internet service,No internet service,No internet service,No internet service,No internet service,No internet service,Month-to-month,Yes,Bank transfer (automatic),23.78,381.16,Yes
CUST-105180,Female,0,No,No,59,Yes,No,DSL,No,Yes,Yes,No,No,Yes,One year,Yes,Electronic check,63.3,3713.31,Yes
CUST-104065,Male,1,No,No,2,Yes,Yes,No,No internet service,No internet service,No internet service,No internet service,No internet service,No internet service,Month-to-month,Yes,Bank transfer (automatic),24.99,42.72,No
CUST-106745,Female,0,Yes,No,38,Yes,No,DSL,No,No,Yes,No,Yes,No,One year,Yes,Mailed check,58.26,2240.12,No
CUST-102106,Female,0,No,No,70,Yes,Yes,Fiber optic,Yes,Yes,No,No,No,Yes,Month-to-month,No,Mailed check,90.01,6278.5,No
CUST-106308,Male,0,No,No,35,Yes,Yes,Fiber optic,No,Yes,Yes,No,No,Yes,One year,No,Mailed check,87.87,3059.53,Yes
CUST-105669,Female,0,No,No,21,Yes,Yes,DSL,No,No,Yes,No,Yes,Yes,Two year,No,Electronic check,70.13,1438.83,No
CUST-106595,Male,0,No,No,53,Yes,Yes,No,No internet service,No internet service,No internet service,No internet service,No internet service,No internet service,Month-to-month,No,Mailed check,25.06,1331.14,No
CUST-102003,Male,0,No,Yes,68,Yes,No,DSL,Yes,No,No,No,No,Yes,Month-to-month,Yes,Credit card (automatic),57.75,3917.13,No
CUST-103555,Male,0,Yes,Yes,66,No,No phone service,Fiber optic,No,No,Yes,Yes,Yes,No,Month-to-month,Yes,Electronic check,76.8,5070.78,No
CUST-100702,Male,0,No,No,28,Yes,No,DSL,No,No,Yes,No,Yes,Yes,Month-to-month,No,Bank transfer (automatic),66.34,1861.27,No
CUST-100010,Female,1,No,No,35,Yes,Yes,Fiber optic,Yes,No,No,No,No,Yes,Month-to-month,Yes,Electronic check,86.06,3027.53,No
CUST-104329,Female,0,No,No,1,Yes,Yes,Fiber optic,Yes,No,No,Yes,Yes,Yes,Two year,Yes,Credit card (automatic),102.55,115.99,Yes
CUST-102200,Male,0,No,Yes,16,Yes,No,No,No internet service,No internet service,No internet service,No internet service,No internet service,No internet service,Month-to-month,Yes,Mailed check,20.04,351.83,No
CUST-102097,Female,0,Yes,Yes,37,Yes,No,DSL,No,Yes,No,No,No,Yes,One year,No,Electronic check,60.87,2252.05,No
CUST-102272,Male,0,No,No,59,Yes,No,Fiber optic,Yes,No,No,No,No,Yes,Month-to-month,Yes,Mailed check,78.22,4665.19,No
CUST-100774,Female,0,Yes,Yes,22,Yes,Yes,DSL,No,No,Yes,Yes,Yes,No,Month-to-month,Yes,Bank transfer (automatic),66.67,1455.23,Yes
CUST-100759,Female,0,Yes,No,44,Yes,No,DSL,Yes,No,Yes,Yes,No,No,Month-to-month,Yes,Mailed check,58.92,2608.51,No
CUST-105569,Male,0,Yes,No,43,Yes,Yes,DSL,Yes,No,Yes,No,No,No,Month-to-month,Yes,Credit card (automatic),57.89,2481.77,No
CUST-105390,Male,0,Yes,No,7,Yes,No,DSL,No,Yes,Yes,Yes,Yes,Yes,Month-to-month,Yes,Credit card (automatic),75.42,511.34,No
CUST-105721,Male,0,No,No,62,Yes,Yes,DSL,Yes,Yes,No,Yes,Yes,Yes,One year,Yes,Electronic check,77.47,4826.24,No
CUST-100490,Female,1,No,No,20,Yes,No,Fiber optic,No,Yes,No,Yes,Yes,No,One year,No,Electronic check,80.5,1602.91,Yes
CUST-101190,Male,0,Yes,Yes,34,Yes,Yes,No,No internet service,No internet service,No internet service,No internet service,No internet service,No internet service,Month-to-month,Yes,Credit card (automatic),22.99,782.04,No
CUST-104002,Male,0,No,No,59,Yes,Yes,DSL,No,Yes,No,Yes,No,Yes,Month-to-month,Yes,Mailed check,68.96,4080.49,No
CUST-101089,Male,1,Yes,Yes,60,Yes,Yes,Fiber optic,No,Yes,No,No,Yes,Yes,Month-to-month,No,Electronic check,92.95,,No
CUST-101479,Male,1,No,No,2,Yes,No,DSL,No,Yes,Yes,No,Yes,No,Month-to-month,Yes,Bank transfer (automatic),61.0,144.54,Yes
CUST-103201,Female,0,Yes,No,15,Yes,No,Fiber optic,No,No,No,Yes,Yes,No,Two year,Yes,Mailed check,81.17,1208.4,Yes
CUST-106142,Female,1,No,No,63,Yes,No,DSL,No,Yes,No,Yes,Yes,No,Month-to-month,Yes,Bank transfer (automatic),61.11,3886.13,No
CUST-102072,Male,0,No,Yes,49,Yes,Yes,DSL,Yes,No,Yes,Yes,No,Yes,Month-to-month,Yes,Bank transfer (automatic),74.61,3648.67,No
CUST-100071,Male,0,No,Yes,19,Yes,No,Fiber optic,Yes,Yes,No,No,Yes,No,Two year,Yes,Electronic check,81.79,1584.31,No
CUST-105763,Male,1,Yes,Yes,65,Yes,Yes,No,No internet service,No internet service,No internet service,No internet service,No internet service,No internet service,Month-to-month,No,Mailed check,26.56,1724.31,No
CUST-101852,Male,0,Yes,No,7,Yes,No,Fiber optic,No,No,Yes,Yes,Yes,Yes,One year,Yes,Electronic check,89.33,612.27,Yes
CUST-102727,Male,0,No,No,19,No,No phone service,No,No internet service,No internet service,No internet service,No internet service,No internet service,No internet service,Two year,No,Electronic check,18.0,338.87,No
CUST-104363,Female,0,Yes,Yes,3,Yes,Yes,DSL,No,No,Yes,No,Yes,No,Month-to-month,No,Electronic check,67.2,223.97,No
CUST-103848,Female,0,No,No,72,Yes,No,Fiber optic,Yes,No,Yes,No,No,No,One year,Yes,Mailed check,76.98,5524.71,No
CUST-100824,Female,0,Yes,Yes,36,No,No phone service,Fiber optic,Yes,Yes,No,Yes,No,No,Month-to-month,Yes,Electronic check,82.32,2940.31,No
CUST-100386,Male,1,No,No,22,Yes,Yes,DSL,No,No,No,No,Yes,Yes,Month-to-month,Yes,Credit card (automatic),64.29,1415.29,No
CUST-100347,Female,0,Yes,Yes,38,Yes,Yes,No,No internet service,No internet service,No internet service,No internet service,No internet service,No internet service,One year,Yes,Mailed check,27.46,1042.36,No
CUST-103672,Female,0,No,No,21,Yes,No,DSL,No,Yes,Yes,Yes,No,Yes,Two year,Yes,Electronic check,69.51,1467.06,No
CUST-102807,Male,1,Yes,Yes,30,Yes,Yes,DSL,No,Yes,Yes,Yes,No,No,Month-to-month,No,Electronic check,67.89,2032.82,No
CUST-105237,Female,0,No,No,1,Yes,Yes,Fiber optic,No,Yes,No,Yes,Yes,No,Two year,Yes,Bank transfer (automatic),89.62,91.69,No
CUST-100468,Male,0,No,No,24,Yes,No,No,No internet service,No internet service,No internet service,No internet service,No internet service,No internet service,Month-to-month,Yes,Credit card (automatic),22.26,537.86,No
CUST-101418,Female,1,No,No,44,Yes,Yes,Fiber optic,No,Yes,No,Yes,No,Yes,Two year,Yes,Bank transfer (automatic),83.98,3715.45,No
CUST-104864,Female,0,No,No,54,Yes,No,Fiber optic,No,Yes,Yes,No,Yes,No,Month-to-month,No,Electronic check,84.91,4577.35,Yes
CUST-100341,Male,0,No,No,52,Yes,No,DSL,No,No,Yes,No,Yes,Yes,Month-to-month,Yes,Electronic check,60.51,3170.48,No
CUST-101299,Male,0,Yes,Yes,63,Yes,No,No,No internet service,No internet service,No internet service,No internet service,No internet service,No internet service,One year,Yes,Electronic check,23.38,1470.06,No
CUST-102227,Female,0,No,No,18,No,No phone service,Fiber optic,No,No,Yes,No,No,No,Month-to-month,Yes,Credit card (automatic),67.79,1195.02,No
CUST-101619,Female,0,Yes,Yes,54,Yes,Yes,DSL,No,No,No,No,Yes,No,Two year,Yes,Mailed check,55.47,2983.12,No
CUST-102490,Male,0,Yes,Yes,27,Yes,No,Fiber optic,Yes,No,No,No,No,Yes,One year,Yes,Bank transfer (automatic),76.8,2074.41,Yes
CUST-104770,Male,0,Yes,Yes,25,Yes,No,DSL,No,No,No,Yes,No,No,Month-to-month,No,Credit card (automatic),48.64,1209.16,No
CUST-103175,Female,0,No,No,71,Yes,No,Fiber optic,No,Yes,No,Yes,Yes,No,Month-to-month,No,Bank transfer (automatic),85.88,6090.47,No
CUST-104823,Female,1,Yes,Yes,32,Yes,No,DSL,Yes,Yes,Yes,No,No,No,Month-to-month,No,Bank transfer (automatic),64.38,2044.37,No
CUST-106378,Female,0,Yes,No,13,Yes,No,No,No internet service,No internet service,No internet service,No internet service,No internet service,No internet service,Month-to-month,Yes,Electronic check,20.37,246.0,Yes
CUST-101927,Male,0,No,No,30,Yes,No,DSL,Yes,Yes,Yes,No,No,Yes,Month-to-month,Yes,Electronic check,66.73,2026.48,No
CUST-104463,Female,0,No,No,55,Yes,No,Fiber optic,No,No,Yes,No,Yes,Yes,Two year,Yes,Credit card (automatic),84.85,4679.4,Yes
CUST-100719,Female,0,No,No,68,Yes,Yes,Fiber optic,No,No,No,Yes,No,No,Month-to-month,Yes,Bank transfer (automatic),70.75,,No
CUST-106318,Male,0,No,No,55,Yes,No,Fiber optic,Yes,No,Yes,No,No,Yes,Two year,Yes,Mailed check,82.76,4573.01,No
CUST-104831,Male,0,No,No,51,Yes,Yes,Fiber optic,No,Yes,No,Yes,Yes,Yes,Month-to-month,No,Electronic check,100.04,5110.69,No
CUST-104012,Female,0,No,No,17,Yes,Yes,Fiber optic,No,No,Yes,Yes,Yes,No,Month-to-month,Yes,Mailed check,82.61,1401.57,No
CUST-103180,Male,0,Yes,No,10,Yes,No,Fiber optic,Yes,No,No,No,Yes,No,Month-to-month,Yes,Mailed check,73.59,729.25,No
CUST-101653,Female,0,No,No,2,Yes,No,No,No internet service,No internet service,No internet service,No internet service,No internet service,No internet service,Month-to-month,No,Electronic check,22.99,28.54,No
CUST-100749,Male,0,No,No,10,Yes,No,DSL,No,Yes,Yes,No,No,No,One year,Yes,Bank transfer (automatic),55.38,567.4,No
CUST-100688,male ,0,Yes,Yes,54,No,No phone service,No,No internet service,No internet service,No internet service,No internet service,No internet service,No internet service,Month-to-month,Yes,Electronic check,18.0,969.23,No
CUST-105875,Male,0,No,No,32,Yes,Yes,DSL,No,Yes,Yes,No,No,No,One year,Yes,Mailed check,54.6,1765.91,No
CUST-104629,Male,0,Yes,No,70,Yes,No,DSL,Yes,Yes,Yes,Yes,Yes,No,One year,No,Bank transfer (automatic),77.63,5410.71,No
CUST-103372,Male,0,No,No,30,Yes,Yes,DSL,No,Yes,No,No,No,No,One year,No,Bank transfer (automatic),53.6,1603.36,No
CUST-103096,Male,0,Yes,No,8,Yes,Yes,Fiber optic,No,No,No,Yes,No,Yes,Month-to-month,Yes,Mailed check,82.27,661.57,No
CUST-101558,Female,0,Yes,Yes,33,Yes,No,Fiber optic,No,Yes,Yes,Yes,No,Yes,Month-to-month,Yes,Mailed check,91.65,3032.54,No
CUST-101081,Female,0,No,No,5,Yes,No,DSL,No,Yes,Yes,No,No,Yes,Month-to-month,Yes,Bank transfer (automatic),63.62,302.33,Yes
CUST-103471,Female,0,Yes,Yes,44,Yes,No,DSL,Yes,Yes,Yes,No,Yes,Yes,Month-to-month,Yes,Credit card (automatic),71.77,3169.05,No
CUST-101853,Male,0,No,No,6,Yes,No,Fiber optic,No,No,No,No,No,Yes,Month-to-month,Yes,Electronic check,73.58,432.15,Yes
CUST-104217,Male,0,No,No,68,Yes,No,Fiber optic,No,No,No,No,No,Yes,One year,Yes,Electronic check,74.4,5072.13,No
CUST-106139,Male,0,Yes,No,17,Yes,No,DSL,No,Yes,No,No,Yes,No,Two year,Yes,Electronic check,56.05,932.97,No
CUST-105206,Female,0,No,No,40,Yes,No,DSL,Yes,Yes,Yes,No,Yes,Yes,One year,Yes,Electronic check,80.45,3226.12,No
CUST-106266,Female,0,Yes,Yes,54,Yes,No,Fiber optic,No,No,No,No,No,Yes,One year,Yes,Mailed check,69.52,3733.29,No
CUST-106764,Male,0,No,No,25,Yes,Yes,Fiber optic,No,Yes,Yes,No,Yes,Yes,Two year,Yes,Mailed check,96.56,2465.12,No
CUST-102659,Male,1,Yes,No,23,Yes,No,DSL,Yes,No,Yes,Yes,Yes,No,Month-to-month,No,Credit card (automatic),69.83,1612.39,No
CUST-106792,Female,1,No,No,24,Yes,No,No,No internet service,No internet service,No internet service,No internet service,No internet service,No internet service,One year,No,Mailed check,23.65,527.31,No
CUST-102189,Female,1,No,No,70,Yes,No,Fiber optic,Yes,Yes,No,No,No,No,One year,Yes,Electronic check,77.55,5421.51,No
CUST-103989,Male,0,Yes,No,31,Yes,No,DSL,Yes,Yes,No,Yes,No,No,Month-to-month,Yes,Electronic check,61.55,1922.28,No
CUST-101531,Male,1,No,No,20,Yes,No,Fiber optic,No,No,Yes,No,No,Yes,One year,No,Credit card (automatic),75.12,1483.01,No
CUST-105965,Male,0,No,No,42,Yes,No,DSL,Yes,Yes,No,No,No,Yes,Month-to-month,No,Bank transfer (automatic),66.57,2800.04,No
CUST-106771,Female,1,Yes,Yes,59,Yes,Yes,DSL,No,No,Yes,No,Yes,No,Month-to-month,Yes,Credit card (automatic),60.52,3576.31,No
CUST-100338,Male,0,Yes,Yes,27,Yes,No,DSL,Yes,Yes,No,Yes,No,No,Month-to-month,Yes,Electronic check,55.76,1524.87,Yes
CUST-102347,Female,0,No,No,37,Yes,Yes,Fiber optic,Yes,No,No,No,Yes,Yes,One year,No,Bank transfer (automatic),90.47,3331.28,No
CUST-104422,Female,0,Yes,No,23,Yes,Yes,Fiber optic,Yes,Yes,No,Yes,Yes,Yes,Two year,Yes,Mailed check,103.0,2364.67,Yes
CUST-101251,Male,0,Yes,No,69,Yes,No,No,No internet service,No internet service,No internet service,No internet service,No internet service,No internet service,Month-to-month,No,Bank transfer (automatic),18.0,1255.78,No
CUST-101892,Female,1,No,No,64,Yes,No,No,No internet service,No internet service,No internet service,No internet service,No internet service,No internet service,Month-to-month,No,Mailed check,22.22,1389.6,No
CUST-104052,Female,0,Yes,No,42,Yes,Yes,Fiber optic,No,Yes,Yes,No,No,Yes,Month-to-month,No,Electronic check,81.04,3403.57,No
CUST-103670,Male,0,No,No,69,No,No phone service,DSL,Yes,Yes,No,Yes,Yes,No,Month-to-month,No,Credit card (automatic),64.15,4477.73,No
CUST-100568,Female,1,Yes,No,0,Yes,No,Fiber optic,Yes,No,Yes,No,Yes,No,Two year,Yes,Bank transfer (automatic),85.68,85.68,Yes
CUST-103453,Male,0,No,No,67,Yes,No,No,No internet service,No internet service,No internet service,No internet service,No internet service,No internet service,Two year,Yes,Credit card (automatic),23.82,1588.37,No
CUST-105010,Female,0,Yes,Yes,68,Yes,Yes,No,No internet service,No internet service,No internet service,No internet service,No internet service,No internet service,Month-to-month,Yes,Electronic check,30.34,2073.76,Yes
CUST-100436,Female,0,No,No,21,Yes,No,Fiber optic,Yes,No,Yes,No,No,Yes,One year,Yes,Mailed check,85.82,1803.81,No
CUST-101559,Female,0,No,No,60,Yes,Yes,Fiber optic,No,No,Yes,No,Yes,No,Two year,No,Mailed check,80.4,4831.31,No
CUST-104908,Female,1,Yes,Yes,20,Yes,No,DSL,Yes,Yes,Yes,Yes,No,No,Month-to-month,No,Credit card (automatic),67.86,1367.36,No
CUST-100655,Female,0,Yes,Yes,3,Yes,Yes,No,No internet service,No internet service,No internet service,No internet service,No internet service,No internet service,Two year,No,Electronic check,32.68,107.66,No
CUST-100554,Female,0,Yes,Yes,26,Yes,Yes,Fiber optic,Yes,No,No,No,Yes,No,Two year,No,Electronic check,82.6,2152.1,Yes
CUST-106525,Male,0,Yes,Yes,2,Yes,Yes,Fiber optic,No,Yes,Yes,Yes,Yes,Yes,Month-to-month,No,Mailed check,99.04,187.57,Yes
CUST-102042,Female,0,Yes,No,66,Yes,No,No,No internet service,No internet service,No internet service,No internet service,No internet service,No internet service,One year,No,Credit card (automatic),24.83,1640.01,No
CUST-105051,Male,0,Yes,No,18,Yes,Yes,Fiber optic,No,No,No,No,Yes,No,Month-to-month,Yes,Mailed check,75.42,1348.06,Yes
CUST-106617,Female,0,Yes,No,34,Yes,Yes,No,No internet service,No internet service,No internet service,No internet service,No internet service,No internet service,Month-to-month,Yes,Electronic check,22.84,816.22,No
CUST-100602,Female,0,No,Yes,48,Yes,No,Fiber optic,No,No,Yes,Yes,No,No,One year,Yes,Credit card (automatic),79.56,3772.24,No
CUST-100611,Male,0,No,No,1,Yes,No,No,No internet service,No internet service,No internet service,No internet service,No internet service,No internet service,One year,No,Credit card (automatic),23.3,10.61,No
CUST-102357,Male,0,Yes,No,8,Yes,Yes,DSL,No,Yes,No,No,No,Yes,One year,No,Mailed check,63.44,508.01,No
CUST-104204,Male,0,Yes,Yes,1,Yes,No,DSL,No,No,Yes,No,Yes,Yes,Month-to-month,Yes,Credit card (automatic),68.51,88.0,Yes
CUST-104039,Male,0,No,No,46,Yes,Yes,Fiber optic,Yes,Yes,Yes,Yes,No,Yes,One year,No,Bank transfer (automatic),95.81,4431.72,No
CUST-102471,Male,0,Yes,No,45,No,No phone service,Fiber optic,No,Yes,Yes,Yes,No,Yes,Month-to-month,No,Bank transfer (automatic),81.93,3646.22,No
CUST-101733,Female,0,Yes,No,60,Yes,Yes,No,No internet service,No internet service,No internet service,No internet service,No internet service,No internet service,Month-to-month,Yes,Bank transfer (automatic),26.33,1608.37,No
CUST-105922,Female,0,No,No,66,Yes,Yes,Fiber optic,No,Yes,No,Yes,No,Yes,One year,Yes,Credit card (automatic),85.27,5609.93,No
CUST-104578,Male,1,No,No,28,Yes,Yes,DSL,No,No,Yes,No,Yes,No,Month-to-month,No,Bank transfer (automatic),64.14,1815.12,No
CUST-100151,Male,0,Yes,No,63,Yes,Yes,DSL,Yes,Yes,No,No,Yes,Yes,Month-to-month,Yes,Mailed check,73.93,4617.81,No
CUST-105456,Male,0,No,No,36,Yes,No,DSL,No,No,Yes,Yes,No,Yes,Month-to-month,Yes,Credit card (automatic),59.42,2134.78,Yes
CUST-104642,Female,0,Yes,No,57,Yes,No,DSL,No,Yes,No,No,Yes,Yes,Month-to-month,Yes,Bank transfer (automatic),69.26,3964.19,No
CUST-102073,Male,1,Yes,No,65,No,No phone service,DSL,No,Yes,No,No,Yes,Yes,Month-to-month,Yes,Mailed check,60.7,3912.7,No
CUST-100782,Male,0,No,No,32,Yes,Yes,Fiber optic,No,Yes,Yes,No,Yes,Yes,Two year,No,Electronic check,96.84,3102.83,No
CUST-103053,Male,0,No,No,59,Yes,No,DSL,No,No,Yes,No,No,Yes,Two year,No,Electronic check,58.62,3497.07,No
CUST-100166,Male,0,Yes,Yes,63,Yes,Yes,DSL,No,Yes,No,No,No,No,Two year,Yes,Credit card (automatic),49.94,3158.92,No
CUST-103789,Male,0,Yes,Yes,3,Yes,Yes,Fiber optic,Yes,No,No,No,Yes,Yes,Month-to-month,No,Bank transfer (automatic),93.5,288.45,No
CUST-105216,Female,0,Yes,No,49,Yes,Yes,DSL,No,No,No,No,No,Yes,Two year,Yes,Mailed check,52.51,2568.01,No
CUST-106376,Male,0,No,No,55,Yes,Yes,DSL,No,Yes,No,Yes,No,Yes,Month-to-month,Yes,Bank transfer (automatic),70.59,3921.83,No
CUST-105825,Female,0,No,No,59,Yes,No,Fiber optic,No,Yes,No,No,No,Yes,One year,Yes,Electronic check,72.94,4296.37,Yes
CUST-104875,Female,0,Yes,No,42,Yes,Yes,DSL,Yes,No,No,Yes,Yes,No,One year,No,Bank transfer (automatic),71.36,3000.83,No
CUST-100142,Male,0,No,No,12,Yes,No,No,No internet service,No internet service,No internet service,No internet service,No internet service,No internet service,Two year,Yes,Bank transfer (automatic),19.76,260.74,No
CUST-101986,Female,1,Yes,No,4,Yes,Yes,DSL,No,Yes,Yes,No,No,Yes,Month-to-month,No,Credit card (automatic),70.39,313.02,Yes
CUST-104678,Female,0,No,No,66,Yes,Yes,Fiber optic,No,No,Yes,Yes,No,No,Month-to-month,Yes,Bank transfer (automatic),72.6,4792.35,No
CUST-105490,Male,1,Yes,Yes,64,Yes,No,DSL,No,No,No,Yes,Yes,No,Month-to-month,No,Credit card (automatic),57.86,3728.2,No
CUST-106629,Male,0,Yes,Yes,58,Yes,No,DSL,No,Yes,Yes,Yes,Yes,Yes,Month-to-month,No,Bank transfer (automatic),77.17,4476.16,No
CUST-104059,Female,1,Yes,No,64,Yes,Yes,Fiber optic,Yes,No,Yes,No,Yes,No,Month-to-month,No,Credit card (automatic),87.45,5585.38,Yes
CUST-103443,Male,0,Yes,No,68,Yes,Yes,Fiber optic,No,No,No,No,No,Yes,Month-to-month,No,Electronic check,75.84,5157.46,No
CUST-103981,Male,1,No,No,14,Yes,Yes,Fiber optic,No,No,Yes,Yes,No,No,Month-to-month,Yes,Mailed check,80.66,1124.13,No
CUST-102693,Male,0,Yes,No,23,No,No phone service,No,No internet service,No internet service,No internet service,No internet service,No internet service,No internet service,Two year,Yes,Electronic check,24.52,592.88,No
CUST-100989,Female,0,No,No,15,Yes,No,DSL,No,No,No,No,Yes,Yes,Month-to-month,No,Electronic check,61.34,923.33,No
CUST-103422,Female,0,Yes,No,44,Yes,Yes,DSL,No,No,Yes,No,Yes,Yes,Two year,No,Electronic check,71.65,3125.52,Yes
CUST-101758,Female,0,Yes,No,8,No,No phone service,Fiber optic,No,Yes,Yes,No,No,Yes,Month-to-month,No,Electronic check,80.14,645.18,No
CUST-102369,Male,0,Yes,No,13,Yes,No,DSL,No,No,Yes,Yes,No,Yes,One year,No,Credit card (automatic),63.97,791.18,No
CUST-101021,Male,0,Yes,Yes,40,Yes,No,DSL,Yes,No,No,No,No,Yes,One year,No,Mailed check,56.37,2215.5,No
CUST-105766,Male,0,No,No,48,Yes,Yes,DSL,No,Yes,No,Yes,Yes,Yes,Two year,Yes,Bank transfer (automatic),73.3,3520.25,Yes
CUST-100866,Female,0,Yes,No,51,Yes,No,Fiber optic,Yes,Yes,Yes,Yes,Yes,Yes,Month-to-month,No,Mailed check,101.44,5200.95,No
CUST-103020,Male,1,No,No,58,Yes,Yes,Fiber optic,No,No,No,No,Yes,No,Month-to-month,No,Mailed check,76.54,4448.36,No
CUST-106309,Male,0,Yes,No,37,Yes,Yes,DSL,Yes,Yes,No,Yes,No,No,Month-to-month,Yes,Credit card (automatic),68.93,2580.26,No
CUST-106199,Male,0,No,No,16,Yes,Yes,Fiber optic,No,Yes,No,No,Yes,No,Month-to-month,Yes,Electronic check,76.23,1176.58,Yes
CUST-101697,Male,0,Yes,No,61,Yes,Yes,Fiber optic,No,No,No,Yes,No,No,Month-to-month,No,Credit card (automatic),68.85,4230.85,No
CUST-100327,Male,0,No,No,27,Yes,No,DSL,Yes,No,No,No,No,Yes,Month-to-month,Yes,Mailed check,55.25,1461.39,No
CUST-105021,Male,0,No,No,8,Yes,Yes,Fiber optic,Yes,Yes,No,No,Yes,Yes,Two year,Yes,Mailed check,95.9,773.05,Yes
CUST-100803,Female,0,No,Yes,33,Yes,No,Fiber optic,Yes,Yes,Yes,No,No,No,Month-to-month,Yes,Electronic check,79.3,2607.61,Yes
CUST-104935,Female,0,Yes,Yes,23,Yes,No,DSL,No,Yes,Yes,No,Yes,Yes,Month-to-month,No,Electronic check,73.59,1685.2,No
CUST-104838,Female,0,No,Yes,40,Yes,No,No,No internet service,No internet service,No internet service,No internet service,No internet service,No internet service,One year,No,Bank transfer (automatic),25.22,1038.25,No
CUST-106699,Male,0,No,No,41,Yes,Yes,DSL,No,No,Yes,No,No,No,One year,Yes,Mailed check,49.78,2048.77,No
CUST-102903,Female,0,No,No,30,Yes,Yes,Fiber optic,No,No,Yes,No,Yes,No,Two year,No,Electronic check,87.02,2633.7,No
CUST-104768,Male,0,Yes,Yes,58,Yes,No,Fiber optic,No,No,No,No,No,Yes,One year,No,Electronic check,69.14,4050.28,No
CUST-104610,Male,0,Yes,Yes,21,Yes,Yes,Fiber optic,No,Yes,Yes,No,Yes,Yes,Two year,No,Credit card (automatic),97.92,2032.61,No
CUST-104161,Male,1,Yes,No,44,Yes,No,DSL,Yes,No,No,No,Yes,No,Two year,Yes,Mailed check,58.58,2553.38,No
CUST-104676,Female,0,Yes,No,45,Yes,No,DSL,Yes,No,No,No,No,No,Month-to-month,No,Electronic check,48.29,2161.11,No
CUST-100401,Female,0,Yes,Yes,19,Yes,No,Fiber optic,Yes,No,Yes,No,Yes,No,Month-to-month,No,Credit card (automatic),82.43,1587.8,No
CUST-103413,Male,0,Yes,No,27,Yes,No,DSL,No,Yes,Yes,Yes,Yes,Yes,One year,No,Electronic check,82.95,2243.44,No
CUST-101346,Female,0,No,No,39,No,No phone service,DSL,Yes,No,Yes,Yes,Yes,Yes,Month-to-month,Yes,Electronic check,70.69,2801.25,No
CUST-102391,Male,0,No,Yes,46,Yes,No,No,No internet service,No internet service,No internet service,No internet service,No internet service,No internet service,One year,Yes,Credit card (automatic),27.47,1245.57,No
CUST-101267,Male,0,No,No,6,Yes,Yes,Fiber optic,No,No,No,No,Yes,No,Month-to-month,No,Credit card (automatic),80.7,495.33,Yes
CUST-101443,Male,1,Yes,No,56,Yes,No,DSL,Yes,No,No,No,No,No,One year,Yes,Mailed check,51.9,2881.29,No
CUST-106035,Male,0,Yes,No,48,Yes,No,Fiber optic,No,Yes,No,Yes,No,Yes,One year,Yes,Mailed check,84.24,4036.46,No
CUST-100185,Male,0,No,No,9,Yes,No,DSL,No,No,Yes,No,No,No,One year,Yes,Credit card (automatic),49.97,450.81,Yes
CUST-105894,Female,0,Yes,Yes,55,Yes,Yes,No,No internet service,No internet service,No internet service,No internet service,No internet service,No internet service,Month-to-month,No,Electronic check,24.99,1413.47,No
CUST-102085,Female,1,Yes,No,15,Yes,Yes,DSL,Yes,No,Yes,No,Yes,Yes,Month-to-month,No,Bank transfer (automatic),74.39,1096.7,No
CUST-100096,Male,1,Yes,Yes,63,Yes,Yes,No,No internet service,No internet service,No internet service,No internet service,No internet service,No internet service,Month-to-month,No,Electronic check,25.58,1621.02,No
CUST-106612,Female,0,Yes,No,9,Yes,Yes,Fiber optic,No,Yes,Yes,No,Yes,Yes,Two year,No,Mailed check,95.61,858.27,No
CUST-102119,Female,0,No,No,45,Yes,No,DSL,No,No,No,Yes,Yes,Yes,One year,Yes,Mailed check,68.52,3088.2,Yes
CUST-104515,Female,0,No,No,44,Yes,No,Fiber optic,No,Yes,Yes,Yes,No,Yes,One year,Yes,Electronic check,81.81,3579.76,No
CUST-105917,Male,0,No,No,11,Yes,Yes,Fiber optic,No,No,No,Yes,Yes,Yes,Two year,No,Electronic check,96.28,1057.59,No
CUST-101752,Female,0,No,No,40,Yes,No,No,No internet service,No internet service,No internet service,No internet service,No internet service,No internet service,One year,No,Electronic check,24.28,999.63,No
CUST-100469,Female,0,Yes,Yes,0,No,No phone service,Fiber optic,No,No,Yes,No,No,No,Month-to-month,No,Credit card (automatic),61.67,61.67,No
CUST-104454,Female,0,No,No,7,No,No phone service,DSL,No,No,No,Yes,No,Yes,One year,Yes,Bank transfer (automatic),53.1,394.84,No
CUST-101659,Male,0,No,No,15,Yes,No,No,No internet service,No internet service,No internet service,No internet service,No internet service,No internet service,Month-to-month,Yes,Electronic check,22.86,351.61,No
CUST-103762,Female,0,Yes,Yes,45,Yes,No,No,No internet service,No internet service,No internet service,No internet service,No internet service,No internet service,Month-to-month,Yes,Mailed check,20.49,911.42,No
CUST-103238,Female,0,No,No,17,Yes,No,DSL,No,No,Yes,Yes,Yes,Yes,Month-to-month,Yes,Credit card (automatic),70.9,1196.08,No
CUST-103825,Female,0,No,No,41,Yes,No,Fiber optic,No,No,Yes,No,Yes,No,Month-to-month,Yes,Bank transfer (automatic),73.92,3018.18,No
CUST-101476,Male,0,Yes,Yes,15,Yes,No,DSL,Yes,No,No,No,No,Yes,One year,Yes,Bank transfer (automatic),52.13,767.33,No
CUST-102305,Male,0,Yes,No,28,No,No phone service,No,No internet service,No internet service,No internet service,No internet service,No internet service,No internet service,Month-to-month,No,Credit card (automatic),21.9,592.76,No
CUST-103158,Female,0,No,No,32,No,No phone service,Fiber optic,No,Yes,No,No,No,No,One year,Yes,Mailed check,64.89,2083.05,Yes
CUST-104025,Male,0,No,No,23,Yes,Yes,DSL,Yes,No,No,Yes,No,No,One year,No,Mailed check,59.59,1361.91,No
CUST-104620,Female,0,Yes,No,23,Yes,Yes,Fiber optic,No,No,No,No,No,Yes,One year,Yes,Electronic check,76.39,1731.32,Yes
CUST-106830,Female,0,Yes,Yes,16,Yes,Yes,No,No internet service,No internet service,No internet service,No internet service,No internet service,No internet service,Month-to-month,No,Mailed check,27.9,476.25,No
CUST-101377,Female,0,Yes,Yes,15,Yes,Yes,Fiber optic,No,Yes,No,Yes,Yes,Yes,Two year,Yes,Bank transfer (automatic),92.36,1395.8,No
CUST-103041,Male,0,No,No,40,No,No phone service,No,No internet service,No internet service,No internet service,No internet service,No internet service,No internet service,Month-to-month,Yes,Electronic check,18.0,687.13,No
CUST-101221,Female,0,No,No,10,Yes,Yes,Fiber optic,No,No,Yes,Yes,No,Yes,Month-to-month,No,Mailed check,92.15,941.58,Yes
CUST-104510,Male,1,Yes,Yes,0,Yes,Yes,Fiber optic,No,No,Yes,No,Yes,Yes,Two year,Yes,Bank transfer (automatic),87.63,87.63,No
CUST-106415,Male,0,Yes,No,25,Yes,Yes,No,No internet service,No internet service,No internet service,No internet service,No internet service,No internet service,Month-to-month,No,Mailed check,28.45,694.38,No
CUST-102403,Female,0,No,No,36,Yes,No,Fiber optic,No,No,No,Yes,No,Yes,Month-to-month,Yes,Mailed check,78.91,2817.46,Yes
CUST-102212,Female,1,No,No,59,Yes,Yes,Fiber optic,No,Yes,No,No,No,No,One year,No,Credit card (automatic),73.19,4324.19,No
CUST-104057,Female,0,No,No,67,Yes,No,Fiber optic,No,Yes,No,No,Yes,Yes,Month-to-month,Yes,Electronic check,86.38,5756.94,No
CUST-100943,Male,1,Yes,No,57,Yes,Yes,Fiber optic,No,Yes,Yes,No,No,Yes,Month-to-month,No,Bank transfer (automatic),91.14,5197.18,No
CUST-100241,Female,0,No,Yes,3,Yes,No,Fiber optic,Yes,Yes,Yes,No,Yes,No,Month-to-month,No,Mailed check,85.22,295.99,Yes
CUST-101926,Male,1,No,No,9,No,No phone service,Fiber optic,No,No,No,Yes,No,Yes,Month-to-month,Yes,Electronic check,72.94,660.49,Yes
CUST-102603,Female,0,No,No,31,Yes,No,No,No internet service,No internet service,No internet service,No internet service,No internet service,No internet service,Month-to-month,No,Electronic check,23.43,713.08,No
CUST-100526,Female,0,Yes,No,1,Yes,No,DSL,No,No,Yes,Yes,Yes,Yes,One year,Yes,Mailed check,68.86,81.72,No
CUST-103785,Female,1,Yes,Yes,30,Yes,Yes,DSL,No,No,No,No,Yes,No,Month-to-month,No,Mailed check,58.14,1762.97,No
CUST-101159,Male,0,No,No,62,Yes,No,No,No internet service,No internet service,No internet service,No internet service,No internet service,No internet service,Month-to-month,Yes,Electronic check,20.58,1312.66,No
CUST-105199,Female,0,Yes,No,22,Yes,No,Fiber optic,Yes,No,No,No,Yes,No,Month-to-month,Yes,Electronic check,82.17,1826.84,Yes
CUST-104483,Male,1,No,No,4,No,No phone service,No,No internet service,No internet service,No internet service,No internet service,No internet service,No internet service,Two year,No,Mailed check,18.0,74.72,No
CUST-102960,Female,0,Yes,No,48,Yes,No,DSL,No,No,No,No,No,No,Month-to-month,Yes,Bank transfer (automatic),44.94,2132.82,Yes
CUST-102252,Male,0,No,No,28,Yes,Yes,No,No internet service,No internet service,No internet service,No internet service,No internet service,No internet service,Month-to-month,Yes,Credit card (automatic),28.02,770.92,Yes
CUST-105706,Male,0,No,No,26,Yes,No,No,No internet service,No internet service,No internet service,No internet service,No internet service,No internet service,Month-to-month,No,Credit card (automatic),22.29,556.66,Yes
CUST-104293,Male,0,No,No,31,Yes,Yes,Fiber optic,No,Yes,No,No,Yes,Yes,Month-to-month,Yes,Electronic check,92.7,2883.09,Yes
CUST-102325,Female,0,No,No,68,Yes,Yes,No,No internet service,No internet service,No internet service,No internet service,No internet service,No internet service,Month-to-month,Yes,Bank transfer (automatic),23.48,1575.32,No
CUST-105796,Female,0,Yes,Yes,55,Yes,No,No,No internet service,No internet service,No internet service,No internet service,No internet service,No internet service,Two year,Yes,Electronic check,18.69,1035.53,No
CUST-101478,Male,0,Yes,Yes,8,Yes,No,No,No internet service,No internet service,No internet service,No internet service,No internet service,No internet service,Month-to-month,No,Credit card (automatic),18.82,140.03,No
CUST-103988,Male,0,Yes,Yes,12,Yes,Yes,Fiber optic,No,No,Yes,No,No,Yes,Month-to-month,Yes,Credit card (automatic),85.86,1028.81,Yes
CUST-105573,Female,0,Yes,Yes,54,Yes,Yes,Fiber optic,Yes,Yes,No,No,No,Yes,Two year,Yes,Electronic check,83.95,4540.66,No
CUST-100320,Male,0,No,No,62,Yes,No,DSL,No,No,No,Yes,Yes,No,Month-to-month,Yes,Mailed check,55.0,3410.6,No
CUST-106858,Male,0,No,No,54,Yes,Yes,No,No internet service,No internet service,No internet service,No internet service,No internet service,No internet service,One year,Yes,Electronic check,26.58,1430.93,No
CUST-104215,Female,0,Yes,Yes,41,Yes,No,Fiber optic,No,Yes,No,Yes,Yes,No,Month-to-month,Yes,Electronic check,82.16,3368.54,No
CUST-101084,Male,0,No,No,11,Yes,Yes,No,No internet service,No internet service,No internet service,No internet service,No internet service,No internet service,One year,Yes,Mailed check,26.78,311.14,No
CUST-103652,Male,1,No,No,46,Yes,Yes,No,No internet service,No internet service,No internet service,No internet service,No internet service,No internet service,Month-to-month,Yes,Credit card (automatic),29.05,1319.38,No
CUST-101191,Male,0,No,No,17,Yes,No,Fiber optic,Yes,Yes,Yes,No,No,No,One year,Yes,Mailed check,81.57,1400.96,No
CUST-103827,Female,0,Yes,No,22,Yes,No,Fiber optic,No,Yes,Yes,Yes,No,No,Month-to-month,Yes,Credit card (automatic),78.0,1724.28,Yes
CUST-100620,Male,1,No,No,44,Yes,No,Fiber optic,Yes,Yes,No,Yes,No,No,Month-to-month,Yes,Electronic check,79.21,3481.27,Yes
CUST-102098,Female,0,No,No,69,No,No phone service,No,No internet service,No internet service,No internet service,No internet service,No internet service,No internet service,One year,Yes,Bank transfer (automatic),18.0,1227.48,No
CUST-104800,Female,0,Yes,No,32,Yes,Yes,DSL,No,Yes,Yes,No,No,Yes,Month-to-month,No,Mailed check,70.84,2275.06,No
CUST-102803,Male,0,No,No,50,Yes,No,DSL,Yes,No,Yes,No,Yes,Yes,Month-to-month,Yes,Bank transfer (automatic),67.07,3342.45,No
CUST-101864,Female,1,No,No,36,Yes,No,DSL,No,Yes,No,No,Yes,No,Two year,No,Electronic check,64.25,2359.3,Yes
CUST-102295,Female,0,No,No,71,Yes,Yes,DSL,Yes,No,No,No,No,Yes,One year,Yes,Credit card (automatic),61.41,4373.31,No
CUST-101959,Male,0,Yes,Yes,27,Yes,No,DSL,No,No,No,Yes,No,Yes,Month-to-month,Yes,Bank transfer (automatic),60.62,1652.55,No
CUST-106022,Male,0,No,No,62,Yes,No,DSL,No,Yes,Yes,No,No,No,Month-to-month,Yes,Bank transfer (automatic),56.23,3521.34,Yes
CUST-100577,Female,0,No,Yes,41,Yes,Yes,Fiber optic,Yes,No,No,No,No,Yes,Month-to-month,Yes,Mailed check,79.1,3230.18,Yes
CUST-101395,Female,0,Yes,Yes,49,No,No phone service,No,No internet service,No internet service,No internet service,No internet service,No internet service,No internet service,Month-to-month,Yes,Mailed check,21.04,1037.99,No
CUST-104693,Female,1,Yes,Yes,24,No,No phone service,DSL,No,No,Yes,No,No,Yes,Two year,No,Electronic check,52.89,1279.79,No
CUST-102754,Female,1,No,No,57,Yes,No,No,No internet service,No internet service,No internet service,No internet service,No internet service,No internet service,Month-to-month,Yes,Electronic check,23.18,1328.09,No
CUST-101805,Male,0,Yes,Yes,70,Yes,Yes,DSL,No,No,No,Yes,No,No,Month-to-month,No,Electronic check,51.1,3568.14,No
CUST-102854,Female,0,No,No,61,Yes,No,Fiber optic,No,No,No,Yes,Yes,Yes,Month-to-month,No,Electronic check,87.71,5332.72,No
CUST-106076,Male,0,Yes,Yes,18,Yes,No,DSL,No,Yes,Yes,Yes,No,No,Month-to-month,Yes,Mailed check,59.23,1076.31,Yes
CUST-100170,Male,0,Yes,No,50,Yes,No,Fiber optic,Yes,No,No,No,No,Yes,Month-to-month,No,Bank transfer (automatic),83.41,4204.73,Yes
CUST-102041,Female,0,No,No,61,Yes,Yes,No,No internet service,No internet service,No internet service,No internet service,No internet service,No internet service,Month-to-month,Yes,Electronic check,27.13,1679.78,No
CUST-101233,Female,0,Yes,No,36,Yes,No,Fiber optic,No,Yes,Yes,No,Yes,Yes,One year,Yes,Bank transfer (automatic),91.98,3276.93,No
CUST-106025,Female,0,No,No,20,Yes,No,No,No internet service,No internet service,No internet service,No internet service,No internet service,No internet service,Month-to-month,No,Electronic check,20.59,399.97,No
CUST-105161,Male,0,No,No,7,Yes,No,DSL,No,No,Yes,No,Yes,No,Two year,Yes,Electronic check,62.17,435.41,No
CUST-105293,Female,0,Yes,Yes,54,Yes,No,No,No internet service,No internet service,No internet service,No internet service,No internet service,No internet service,One year,Yes,Electronic check,23.98,1299.27,No
CUST-106991,Female,0,No,No,46,Yes,No,Fiber optic,No,Yes,Yes,No,No,Yes,One year,Yes,Electronic check,83.38,3821.25,Yes
CUST-101275,Female,0,Yes,Yes,40,Yes,No,Fiber optic,Yes,No,No,No,Yes,Yes,Two year,Yes,Electronic check,86.74,3523.48,No
CUST-103118,Male,0,Yes,No,67,Yes,No,Fiber optic,No,No,No,Yes,No,No,Month-to-month,No,Credit card (automatic),71.29,4765.0,No
CUST-102949,Female,0,Yes,Yes,15,Yes,Yes,Fiber optic,Yes,Yes,Yes,No,No,No,Two year,No,Credit card (automatic),81.84,1271.2,Yes
CUST-106793,Male,0,Yes,Yes,41,Yes,Yes,No,No internet service,No internet service,No internet service,No internet service,No internet service,No internet service,One year,No,Credit card (automatic),31.7,1296.8,No
CUST-101890,Male,0,Yes,Yes,10,No,No phone service,DSL,No,Yes,Yes,Yes,No,No,One year,Yes,Electronic check,51.42,498.28,No
CUST-100677,Male,1,No,Yes,32,Yes,No,DSL,Yes,Yes,Yes,Yes,Yes,Yes,One year,Yes,Mailed check,79.63,2590.98,No
CUST-105232,Male,0,Yes,Yes,15,Yes,No,Fiber optic,Yes,Yes,No,No,No,Yes,Two year,Yes,Mailed check,83.39,1266.98,No
CUST-104413,Female,1,Yes,No,28,Yes,No,DSL,Yes,No,Yes,Yes,No,Yes,Two year,Yes,Bank transfer (automatic),63.63,1753.88,No
CUST-106593,Female,0,Yes,Yes,41,Yes,No,Fiber optic,No,Yes,No,Yes,No,Yes,Month-to-month,No,Credit card (automatic),81.18,3335.45,No
CUST-105079,Female,0,Yes,No,41,No,No phone service,DSL,No,Yes,No,Yes,Yes,Yes,Month-to-month,No,Bank transfer (automatic),66.88,2758.85,No
CUST-101296,Male,0,No,No,67,Yes,No,Fiber optic,Yes,Yes,Yes,No,Yes,No,Month-to-month,Yes,Mailed check,83.05,5546.74,No
CUST-104149,Male,0,No,No,36,Yes,No,No,No internet service,No internet service,No internet service,No internet service,No internet service,No internet service,Month-to-month,No,Mailed check,25.66,935.06,No
CUST-103400,Female,0,Yes,Yes,30,Yes,No,DSL,Yes,No,Yes,Yes,Yes,Yes,Month-to-month,No,Bank transfer (automatic),77.12,2331.86,No
CUST-106315,Male,0,No,No,66,Yes,Yes,No,No internet service,No internet service,No internet service,No internet service,No internet service,No internet service,Two year,No,Electronic check,27.23,1814.07,No
CUST-106946,Male,1,Yes,No,28,Yes,Yes,DSL,No,No,No,Yes,Yes,No,Month-to-month,Yes,Credit card (automatic),59.96,1689.52,No
CUST-103900,Female,0,Yes,No,12,No,No phone service,Fiber optic,Yes,No,No,No,Yes,No,One year,Yes,Mailed check,70.81,841.78,No
CUST-104637,Male,0,Yes,Yes,33,No,No phone service,No,No internet service,No internet service,No internet service,No internet service,No internet service,No internet service,Month-to-month,Yes,Mailed check,22.61,743.48,Yes
CUST-103342,Male,0,No,No,58,Yes,Yes,Fiber optic,Yes,No,No,No,No,No,One year,Yes,Bank transfer (automatic),79.87,4634.07,No
CUST-100301,Female,0,Yes,No,15,Yes,Yes,No,No internet service,No internet service,No internet service,No internet service,No internet service,No internet service,One year,No,Electronic check,25.36,396.65,No
CUST-100365,Female,0,Yes,No,8,Yes,Yes,DSL,No,Yes,Yes,No,Yes,No,Month-to-month,No,Electronic check,69.44,552.29,Yes
CUST-104499,Male,1,No,No,62,Yes,Yes,No,No internet service,No internet service,No internet service,No internet service,No internet service,No internet service,Month-to-month,Yes,Bank transfer (automatic),30.69,1887.85,No
CUST-104198,Female,0,Yes,No,24,Yes,No,Fiber optic,No,No,Yes,No,No,No,Two year,No,Mailed check,70.43,1651.29,No
CUST-106009,Male,0,Yes,No,63,Yes,No,Fiber optic,Yes,Yes,Yes,No,Yes,Yes,Two year,Yes,Electronic check,96.91,6130.78,No
CUST-102795,Female,0,Yes,Yes,25,Yes,No,Fiber optic,No,No,No,No,No,Yes,Two year,Yes,Electronic check,72.25,1761.56,No
CUST-103694,Male,0,No,No,28,Yes,No,No,No internet service,No internet service,No internet service,No internet service,No internet service,No internet service,Two year,Yes,Credit card (automatic),20.32,578.05,No
CUST-100857,Male,0,No,No,19,Yes,No,DSL,No,Yes,No,No,Yes,Yes,One year,Yes,Bank transfer (automatic),63.2,1182.05,Yes
CUST-103005,Male,0,No,No,50,Yes,No,Fiber optic,No,Yes,Yes,No,No,Yes,One year,Yes,Bank transfer (automatic),78.75,3946.86,No
CUST-104817,Male,1,Yes,No,38,Yes,Yes,No,No internet service,No internet service,No internet service,No internet service,No internet service,No internet service,Month-to-month,Yes,Mailed check,31.6,1167.51,No
CUST-104849,Female,0,Yes,No,37,Yes,Yes,Fiber optic,No,No,Yes,Yes,No,No,Month-to-month,Yes,Mailed check,86.91,3227.02,No
CUST-105726,Female,1,No,No,35,Yes,No,Fiber optic,Yes,No,Yes,Yes,Yes,Yes,One year,Yes,Credit card (automatic),99.02,3470.6,Yes
CUST-100544,Female,0,No,Yes,34,Yes,No,DSL,No,No,No,Yes,No,No,One year,No,Bank transfer (automatic),53.09,1780.8,No
CUST-104387,Male,0,No,Yes,48,Yes,No,DSL,Yes,Yes,Yes,No,No,Yes,One year,No,Electronic check,66.14,3140.05,No
CUST-105118,Female,0,Yes,Yes,70,No,No phone service,Fiber optic,Yes,No,Yes,Yes,Yes,Yes,Month-to-month,No,Mailed check,88.83,6235.76,No
CUST-103688,Female,0,No,No,35,Yes,No,Fiber optic,No,Yes,Yes,No,No,Yes,Month-to-month,Yes,Electronic check,83.74,2896.48,No
CUST-102869,Male,0,No,No,54,Yes,No,Fiber optic,No,No,Yes,Yes,No,No,Month-to-month,Yes,Bank transfer (automatic),73.66,4009.71,No
CUST-101870,Male,0,No,No,13,Yes,No,Fiber optic,No,No,No,Yes,No,No,Month-to-month,Yes,Credit card (automatic),65.84,845.23,No
CUST-106684,Male,0,No,No,15,Yes,Yes,No,No internet service,No internet service,No internet service,No internet service,No internet service,No internet service,One year,Yes,Electronic check,25.42,414.63,No
CUST-103231,Male,0,Yes,Yes,40,Yes,Yes,No,No internet service,No internet service,No internet service,No internet service,No internet service,No internet service,One year,No,Credit card (automatic),27.17,1113.91,Yes
CUST-101894,Male,0,Yes,Yes,47,Yes,No,Fiber optic,Yes,Yes,No,Yes,Yes,Yes,One year,No,Credit card (automatic),97.32,4588.49,Yes
CUST-101184,Male,1,No,No,17,Yes,Yes,DSL,No,No,Yes,No,No,Yes,One year,Yes,Electronic check,57.64,970.58,Yes
CUST-106239,Male,0,No,No,0,Yes,No,Fiber optic,Yes,No,Yes,Yes,Yes,No,Month-to-month,No,Bank transfer (automatic),91.68,91.68,Yes
CUST-103004,Female,0,Yes,No,45,Yes,Yes,Fiber optic,No,Yes,Yes,Yes,Yes,Yes,One year,Yes,Bank transfer (automatic),100.79,4548.08,No
CUST-101898,Female,0,Yes,No,37,Yes,No,No,No internet service,No internet service,No internet service,No internet service,No internet service,No internet service,Two year,Yes,Electronic check,22.76,825.78,No
CUST-100832,Male,0,Yes,Yes,64,Yes,Yes,Fiber optic,No,No,No,Yes,No,No,One year,No,Mailed check,70.68,4532.58,Yes
CUST-100690,Female,0,Yes,No,34,Yes,Yes,DSL,Yes,No,No,Yes,No,No,One year,No,Credit card (automatic),60.71,2088.7,No
CUST-105731,Male,0,No,No,67,Yes,No,No,No internet service,No internet service,No internet service,No internet service,No internet service,No internet service,Month-to-month,Yes,Mailed check,23.75,1573.85,No
CUST-103776,Female,0,No,No,61,Yes,No,Fiber optic,No,Yes,No,Yes,No,Yes,Month-to-month,Yes,Bank transfer (automatic),80.65,4879.1,Yes
CUST-101512,Female,0,No,No,28,No,No phone service,Fiber optic,Yes,No,Yes,No,No,Yes,Month-to-month,Yes,Credit card (automatic),76.17,2140.62,Yes
CUST-105874,Female,0,No,No,22,No,No phone service,Fiber optic,No,No,Yes,Yes,Yes,Yes,Month-to-month,Yes,Electronic check,86.4,1872.94,Yes
CUST-103882,Female,1,No,No,9,Yes,No,DSL,Yes,Yes,No,No,No,Yes,Month-to-month,Yes,Bank transfer (automatic),62.62,571.15,Yes
CUST-101075,Male,0,Yes,Yes,17,Yes,Yes,Fiber optic,Yes,No,Yes,No,No,No,One year,No,Credit card (automatic),81.66,1367.2,No
CUST-106779,Male,1,Yes,Yes,48,No,No phone service,Fiber optic,No,No,No,Yes,No,No,Month-to-month,Yes,Credit card (automatic),67.01,3234.41,No
CUST-104702,Female,0,No,No,24,Yes,Yes,DSL,No,Yes,No,No,No,Yes,Month-to-month,No,Electronic check,65.55,1578.24,Yes
CUST-102111,Female,0,Yes,No,64,Yes,No,Fiber optic,No,No,No,Yes,Yes,Yes,Month-to-month,No,Electronic check,85.27,5454.98,No
CUST-104922,Female,0,No,No,45,Yes,No,Fiber optic,Yes,Yes,No,No,Yes,Yes,Two year,Yes,Bank transfer (automatic),90.71,4110.78,No
CUST-106569,Male,0,Yes,No,29,Yes,Yes,DSL,Yes,No,No,Yes,Yes,No,One year,Yes,Credit card (automatic),68.13,2009.94,No
CUST-102602,Female,1,Yes,Yes,27,Yes,No,No,No internet service,No internet service,No internet service,No internet service,No internet service,No internet service,Month-to-month,No,Electronic check,22.62,586.44,No
CUST-101946,Male,0,No,No,3,Yes,Yes,DSL,No,Yes,No,No,No,Yes,Month-to-month,No,Electronic check,60.25,164.99,Yes
CUST-106428,Female,0,Yes,No,20,Yes,Yes,No,No internet service,No internet service,No internet service,No internet service,No internet service,No internet service,Two year,Yes,Electronic check,28.12,562.44,No
CUST-100752,Male,0,Yes,Yes,36,Yes,No,No,No internet service,No internet service,No internet service,No internet service,No internet service,No internet service,Two year,Yes,Bank transfer (automatic),19.89,668.86,No
CUST-101361,Male,1,No,No,24,Yes,Yes,Fiber optic,Yes,Yes,No,No,Yes,No,Two year,No,Mailed check,81.04,1936.4,Yes
CUST-104488,Female,0,Yes,Yes,35,Yes,Yes,DSL,No,No,No,No,No,No,Two year,No,Bank transfer (automatic),49.72,1706.23,No
CUST-102682,Male,0,Yes,No,21,Yes,Yes,Fiber optic,Yes,No,No,No,Yes,No,One year,Yes,Electronic check,82.35,1740.73,Yes
CUST-103284,Male,0,No,No,8,Yes,No,No,No internet service,No internet service,No internet service,No internet service,No internet service,No internet service,Two year,No,Bank transfer (automatic),23.71,188.96,No
CUST-105605,Male,0,Yes,Yes,70,Yes,No,Fiber optic,Yes,Yes,Yes,No,No,Yes,Month-to-month,No,Mailed check,88.49,6229.57,No
CUST-100363,Female,0,Yes,Yes,15,Yes,No,DSL,No,No,No,No,No,Yes,One year,Yes,Bank transfer (automatic),51.17,795.09,No
CUST-102764,Male,0,Yes,No,44,Yes,No,Fiber optic,No,No,No,No,No,No,Month-to-month,Yes,Credit card (automatic),64.61,2828.44,No
CUST-101135,Male,0,No,No,45,Yes,No,DSL,Yes,No,No,No,No,No,Month-to-month,No,Electronic check,54.67,2453.79,No
CUST-103212,Male,0,No,No,65,No,No phone service,Fiber optic,Yes,No,No,Yes,Yes,No,Month-to-month,Yes,Electronic check,83.27,5405.13,No
CUST-103807,Male,0,No,No,55,Yes,Yes,Fiber optic,No,No,No,No,Yes,Yes,Two year,Yes,Mailed check,90.23,4990.82,No
CUST-101679,Female,0,Yes,Yes,1,Yes,Yes,DSL,No,Yes,No,Yes,Yes,No,Month-to-month,Yes,Bank transfer (automatic),67.99,81.72,No
CUST-103589,Female,0,Yes,Yes,50,No,No phone service,Fiber optic,Yes,No,No,No,No,Yes,One year,No,Bank transfer (automatic),75.73,3750.9,No
CUST-102356,Male,0,Yes,No,66,Yes,No,DSL,No,No,Yes,No,Yes,No,Month-to-month,No,Credit card (automatic),59.46,3930.9,No
CUST-104725,Male,0,Yes,Yes,2,Yes,Yes,No,No internet service,No internet service,No internet service,No internet service,No internet service,No internet service,Month-to-month,Yes,Credit card (automatic),30.96,88.75,No
CUST-101622,Female,0,Yes,No,11,Yes,Yes,DSL,No,Yes,No,Yes,No,Yes,Month-to-month,Yes,Credit card (automatic),65.24,659.05,No
CUST-105613,Male,0,No,No,7,Yes,Yes,Fiber optic,Yes,No,Yes,Yes,No,Yes,Month-to-month,Yes,Electronic check,92.99,633.81,Yes
CUST-105416,Male,0,No,No,51,Yes,No,No,No internet service,No internet service,No internet service,No internet service,No internet service,No internet service,Month-to-month,Yes,Credit card (automatic),28.73,1474.65,No
CUST-104097,Male,0,Yes,Yes,15,Yes,Yes,Fiber optic,No,Yes,No,No,No,No,Month-to-month,Yes,Electronic check,75.56,1145.39,No
CUST-103014,Male,0,Yes,No,59,Yes,No,DSL,No,Yes,No,No,Yes,Yes,Two year,No,Bank transfer (automatic),66.29,3932.94,No
CUST-102068,Male,0,No,No,72,No,No phone service,DSL,Yes,Yes,No,Yes,Yes,Yes,Two year,No,Mailed check,73.93,5312.25,No
CUST-104389,Female,0,Yes,No,14,Yes,Yes,No,No internet service,No internet service,No internet service,No internet service,No internet service,No internet service,Month-to-month,Yes,Bank transfer (automatic),25.64,356.65,No
CUST-100879,Female,0,Yes,No,63,No,No phone service,DSL,No,Yes,No,Yes,Yes,Yes,One year,Yes,Bank transfer (automatic),63.19,3993.06,No
CUST-106293,Female,0,No,Yes,31,Yes,Yes,Fiber optic,No,Yes,No,Yes,No,Yes,One year,Yes,Mailed check,90.3,2836.9,No
CUST-103797,Male,0,Yes,Yes,7,Yes,No,DSL,Yes,Yes,Yes,No,No,Yes,Two year,No,Credit card (automatic),68.12,491.65,No
CUST-100758,Male,1,No,No,10,Yes,Yes,DSL,Yes,No,No,No,Yes,No,Month-to-month,No,Mailed check,64.43,655.0,Yes
CUST-103121,Female,0,No,No,9,Yes,Yes,DSL,No,Yes,No,No,Yes,No,Month-to-month,No,Electronic check,66.54,564.99,No
CUST-102402,Female,0,No,Yes,47,Yes,Yes,DSL,Yes,Yes,Yes,No,No,No,Month-to-month,Yes,Credit card (automatic),65.7,3071.81,No
CUST-102059,Male,0,Yes,Yes,20,Yes,No,DSL,Yes,Yes,No,No,No,No,Two year,Yes,Electronic check,51.55,1046.02,Yes
CUST-105158,Male,0,No,No,23,Yes,No,DSL,Yes,Yes,No,No,No,No,Month-to-month,Yes,Electronic check,53.59,1219.49,Yes
CUST-102577,Male,0,No,No,58,Yes,Yes,Fiber optic,Yes,Yes,Yes,No,No,No,One year,No,Electronic check,82.69,4751.44,No
CUST-101911,Female,0,No,No,39,Yes,Yes,Fiber optic,No,No,No,No,No,Yes,One year,Yes,Credit card (automatic),85.97,3395.24,Yes
CUST-104649,Male,0,No,No,41,Yes,No,DSL,No,No,No,No,Yes,No,Two year,Yes,Bank transfer (automatic),53.52,2181.9,No
CUST-105722,Female,0,No,No,35,Yes,No,Fiber optic,No,No,No,No,Yes,Yes,Month-to-month,No,Bank transfer (automatic),78.83,2779.1,Yes
CUST-101073,Female,0,No,No,34,Yes,No,Fiber optic,No,Yes,No,No,Yes,No,Two year,Yes,Mailed check,75.17,2552.34,No
CUST-100058,Female,0,No,No,40,Yes,Yes,No,No internet service,No internet service,No internet service,No internet service,No internet service,No internet service,Month-to-month,Yes,Electronic check,28.22,1176.47,Yes
CUST-105942,Male,0,Yes,No,71,Yes,Yes,DSL,Yes,No,No,No,Yes,Yes,Month-to-month,Yes,Mailed check,75.34,5358.23,No
CUST-102294,Female,0,Yes,No,64,Yes,Yes,Fiber optic,No,No,No,Yes,Yes,No,Two year,No,Bank transfer (automatic),80.77,5159.37,No
CUST-104821,Female,0,No,No,11,Yes,No,Fiber optic,No,Yes,Yes,Yes,Yes,No,One year,Yes,Mailed check,90.61,1024.34,No
CUST-106775,Female,0,No,No,65,Yes,Yes,Fiber optic,No,Yes,No,No,Yes,Yes,One year,Yes,Electronic check,94.25,6153.24,No
CUST-102398,Male,0,No,No,16,Yes,Yes,DSL,No,No,No,No,No,No,Two year,Yes,Electronic check,48.42,744.76,No
CUST-103133,Male,0,Yes,No,49,Yes,Yes,No,No internet service,No internet service,No internet service,No internet service,No internet service,No internet service,One year,Yes,Credit card (automatic),30.9,1532.5,No
CUST-101068,Male,0,Yes,No,61,Yes,Yes,Fiber optic,No,No,Yes,No,Yes,Yes,Two year,Yes,Electronic check,89.82,5459.73,No
CUST-102529,Female,0,Yes,Yes,24,Yes,No,Fiber optic,No,No,No,Yes,No,Yes,Two year,No,Credit card (automatic),79.11,1889.72,No
CUST-106119,Male,0,No,No,72,Yes,Yes,Fiber optic,Yes,Yes,Yes,No,Yes,No,One year,No,Bank transfer (automatic),95.58,6906.24,No
CUST-101477,Male,0,Yes,No,6,Yes,Yes,DSL,No,No,No,Yes,Yes,No,Month-to-month,Yes,Bank transfer (automatic),71.69,434.15,No
CUST-101513,Male,0,Yes,No,19,Yes,No,Fiber optic,No,No,No,No,No,No,Month-to-month,Yes,Electronic check,61.82,1189.02,No
CUST-103285,Male,0,No,No,36,Yes,Yes,Fiber optic,Yes,No,No,No,No,Yes,One year,Yes,Bank transfer (automatic),81.98,3002.57,No
CUST-106953,Female,0,Yes,Yes,34,Yes,No,DSL,No,Yes,No,No,No,Yes,Month-to-month,Yes,Electronic check,59.22,2050.11,Yes
CUST-103068,Male,0,Yes,No,70,Yes,Yes,Fiber optic,No,Yes,No,Yes,No,Yes,Month-to-month,Yes,Credit card (automatic),85.33,5985.8,No
CUST-105531,Female,1,No,No,50,No,No phone service,Fiber optic,Yes,Yes,No,No,No,Yes,Month-to-month,Yes,Mailed check,75.51,3803.05,Yes
CUST-106301,Male,0,Yes,Yes,68,Yes,Yes,Fiber optic,No,No,No,Yes,Yes,No,Month-to-month,No,Credit card (automatic),78.85,5382.14,No
CUST-106571,Female,1,Yes,Yes,52,Yes,Yes,No,No internet service,No internet service,No internet service,No internet service,No internet service,No internet service,Month-to-month,No,Bank transfer (automatic),33.18,1728.23,No
CUST-103289,Male,1,No,No,62,Yes,No,DSL,No,Yes,No,Yes,Yes,Yes,Two year,Yes,Mailed check,66.12,4080.58,No
CUST-101799,Female,0,Yes,No,15,Yes,Yes,DSL,No,Yes,No,No,Yes,Yes,Two year,Yes,Mailed check,73.11,1122.39,No
CUST-105590,Male,0,Yes,No,31,Yes,No,No,No internet service,No internet service,No internet service,No internet service,No internet service,No internet service,Two year,No,Mailed check,25.1,753.17,No
CUST-105769,Female,1,No,No,39,Yes,No,No,No internet service,No internet service,No internet service,No internet service,No internet service,No internet service,Month-to-month,No,Mailed check,21.32,839.72,No
CUST-102500,Female,0,Yes,No,30,Yes,No,Fiber optic,Yes,Yes,No,Yes,No,No,Month-to-month,Yes,Bank transfer (automatic),77.73,2307.8,No
CUST-106765,Female,0,No,No,41,Yes,Yes,DSL,Yes,Yes,No,No,No,No,Month-to-month,Yes,Electronic check,55.5,2251.14,No
CUST-106796,Male,0,Yes,No,25,Yes,Yes,No,No internet service,No internet service,No internet service,No internet service,No internet service,No internet service,One year,No,Electronic check,31.05,801.26,No
CUST-104288,Female,0,No,No,2,No,No phone service,Fiber optic,No,Yes,Yes,Yes,No,Yes,Two year,Yes,Electronic check,84.35,182.56,No
CUST-103795,Male,1,No,No,62,Yes,No,No,No internet service,No internet service,No internet service,No internet service,No internet service,No internet service,One year,Yes,Credit card (automatic),24.03,1489.67,No
CUST-105031,Female,0,No,Yes,12,Yes,Yes,Fiber optic,Yes,No,Yes,No,No,No,Month-to-month,Yes,Mailed check,78.74,941.93,Yes
CUST-105083,Male,0,Yes,No,65,Yes,No,DSL,Yes,Yes,Yes,No,No,No,Month-to-month,Yes,Bank transfer (automatic),59.8,3912.74,No
CUST-104085,Female,0,Yes,Yes,10,Yes,No,DSL,Yes,No,No,Yes,No,Yes,Two year,No,Electronic check,61.37,626.93,No
CUST-104712,Female,0,No,No,21,Yes,Yes,Fiber optic,Yes,Yes,No,Yes,Yes,No,Month-to-month,Yes,Electronic check,91.83,1922.29,No
CUST-102681,Male,0,No,No,52,Yes,No,DSL,Yes,No,Yes,No,No,No,Two year,Yes,Electronic check,55.68,2881.95,Yes
CUST-102505,Male,0,No,Yes,34,Yes,No,DSL,No,Yes,No,No,No,No,Two year,Yes,Bank transfer (automatic),48.73,1682.65,No
CUST-101303,Female,0,No,No,42,Yes,Yes,DSL,No,No,No,No,Yes,Yes,One year,Yes,Mailed check,61.72,2578.83,No
CUST-103805,Female,0,Yes,Yes,17,Yes,No,Fiber optic,No,No,Yes,No,No,Yes,Two year,No,Credit card (automatic),78.57,1329.27,No
CUST-101173,Male,0,No,No,9,Yes,No,No,No internet service,No internet service,No internet service,No internet service,No internet service,No internet service,Month-to-month,Yes,Credit card (automatic),25.66,263.53,No
CUST-101432,Male,0,Yes,No,19,Yes,No,Fiber optic,No,Yes,Yes,No,Yes,No,One year,Yes,Electronic check,89.99,1714.73,No
CUST-101099,Male,0,Yes,Yes,32,Yes,No,Fiber optic,No,No,Yes,No,Yes,No,Two year,Yes,Bank transfer (automatic),79.3,2534.82,No
CUST-106311,Male,0,No,No,9,Yes,No,DSL,Yes,Yes,No,Yes,Yes,No,Month-to-month,Yes,Bank transfer (automatic),67.5,589.36,Yes
CUST-101908,Male,0,No,No,4,Yes,Yes,Fiber optic,No,Yes,Yes,No,Yes,Yes,Month-to-month,Yes,Bank transfer (automatic),94.15,362.14,No
CUST-106145,Female,0,Yes,Yes,1,Yes,No,DSL,Yes,Yes,No,Yes,No,No,One year,No,Bank transfer (automatic),61.29,67.8,No
CUST-105999,Male,0,Yes,No,6,Yes,No,DSL,No,Yes,No,No,Yes,No,Two year,No,Bank transfer (automatic),60.67,367.78,No
CUST-105441,Female,0,No,No,70,Yes,No,Fiber optic,Yes,Yes,No,Yes,Yes,No,Month-to-month,Yes,Electronic check,82.7,5811.76,No
CUST-101405,Male,0,No,No,13,Yes,Yes,DSL,Yes,Yes,Yes,No,No,No,Month-to-month,Yes,Electronic check,59.83,756.51,Yes
CUST-106192,Male,0,No,No,22,Yes,No,No,No internet service,No internet service,No internet service,No internet service,No internet service,No internet service,Month-to-month,No,Bank transfer (automatic),26.14,578.83,No
CUST-106872,Female,0,No,No,64,Yes,No,DSL,Yes,No,No,Yes,Yes,Yes,One year,No,Credit card (automatic),70.37,4482.3,No
CUST-102813,Female,0,No,No,16,Yes,No,Fiber optic,Yes,No,Yes,No,No,Yes,One year,Yes,Bank transfer (automatic),78.15,1208.9,No
CUST-100309,Male,0,No,No,62,Yes,No,Fiber optic,No,No,Yes,Yes,Yes,No,One year,Yes,Electronic check,80.49,4987.48,No
CUST-104090,Female,0,No,No,48,Yes,No,DSL,No,Yes,No,No,Yes,Yes,One year,Yes,Credit card (automatic),66.54,3212.58,No
CUST-100775,Female,0,Yes,Yes,37,Yes,Yes,Fiber optic,Yes,Yes,Yes,No,No,Yes,One year,Yes,Electronic check,94.06,3453.34,No
CUST-100367,Male,0,Yes,Yes,15,Yes,No,DSL,Yes,Yes,Yes,No,Yes,Yes,One year,Yes,Mailed check,79.07,1199.49,No
CUST-100570,Female,0,No,No,51,Yes,Yes,No,No internet service,No internet service,No internet service,No internet service,No internet service,No internet service,Two year,Yes,Electronic check,26.31,1379.96,No
CUST-104099,Male,0,No,No,69,No,No phone service,DSL,Yes,No,Yes,Yes,Yes,No,One year,Yes,Credit card (automatic),63.64,4372.68,No
CUST-104755,Female,0,Yes,No,2,Yes,No,Fiber optic,Yes,No,Yes,No,No,No,Two year,No,Electronic check,73.87,141.04,Yes
CUST-101593,Male,0,Yes,No,38,Yes,No,DSL,Yes,No,No,No,No,Yes,Month-to-month,Yes,Electronic check,59.29,2252.39,No
CUST-102263,Female,1,No,No,43,Yes,No,DSL,Yes,Yes,Yes,No,Yes,Yes,Month-to-month,No,Credit card (automatic),75.43,3235.57,Yes
CUST-101541,Male,0,No,No,67,No,No phone service,DSL,No,No,No,No,Yes,Yes,One year,No,Mailed check,58.03,3856.36,No
CUST-105236,Female,0,Yes,Yes,42,Yes,No,DSL,No,Yes,No,No,No,Yes,One year,Yes,Mailed check,53.2,2244.0,No
CUST-106163,Male,0,No,No,66,Yes,No,DSL,Yes,No,No,No,No,No,Two year,Yes,Bank transfer (automatic),46.55,3083.11,No
CUST-106269,Female,0,Yes,No,18,Yes,Yes,DSL,No,Yes,Yes,Yes,No,Yes,One year,Yes,Bank transfer (automatic),74.69,1363.15,No
CUST-106905,Male,0,No,No,32,Yes,No,DSL,No,Yes,Yes,Yes,Yes,No,Month-to-month,Yes,Credit card (automatic),74.09,2407.21,No
CUST-104790,Male,0,No,No,45,Yes,Yes,DSL,Yes,No,No,No,No,No,Month-to-month,No,Bank transfer (automatic),53.42,2420.0,No
CUST-105892,Male,0,No,No,25,Yes,No,DSL,Yes,Yes,Yes,No,No,No,Month-to-month,Yes,Credit card (automatic),62.62,1540.12,No
CUST-100072,Male,0,Yes,No,21,Yes,Yes,No,No internet service,No internet service,No internet service,No internet service,No internet service,No internet service,One year,No,Electronic check,26.9,558.47,No
CUST-104983,Male,0,Yes,No,25,No,No phone service,DSL,No,No,No,Yes,Yes,No,One year,Yes,Electronic check,58.92,1502.76,No
CUST-102835,Female,0,Yes,No,13,No,No phone service,Fiber optic,Yes,Yes,No,No,No,No,Two year,Yes,Mailed check,68.52,883.62,No
CUST-104269,Female,0,Yes,No,66,Yes,No,Fiber optic,No,Yes,No,Yes,No,No,Month-to-month,Yes,Credit card (automatic),76.82,5068.44,No
CUST-106277,Female,0,Yes,No,70,Yes,Yes,DSL,No,Yes,No,No,No,No,Two year,No,Electronic check,55.93,3880.43,No
CUST-103736,Male,0,No,No,27,Yes,No,No,No internet service,No internet service,No internet service,No internet service,No internet service,No internet service,Month-to-month,Yes,Electronic check,23.97,637.3,No
CUST-106521,Male,0,Yes,Yes,55,Yes,Yes,Fiber optic,No,No,No,No,No,Yes,Two year,No,Credit card (automatic),81.53,4463.14,No
CUST-102511,Female,0,No,Yes,60,Yes,No,DSL,No,Yes,No,Yes,No,No,Month-to-month,Yes,Electronic check,53.93,3241.89,No
CUST-101780,Male,1,Yes,Yes,22,Yes,Yes,No,No internet service,No internet service,No internet service,No internet service,No internet service,No internet service,Month-to-month,Yes,Mailed check,27.28,617.02,No
CUST-101775,Male,0,Yes,Yes,51,Yes,No,No,No internet service,No internet service,No internet service,No internet service,No internet service,No internet service,Month-to-month,Yes,Mailed check,32.03,1644.92,No
CUST-101534,Female,0,Yes,No,66,Yes,No,DSL,No,Yes,No,Yes,No,No,One year,Yes,Electronic check,52.84,3487.06,No
CUST-103105,Male,0,No,Yes,21,Yes,Yes,No,No internet service,No internet service,No internet service,No internet service,No internet service,No internet service,Two year,Yes,Mailed check,29.95,663.54,No
CUST-103765,Male,0,No,No,17,Yes,No,No,No internet service,No internet service,No internet service,No internet service,No internet service,No internet service,Month-to-month,Yes,Bank transfer (automatic),19.34,310.74,Yes
CUST-103334,Male,0,No,No,63,Yes,No,DSL,No,No,Yes,Yes,Yes,Yes,Two year,No,Credit card (automatic),70.69,4460.13,No
CUST-105296,Male,0,Yes,No,52,Yes,Yes,No,No internet service,No internet service,No internet service,No internet service,No internet service,No internet service,Month-to-month,No,Mailed check,30.2,1564.24,No
CUST-106427,Female,0,Yes,No,58,Yes,No,Fiber optic,Yes,Yes,No,No,No,Yes,Month-to-month,Yes,Electronic check,79.22,4583.84,No
CUST-104585,Female,0,No,No,71,Yes,Yes,No,No internet service,No internet service,No internet service,No internet service,No internet service,No internet service,One year,Yes,Mailed check,32.88,2319.32,No
CUST-106272,Female,0,No,Yes,57,Yes,Yes,Fiber optic,Yes,No,No,No,Yes,Yes,Month-to-month,Yes,Mailed check,91.81,5246.42,No
CUST-104394,Female,0,Yes,No,41,Yes,No,DSL,Yes,Yes,No,Yes,No,Yes,Month-to-month,No,Electronic check,68.09,2815.73,No
CUST-106304,Male,0,Yes,Yes,58,Yes,No,Fiber optic,No,No,No,Yes,Yes,No,Month-to-month,No,Electronic check,77.96,4538.44,No
CUST-104362,Male,0,Yes,Yes,44,Yes,No,DSL,No,No,Yes,No,Yes,Yes,Two year,Yes,Mailed check,69.41,3033.19,No
CUST-103962,Female,0,No,Yes,57,Yes,No,DSL,No,Yes,No,Yes,No,Yes,One year,Yes,Electronic check,57.34,3240.49,No
CUST-105025,Male,0,No,No,39,Yes,Yes,Fiber optic,Yes,Yes,Yes,No,Yes,No,Month-to-month,Yes,Electronic check,89.63,3488.25,No
CUST-101784,Female,0,No,Yes,3,Yes,Yes,DSL,Yes,No,No,Yes,Yes,Yes,Two year,No,Bank transfer (automatic),75.92,181.77,No
CUST-105672,Female,0,Yes,No,66,Yes,Yes,Fiber optic,No,No,No,No,Yes,No,One year,Yes,Electronic check,80.3,5305.69,No
CUST-101029,Male,0,No,No,12,No,No phone service,Fiber optic,No,No,No,No,No,No,Month-to-month,Yes,Mailed check,56.85,674.11,Yes
CUST-100519,Female,0,No,No,64,No,No phone service,Fiber optic,No,No,Yes,Yes,No,Yes,Month-to-month,Yes,Credit card (automatic),79.48,5078.79,No
CUST-102446,Female,0,Yes,No,54,Yes,Yes,Fiber optic,No,No,Yes,Yes,Yes,No,Month-to-month,No,Electronic check,84.35,4551.63,Yes
CUST-101914,Male,0,No,No,6,Yes,No,Fiber optic,No,Yes,Yes,No,Yes,Yes,Two year,No,Credit card (automatic),88.2,494.4,No
CUST-106856,Female,0,No,No,34,No,No phone service,DSL,No,No,No,No,Yes,Yes,Month-to-month,No,Bank transfer (automatic),53.57,1874.99,No
CUST-101609,Male,0,Yes,Yes,32,Yes,No,Fiber optic,No,Yes,Yes,No,Yes,Yes,Two year,No,Bank transfer (automatic),92.36,2964.18,No
CUST-105534,Male,0,Yes,Yes,26,Yes,No,Fiber optic,No,Yes,No,No,Yes,No,One year,Yes,Bank transfer (automatic),77.49,2004.36,No
CUST-100395,Female,0,No,No,53,Yes,No,Fiber optic,Yes,No,No,No,No,Yes,Month-to-month,Yes,Mailed check,80.1,4267.48,No
CUST-104190,Male,0,No,No,38,Yes,No,No,No internet service,No internet service,No internet service,No internet service,No internet service,No internet service,Two year,No,Mailed check,24.37,942.38,No
CUST-101983,Female,0,No,No,7,Yes,No,DSL,No,No,No,Yes,No,Yes,Month-to-month,Yes,Credit card (automatic),59.23,401.18,No
CUST-101936,Male,0,Yes,No,33,Yes,No,DSL,No,No,No,No,No,Yes,Month-to-month,Yes,Bank transfer (automatic),48.32,1583.31,No
CUST-103364,Male,0,Yes,Yes,18,Yes,No,Fiber optic,Yes,No,No,Yes,No,No,Month-to-month,No,Bank transfer (automatic),80.67,1417.23,No
CUST-104841,Male,0,No,No,4,Yes,Yes,No,No internet service,No internet service,No internet service,No internet service,No internet service,No internet service,Month-to-month,Yes,Bank transfer (automatic),31.63,112.93,No
CUST-101033,Male,0,No,No,19,Yes,Yes,DSL,No,Yes,Yes,No,Yes,No,Two year,No,Mailed check,65.65,1246.47,No
CUST-106051,Male,0,No,No,27,Yes,Yes,Fiber optic,No,Yes,No,No,Yes,Yes,One year,Yes,Electronic check,90.51,2467.79,No
CUST-106929,Female,0,Yes,No,54,Yes,Yes,Fiber optic,Yes,Yes,Yes,Yes,No,No,Month-to-month,Yes,Bank transfer (automatic),90.25,4871.03,No
CUST-104388,Male,0,No,No,9,Yes,No,DSL,Yes,No,No,No,Yes,No,Month-to-month,Yes,Electronic check,60.09,537.21,Yes
CUST-100604,Female,1,No,No,1,Yes,No,Fiber optic,Yes,No,No,No,Yes,No,Month-to-month,Yes,Bank transfer (automatic),78.33,95.84,Yes
CUST-105032,Male,0,Yes,No,20,Yes,No,No,No internet service,No internet service,No internet service,No internet service,No internet service,No internet service,One year,Yes,Mailed check,25.95,493.72,No
CUST-105927,Female,0,Yes,Yes,63,Yes,No,No,No internet service,No internet service,No internet service,No internet service,No internet service,No internet service,Month-to-month,No,Credit card (automatic),22.19,1399.39,No
CUST-102804,Male,0,No,Yes,10,Yes,No,Fiber optic,No,No,No,Yes,No,No,Month-to-month,No,Mailed check,71.95,724.78,No
CUST-101431,Male,0,No,No,32,No,No phone service,DSL,Yes,No,No,Yes,No,Yes,Two year,Yes,Electronic check,57.17,1841.11,No
CUST-105880,Male,0,No,No,28,Yes,No,Fiber optic,No,No,Yes,Yes,Yes,Yes,One year,No,Credit card (automatic),93.48,2626.8,No
CUST-103650,Male,0,Yes,Yes,49,Yes,No,DSL,No,No,No,No,No,No,Month-to-month,No,Bank transfer (automatic),46.02,2223.05,No
CUST-106709,Male,0,No,Yes,63,No,No phone service,Fiber optic,No,Yes,No,Yes,No,No,Month-to-month,Yes,Electronic check,72.03,4537.32,Yes
CUST-102365,Male,0,No,No,17,Yes,Yes,Fiber optic,Yes,Yes,No,No,Yes,Yes,One year,No,Mailed check,92.96,1581.76,No
CUST-101321,Male,0,Yes,No,65,Yes,No,Fiber optic,No,No,Yes,No,No,No,Two year,No,Bank transfer (automatic),67.4,4407.1,No
CUST-102576,Male,0,No,No,38,Yes,No,Fiber optic,Yes,No,No,No,Yes,No,Two year,Yes,Credit card (automatic),82.15,3153.33,No
CUST-105982,Female,1,No,No,8,Yes,No,Fiber optic,No,Yes,No,Yes,No,Yes,Two year,No,Electronic check,80.11,645.05,No
CUST-102641,Male,0,Yes,Yes,43,Yes,Yes,Fiber optic,Yes,No,No,No,Yes,No,Month-to-month,Yes,Mailed check,79.89,3458.26,Yes
CUST-105143,Female,0,Yes,No,37,Yes,No,Fiber optic,No,No,Yes,Yes,Yes,No,Month-to-month,No,Electronic check,83.38,3105.56,No
CUST-105288,Male,0,No,No,58,Yes,Yes,DSL,Yes,Yes,No,No,Yes,Yes,Month-to-month,No,Credit card (automatic),71.19,4169.15,Yes
CUST-105824,Female,0,Yes,Yes,35,Yes,No,No,No internet service,No internet service,No internet service,No internet service,No internet service,No internet service,Month-to-month,No,Mailed check,24.51,831.88,No
CUST-103432,Male,0,No,No,42,Yes,Yes,Fiber optic,No,No,No,Yes,No,Yes,Month-to-month,No,Mailed check,80.85,3413.56,No
CUST-102683,Female,0,Yes,No,53,Yes,No,Fiber optic,Yes,No,Yes,No,Yes,Yes,One year,Yes,Bank transfer (automatic),90.09,4771.21,No
CUST-103380,Female,0,No,No,25,Yes,No,DSL,No,Yes,Yes,No,No,No,Two year,Yes,Electronic check,58.71,1464.5,No
CUST-104318,Female,1,No,No,45,Yes,Yes,DSL,No,Yes,No,Yes,Yes,No,One year,No,Mailed check,70.06,3127.9,No
CUST-104073,Female,0,Yes,Yes,35,Yes,Yes,No,No internet service,No internet service,No internet service,No internet service,No internet service,No internet service,Month-to-month,No,Mailed check,26.27,943.04,No
CUST-105904,Male,0,No,No,62,Yes,Yes,Fiber optic,Yes,Yes,Yes,No,Yes,No,Two year,Yes,Electronic check,91.53,5683.6,No
CUST-105370,Female,0,Yes,No,21,Yes,No,Fiber optic,Yes,No,Yes,No,No,No,Two year,Yes,Mailed check,77.52,1658.2,No
CUST-103932,Female,0,No,No,49,Yes,No,DSL,Yes,No,Yes,Yes,No,No,One year,No,Bank transfer (automatic),62.88,3092.33,No
CUST-101742,Male,0,No,No,16,Yes,No,DSL,Yes,No,Yes,No,No,No,One year,Yes,Electronic check,53.49,866.57,No
CUST-105223,Female,0,No,No,43,Yes,Yes,No,No internet service,No internet service,No internet service,No internet service,No internet service,No internet service,Month-to-month,Yes,Electronic check,27.28,1183.85,No
CUST-101877,Female,0,No,No,4,Yes,No,No,No internet service,No internet service,No internet service,No internet service,No internet service,No internet service,Month-to-month,Yes,Credit card (automatic),19.32,75.34,No
CUST-106039,Male,0,Yes,No,1,Yes,Yes,Fiber optic,Yes,No,No,No,Yes,Yes,Month-to-month,No,Bank transfer (automatic),93.07,85.44,Yes
CUST-106216,Male,0,No,No,37,Yes,No,DSL,No,No,No,No,Yes,No,Two year,No,Electronic check,53.4,1954.11,No
CUST-105379,Female,0,No,Yes,48,Yes,No,Fiber optic,Yes,No,No,No,Yes,No,Month-to-month,Yes,Mailed check,79.48,3814.41,Yes
CUST-101923,Male,0,Yes,No,61,Yes,Yes,Fiber optic,Yes,No,Yes,No,Yes,Yes,Two year,Yes,Mailed check,95.74,5873.33,No
CUST-105987,Female,0,No,No,10,Yes,No,DSL,Yes,No,No,Yes,Yes,Yes,One year,No,Electronic check,71.39,721.52,No
CUST-102841,Female,1,Yes,No,41,Yes,Yes,No,No internet service,No internet service,No internet service,No internet service,No internet service,No internet service,Month-to-month,No,Mailed check,33.03,1318.91,No
CUST-104383,Female,0,Yes,No,25,Yes,No,No,No internet service,No internet service,No internet service,No internet service,No internet service,No internet service,Month-to-month,No,Mailed check,19.01,447.83,No
CUST-106050,Male,1,Yes,Yes,33,Yes,Yes,Fiber optic,No,Yes,Yes,No,No,Yes,One year,Yes,Credit card (automatic),86.63,2846.46,No
CUST-105439,Female,1,Yes,Yes,15,Yes,No,DSL,Yes,No,Yes,Yes,No,No,Month-to-month,Yes,Credit card (automatic),57.31,848.35,Yes
CUST-104209,Female,0,No,No,58,Yes,Yes,Fiber optic,No,Yes,Yes,Yes,No,Yes,Two year,No,Electronic check,93.96,5445.04,No
CUST-100027,Female,0,No,No,21,Yes,No,DSL,No,Yes,No,No,Yes,Yes,Two year,Yes,Credit card (automatic),66.19,1393.29,No
CUST-105024,Female,0,No,No,21,Yes,Yes,Fiber optic,Yes,Yes,No,Yes,Yes,Yes,Month-to-month,No,Electronic check,98.74,2092.58,Yes
CUST-103568,Female,0,No,No,64,Yes,No,DSL,No,Yes,Yes,Yes,Yes,No,Month-to-month,Yes,Bank transfer (automatic),71.44,4596.82,No
CUST-106487,Male,0,Yes,Yes,40,Yes,No,Fiber optic,Yes,Yes,No,No,Yes,No,Month-to-month,Yes,Electronic check,79.6,3199.25,No
CUST-102176,Male,0,Yes,No,14,Yes,Yes,Fiber optic,No,No,No,Yes,No,Yes,Month-to-month,Yes,Mailed check,83.04,1133.91,No
CUST-105157,Male,0,No,No,16,Yes,No,Fiber optic,Yes,No,Yes,No,No,No,Month-to-month,No,Credit card (automatic),77.24,1235.08,No
CUST-106481,Female,0,Yes,No,65,Yes,Yes,Fiber optic,No,Yes,Yes,No,Yes,No,Month-to-month,No,Mailed check,87.44,5664.91,Yes
CUST-103879,Male,0,No,No,66,Yes,Yes,Fiber optic,No,No,Yes,No,Yes,No,Month-to-month,Yes,Electronic check,89.38,5872.15,No
CUST-104602,Male,0,No,No,20,Yes,No,Fiber optic,No,No,No,No,Yes,No,Two year,No,Bank transfer (automatic),74.83,1535.78,No
CUST-106680,Male,1,No,No,65,No,No phone service,Fiber optic,No,No,No,No,Yes,Yes,Month-to-month,Yes,Mailed check,76.23,4925.82,No
CUST-106847,Male,0,Yes,No,25,Yes,Yes,DSL,No,No,Yes,Yes,No,Yes,Two year,No,Credit card (automatic),71.69,1780.7,No
CUST-101223,Female,0,Yes,No,67,Yes,No,DSL,No,Yes,Yes,Yes,No,Yes,Two year,Yes,Electronic check,66.61,4433.46,No
CUST-102444,Female,0,No,No,7,No,No phone service,No,No internet service,No internet service,No internet service,No internet service,No internet service,No internet service,One year,Yes,Mailed check,18.21,132.06,Yes
CUST-105183,Female,1,No,No,50,Yes,No,Fiber optic,No,No,No,No,No,No,Month-to-month,No,Mailed check,65.04,3239.61,No
CUST-103312,Female,0,No,No,59,Yes,No,DSL,No,No,Yes,Yes,Yes,Yes,One year,Yes,Electronic check,70.92,4199.42,No
CUST-104696,Male,0,No,No,49,Yes,Yes,No,No internet service,No internet service,No internet service,No internet service,No internet service,No internet service,Month-to-month,Yes,Bank transfer (automatic),28.14,1396.19,Yes
CUST-103067,Female,0,Yes,No,60,Yes,Yes,DSL,Yes,No,No,No,No,Yes,One year,Yes,Electronic check,69.87,4194.38,No
CUST-101626,Female,0,Yes,Yes,37,Yes,Yes,Fiber optic,Yes,Yes,No,Yes,No,Yes,Month-to-month,Yes,Electronic check,92.05,3382.77,Yes
CUST-101264,Male,0,No,No,22,Yes,Yes,Fiber optic,No,No,No,Yes,No,Yes,Month-to-month,No,Electronic check,87.02,1872.28,Yes
CUST-103969,Female,0,No,Yes,14,Yes,Yes,Fiber optic,No,Yes,Yes,No,Yes,No,One year,Yes,Electronic check,90.72,1257.33,No
CUST-106152,Female,0,No,No,3,Yes,No,DSL,No,Yes,No,No,Yes,No,Month-to-month,Yes,Electronic check,56.56,182.29,Yes
CUST-100877,Female,0,Yes,Yes,70,Yes,Yes,DSL,Yes,Yes,No,No,No,No,Month-to-month,Yes,Electronic check,60.97,4270.61,No
CUST-106760,Male,0,No,No,4,Yes,No,Fiber optic,No,Yes,Yes,No,No,No,Month-to-month,Yes,Electronic check,79.28,328.7,Yes
CUST-103478,Male,0,No,No,52,Yes,No,No,No internet service,No internet service,No internet service,No internet service,No internet service,No internet service,Two year,No,Bank transfer (automatic),22.77,1194.75,No
CUST-104109,Male,1,No,No,63,Yes,No,No,No internet service,No internet service,No internet service,No internet service,No internet service,No internet service,One year,Yes,Electronic check,24.28,1575.6,No
CUST-100481,Female,0,Yes,Yes,14,Yes,No,DSL,Yes,Yes,No,Yes,No,No,Two year,Yes,Electronic check,60.49,844.39,Yes
CUST-106550,Female,0,No,Yes,54,Yes,Yes,Fiber optic,Yes,No,Yes,No,Yes,Yes,Month-to-month,Yes,Electronic check,95.28,5149.87,No
CUST-102552,Male,1,Yes,No,0,Yes,No,Fiber optic,No,No,No,No,No,No,One year,No,Mailed check,58.63,58.63,Yes
CUST-106405,Female,0,Yes,Yes,2,Yes,No,Fiber optic,Yes,Yes,Yes,Yes,No,Yes,Month-to-month,Yes,Bank transfer (automatic),96.6,192.49,Yes
CUST-103129,Female,0,Yes,No,61,No,No phone service,Fiber optic,Yes,Yes,Yes,No,Yes,Yes,Two year,Yes,Electronic check,91.86,5627.38,No
CUST-104142,Male,0,No,No,20,Yes,Yes,DSL,Yes,No,No,Yes,Yes,Yes,One year,Yes,Mailed check,70.76,1403.53,Yes
CUST-102918,Female,1,Yes,Yes,27,Yes,Yes,Fiber optic,No,No,No,No,Yes,Yes,Two year,Yes,Credit card (automatic),86.18,2356.89,No
CUST-106096,Female,0,Yes,Yes,30,No,No phone service,Fiber optic,No,No,No,Yes,Yes,No,One year,No,Mailed check,74.49,2242.53,No
CUST-106845,Female,0,Yes,Yes,29,Yes,Yes,No,No internet service,No internet service,No internet service,No internet service,No internet service,No internet service,Two year,No,Credit card (automatic),29.24,868.27,No
CUST-102314,Male,0,Yes,No,9,Yes,Yes,Fiber optic,Yes,Yes,No,No,Yes,Yes,Month-to-month,No,Credit card (automatic),94.27,853.4,Yes
CUST-106658,Female,0,No,No,66,Yes,No,No,No internet service,No internet service,No internet service,No internet service,No internet service,No internet service,Month-to-month,Yes,Credit card (automatic),22.01,1462.36,No
CUST-104328,Male,0,Yes,No,43,Yes,Yes,DSL,No,Yes,Yes,No,No,Yes,Month-to-month,No,Mailed check,68.23,2948.65,No
CUST-100941,Male,0,Yes,Yes,53,Yes,No,Fiber optic,Yes,No,No,Yes,No,No,One year,Yes,Credit card (automatic),71.63,3781.67,No
CUST-106504,Male,0,No,No,34,Yes,No,DSL,No,Yes,Yes,No,No,No,Month-to-month,Yes,Credit card (automatic),55.14,1905.99,No
CUST-106608,Male,1,Yes,No,61,Yes,No,DSL,No,No,Yes,No,No,Yes,Month-to-month,Yes,Bank transfer (automatic),58.97,3575.27,No
CUST-106811,Female,0,Yes,No,56,No,No phone service,DSL,No,Yes,Yes,No,Yes,No,Two year,Yes,Mailed check,65.33,3683.34,No
CUST-103237,Female,0,Yes,Yes,10,No,No phone service,DSL,No,Yes,Yes,No,Yes,Yes,Month-to-month,Yes,Mailed check,65.02,645.15,No
CUST-104829,Male,0,Yes,Yes,30,No,No phone service,Fiber optic,Yes,Yes,Yes,No,No,No,Two year,Yes,Electronic check,74.2,2223.1,Yes
CUST-101809,Female,0,Yes,No,16,Yes,Yes,Fiber optic,No,Yes,No,Yes,Yes,Yes,Two year,Yes,Electronic check,96.15,1535.25,No
CUST-105089,Female,0,No,No,52,Yes,No,No,No internet service,No internet service,No internet service,No internet service,No internet service,No internet service,Month-to-month,No,Bank transfer (automatic),24.64,1295.25,No
CUST-101165,Male,0,No,No,10,Yes,Yes,Fiber optic,No,No,No,Yes,No,No,Month-to-month,Yes,Electronic check,73.13,724.09,Yes
CUST-100204,Male,0,Yes,No,59,Yes,No,DSL,Yes,Yes,No,No,Yes,Yes,Month-to-month,No,Bank transfer (automatic),68.01,3998.97,No
CUST-105715,Male,0,No,No,69,Yes,Yes,Fiber optic,No,Yes,No,No,No,Yes,Month-to-month,Yes,Mailed check,84.06,5815.09,No
CUST-103689,Male,0,No,No,57,Yes,No,Fiber optic,Yes,No,No,No,Yes,No,Month-to-month,Yes,Mailed check,74.4,4239.25,No
CUST-106743,Male,0,No,No,49,Yes,No,DSL,No,No,Yes,No,No,No,Two year,Yes,Credit card (automatic),51.48,2528.29,No
CUST-103509,Male,0,No,No,31,Yes,No,Fiber optic,No,No,No,No,Yes,No,Two year,Yes,Bank transfer (automatic),73.28,2294.91,Yes
CUST-101162,Female,0,Yes,Yes,45,Yes,No,No,No internet service,No internet service,No internet service,No internet service,No internet service,No internet service,Two year,Yes,Mailed check,18.05,853.41,No
CUST-102729,Male,0,No,No,48,Yes,No,Fiber optic,No,No,No,No,Yes,No,One year,Yes,Credit card (automatic),70.28,3367.37,No
CUST-101600,Male,0,Yes,Yes,28,Yes,No,Fiber optic,Yes,Yes,Yes,Yes,Yes,No,Month-to-month,No,Credit card (automatic),94.86,2674.57,Yes
CUST-100086,Male,0,No,No,40,Yes,Yes,Fiber optic,Yes,No,No,No,Yes,Yes,One year,No,Credit card (automatic),93.73,3756.42,No
CUST-104986,Female,1,Yes,Yes,40,Yes,Yes,Fiber optic,Yes,No,Yes,No,No,No,Month-to-month,Yes,Credit card (automatic),79.54,3172.88,No
CUST-102207,Female,0,Yes,No,35,Yes,No,No,No internet service,No internet service,No internet service,No internet service,No internet service,No internet service,Month-to-month,Yes,Electronic check,26.77,914.65,Yes
CUST-103046,Female,0,No,No,54,No,No phone service,DSL,No,No,Yes,No,Yes,No,Month-to-month,No,Credit card (automatic),51.12,2755.9,No
CUST-100364,Male,1,No,No,1,Yes,No,DSL,Yes,Yes,No,No,No,No,One year,Yes,Electronic check,54.43,42.75,No
CUST-103980,Male,0,No,No,31,Yes,Yes,Fiber optic,No,No,No,No,No,No,Month-to-month,No,Bank transfer (automatic),70.87,2252.64,No
CUST-104769,Male,0,Yes,Yes,34,Yes,Yes,DSL,No,No,Yes,Yes,Yes,Yes,Month-to-month,No,Credit card (automatic),78.76,2685.86,Yes
CUST-105602,Male,0,Yes,No,19,Yes,Yes,Fiber optic,No,Yes,No,No,Yes,Yes,Month-to-month,No,Bank transfer (automatic),89.49,1711.43,No
CUST-101292,Male,0,No,No,42,Yes,Yes,DSL,No,Yes,No,No,No,Yes,Two year,Yes,Credit card (automatic),65.89,2739.87,No
CUST-103975,Female,0,No,No,17,Yes,No,DSL,No,No,No,Yes,No,No,Two year,No,Credit card (automatic),55.09,887.58,No
CUST-104816,Female,1,No,No,55,Yes,No,Fiber optic,Yes,No,No,No,No,Yes,Month-to-month,No,Mailed check,75.24,4104.62,Yes
CUST-105686,Female,0,No,Yes,48,Yes,No,DSL,No,Yes,No,No,No,Yes,Month-to-month,Yes,Credit card (automatic),62.97,3005.21,No
CUST-100999,Female,0,Yes,No,39,Yes,Yes,DSL,Yes,No,No,No,No,No,Month-to-month,Yes,Credit card (automatic),47.49,1883.5,No
CUST-103172,Male,0,Yes,No,37,Yes,Yes,DSL,Yes,Yes,No,Yes,No,Yes,Month-to-month,Yes,Electronic check,80.23,2981.55,No
CUST-101036,Female,0,No,No,28,Yes,Yes,Fiber optic,Yes,No,Yes,No,Yes,No,Month-to-month,Yes,Electronic check,89.95,2464.36,No
CUST-106289,Female,1,Yes,Yes,69,No,No phone service,Fiber optic,No,No,No,Yes,No,No,Month-to-month,Yes,Bank transfer (automatic),62.38,4298.61,No
CUST-102802,Female,0,No,No,50,Yes,Yes,No,No internet service,No internet service,No internet service,No internet service,No internet service,No internet service,One year,Yes,Bank transfer (automatic),27.65,1415.48,No
CUST-102694,Female,0,Yes,Yes,36,Yes,No,DSL,No,Yes,No,Yes,No,Yes,Two year,No,Bank transfer (automatic),65.32,2374.65,No
CUST-101336,Female,0,No,No,27,Yes,No,Fiber optic,Yes,Yes,No,No,Yes,No,Month-to-month,Yes,Mailed check,78.67,2121.59,No
CUST-100995,Female,0,Yes,No,68,Yes,No,Fiber optic,No,Yes,No,No,No,No,Month-to-month,No,Credit card (automatic),70.15,,No
CUST-100220,Male,0,Yes,No,24,Yes,Yes,Fiber optic,No,Yes,Yes,No,Yes,No,One year,No,Credit card (automatic),90.65,2154.81,No
CUST-102401,Female,0,No,No,27,Yes,No,Fiber optic,No,Yes,No,No,No,No,One year,Yes,Electronic check,70.19,1922.9,No
CUST-105700,Female,0,Yes,Yes,30,Yes,Yes,No,No internet service,No internet service,No internet service,No internet service,No internet service,No internet service,Month-to-month,Yes,Mailed check,31.06,922.97,No
CUST-103821,Male,0,No,No,39,Yes,No,No,No internet service,No internet service,No internet service,No internet service,No internet service,No internet service,Month-to-month,No,Bank transfer (automatic),25.64,1022.24,No
CUST-100249,Male,0,Yes,Yes,50,No,No phone service,Fiber optic,No,Yes,No,Yes,No,Yes,One year,Yes,Bank transfer (automatic),81.29,4038.47,No
CUST-102007,Male,0,No,No,56,Yes,Yes,Fiber optic,Yes,No,Yes,No,Yes,Yes,Month-to-month,Yes,Mailed check,93.12,5182.4,No
CUST-106894,Female,0,No,No,1,Yes,Yes,No,No internet service,No internet service,No internet service,No internet service,No internet service,No internet service,Month-to-month,Yes,Electronic check,22.01,30.27,Yes
CUST-101886,Female,0,Yes,No,58,Yes,No,Fiber optic,No,No,Yes,No,Yes,No,Two year,Yes,Bank transfer (automatic),76.36,4418.77,No
CUST-105851,Female,0,No,No,46,Yes,No,DSL,Yes,Yes,Yes,Yes,No,Yes,Two year,Yes,Bank transfer (automatic),74.08,3398.03,No
CUST-104659,Male,0,Yes,No,4,No,No phone service,Fiber optic,Yes,No,No,No,No,No,Month-to-month,Yes,Mailed check,67.22,268.91,No
CUST-105258,female ,0,No,No,50,Yes,No,Fiber optic,No,No,Yes,Yes,No,Yes,One year,Yes,Mailed check,83.25,4197.36,No
CUST-103466,Female,0,Yes,No,25,Yes,No,Fiber optic,No,No,No,Yes,No,Yes,Month-to-month,No,Credit card (automatic),76.35,1885.3,Yes
CUST-102538,Female,0,Yes,Yes,24,Yes,No,Fiber optic,No,Yes,No,Yes,Yes,No,Month-to-month,Yes,Electronic check,84.69,2035.65,No
CUST-105300,Male,0,No,No,72,Yes,No,DSL,Yes,Yes,Yes,No,No,Yes,Month-to-month,Yes,Bank transfer (automatic),63.64,4570.03,No
CUST-104481,Male,1,No,No,0,Yes,No,Fiber optic,Yes,No,Yes,No,No,Yes,Two year,No,Electronic check,85.38,85.38,No
CUST-105315,Female,0,No,No,42,Yes,Yes,Fiber optic,No,No,No,No,Yes,No,One year,Yes,Electronic check,79.06,3375.19,No
CUST-104618,Female,0,Yes,No,8,Yes,Yes,DSL,No,No,Yes,No,Yes,Yes,Month-to-month,Yes,Electronic check,72.18,593.68,Yes
CUST-100591,Female,0,Yes,No,66,Yes,No,Fiber optic,No,No,Yes,No,Yes,Yes,Month-to-month,Yes,Mailed check,85.79,5672.37,No
CUST-105548,Male,1,No,Yes,37,Yes,No,Fiber optic,No,Yes,Yes,Yes,No,No,One year,Yes,Electronic check,80.91,2995.43,No
CUST-102202,Male,0,No,No,22,No,No phone service,Fiber optic,No,No,Yes,No,No,No,Month-to-month,No,Credit card (automatic),70.22,1550.4,No
CUST-102225,Female,1,Yes,No,6,Yes,Yes,Fiber optic,No,Yes,No,Yes,Yes,No,Month-to-month,No,Mailed check,93.42,574.06,Yes
CUST-102259,Female,0,Yes,No,64,Yes,Yes,No,No internet service,No internet service,No internet service,No internet service,No internet service,No internet service,Month-to-month,Yes,Mailed check,28.5,1852.29,No
CUST-104478,Female,1,No,No,16,Yes,Yes,No,No internet service,No internet service,No internet service,No internet service,No internet service,No internet service,Month-to-month,Yes,Electronic check,27.36,467.62,No
CUST-100518,Male,0,Yes,No,5,Yes,Yes,Fiber optic,Yes,No,Yes,No,Yes,No,Two year,Yes,Mailed check,91.16,430.93,No
CUST-104669,Male,0,No,No,5,Yes,Yes,Fiber optic,No,No,No,No,No,No,One year,No,Electronic check,68.31,304.61,Yes
CUST-104796,Female,0,Yes,No,3,Yes,No,Fiber optic,No,Yes,No,Yes,No,Yes,One year,No,Credit card (automatic),86.16,265.88,No
CUST-103104,Female,0,Yes,Yes,5,No,No phone service,DSL,No,No,No,No,No,Yes,Two year,Yes,Electronic check,45.85,209.72,No
CUST-104062,Female,0,No,No,39,Yes,Yes,No,No internet service,No internet service,No internet service,No internet service,No internet service,No internet service,Month-to-month,No,Bank transfer (automatic),32.74,1290.31,No
CUST-103045,Female,1,No,No,28,Yes,No,Fiber optic,No,No,No,Yes,No,No,One year,Yes,Electronic check,68.06,1916.44,Yes
CUST-104672,Male,0,Yes,No,42,Yes,No,DSL,No,Yes,Yes,No,No,No,Month-to-month,No,Electronic check,56.67,2392.22,No
CUST-101650,Male,0,Yes,Yes,22,Yes,No,Fiber optic,No,Yes,Yes,Yes,No,No,Month-to-month,No,Credit card (automatic),76.65,1715.63,No
CUST-106657,Female,0,No,No,6,Yes,Yes,No,No internet service,No internet service,No internet service,No internet service,No internet service,No internet service,Month-to-month,No,Mailed check,25.01,156.41,No
CUST-106584,Female,0,No,No,50,Yes,Yes,DSL,No,No,No,Yes,Yes,Yes,One year,No,Bank transfer (automatic),72.16,3600.93,No
CUST-106147,Female,0,Yes,No,28,Yes,No,No,No internet service,No internet service,No internet service,No internet service,No internet service,No internet service,One year,Yes,Credit card (automatic),19.39,557.61,No
CUST-101274,Female,0,Yes,No,12,Yes,No,No,No internet service,No internet service,No internet service,No internet service,No internet service,No internet service,One year,No,Bank transfer (automatic),18.0,229.09,No
CUST-101816,Male,0,No,No,7,No,No phone service,Fiber optic,Yes,No,Yes,Yes,Yes,No,Two year,Yes,Electronic check,84.64,599.22,No
CUST-102634,Male,0,Yes,No,68,No,No phone service,Fiber optic,Yes,No,No,No,Yes,Yes,Month-to-month,No,Electronic check,77.03,5244.58,Yes
CUST-101327,Male,0,Yes,Yes,40,Yes,No,No,No internet service,No internet service,No internet service,No internet service,No internet service,No internet service,Month-to-month,No,Bank transfer (automatic),26.55,1072.49,No
CUST-105970,Female,0,Yes,Yes,30,Yes,No,Fiber optic,No,Yes,No,Yes,Yes,Yes,Month-to-month,No,Mailed check,90.24,2717.27,No
CUST-100043,Male,0,No,No,26,Yes,Yes,No,No internet service,No internet service,No internet service,No internet service,No internet service,No internet service,Month-to-month,No,Electronic check,31.77,853.49,Yes
CUST-100007,Female,0,Yes,Yes,42,Yes,Yes,DSL,No,Yes,Yes,No,Yes,Yes,Month-to-month,No,Bank transfer (automatic),75.89,3191.71,Yes
CUST-100480,Male,0,Yes,No,60,Yes,No,Fiber optic,Yes,No,Yes,No,No,No,Two year,No,Electronic check,76.87,4601.5,No
CUST-100471,Female,0,No,No,45,Yes,No,DSL,Yes,No,No,No,No,No,One year,Yes,Credit card (automatic),45.6,2083.06,No
CUST-104517,Male,0,No,No,18,Yes,No,DSL,No,Yes,Yes,No,No,Yes,Two year,No,Electronic check,61.6,1131.93,No
CUST-105470,Female,1,Yes,Yes,62,Yes,No,No,No internet service,No internet service,No internet service,No internet service,No internet service,No internet service,Month-to-month,Yes,Credit card (automatic),26.77,1670.2,No
CUST-102237,Male,0,No,No,53,Yes,Yes,Fiber optic,No,Yes,No,No,Yes,Yes,Month-to-month,Yes,Bank transfer (automatic),95.33,5049.16,No
CUST-105291,Female,1,No,No,38,Yes,No,Fiber optic,Yes,No,No,No,No,Yes,One year,Yes,Credit card (automatic),76.66,2924.83,No
CUST-104945,Female,0,Yes,Yes,5,Yes,No,Fiber optic,Yes,Yes,No,No,No,No,Month-to-month,Yes,Bank transfer (automatic),80.4,427.91,Yes
CUST-100654,Female,0,Yes,Yes,15,Yes,Yes,DSL,No,Yes,No,Yes,Yes,Yes,One year,Yes,Mailed check,75.76,1114.15,Yes
CUST-106380,Male,0,Yes,Yes,56,Yes,Yes,DSL,Yes,No,No,No,No,No,Two year,Yes,Credit card (automatic),52.3,2938.02,No
CUST-106292,Male,0,Yes,No,55,Yes,Yes,DSL,Yes,Yes,Yes,No,No,No,Month-to-month,Yes,Mailed check,63.33,3495.54,No
CUST-104404,Male,1,Yes,Yes,13,Yes,Yes,DSL,No,No,No,No,Yes,No,Month-to-month,Yes,Electronic check,55.99,700.03,Yes
CUST-100464,Male,0,No,No,70,Yes,Yes,DSL,No,Yes,No,No,No,Yes,Month-to-month,No,Electronic check,68.65,4797.63,No
CUST-103902,Female,0,No,No,4,Yes,No,No,No internet service,No internet service,No internet service,No internet service,No internet service,No internet service,Month-to-month,Yes,Electronic check,26.64,96.78,Yes
CUST-104563,Male,0,Yes,Yes,26,Yes,No,Fiber optic,No,Yes,Yes,No,No,No,Month-to-month,No,Bank transfer (automatic),71.36,1858.34,No
CUST-101691,Female,0,Yes,Yes,22,Yes,No,Fiber optic,No,No,No,No,Yes,Yes,Two year,Yes,Electronic check,82.29,1839.45,No
CUST-100697,Female,1,Yes,Yes,64,Yes,Yes,DSL,No,No,Yes,No,Yes,Yes,Month-to-month,No,Credit card (automatic),68.61,4409.67,Yes
CUST-102230,Female,0,No,No,30,Yes,Yes,Fiber optic,No,No,No,No,Yes,No,Two year,No,Electronic check,79.15,2361.14,No
CUST-106941,Male,0,Yes,Yes,70,Yes,No,DSL,Yes,No,Yes,No,No,Yes,One year,Yes,Credit card (automatic),65.99,4588.93,No
CUST-102695,Male,0,No,No,8,Yes,No,DSL,Yes,Yes,No,No,No,Yes,Month-to-month,Yes,Bank transfer (automatic),66.96,515.54,No
CUST-100065,Male,0,Yes,Yes,30,Yes,No,Fiber optic,Yes,Yes,No,No,No,No,One year,No,Mailed check,78.56,2369.61,No
CUST-101348,Female,0,Yes,No,68,Yes,No,No,No internet service,No internet service,No internet service,No internet service,No internet service,No internet service,Two year,Yes,Electronic check,24.98,1723.21,No
CUST-102415,Male,0,No,No,28,Yes,No,No,No internet service,No internet service,No internet service,No internet service,No internet service,No internet service,One year,No,Credit card (automatic),24.02,638.09,No
CUST-102480,Female,0,Yes,Yes,10,Yes,Yes,Fiber optic,No,No,No,No,No,Yes,Month-to-month,No,Mailed check,81.43,773.04,Yes
CUST-102149,female ,0,Yes,Yes,12,Yes,No,DSL,No,Yes,No,No,No,Yes,One year,Yes,Bank transfer (automatic),56.36,665.89,No
CUST-105727,Male,0,No,No,45,No,No phone service,No,No internet service,No internet service,No internet service,No internet service,No internet service,No internet service,One year,No,Mailed check,18.82,850.61,No
CUST-106615,Male,0,No,No,37,Yes,Yes,Fiber optic,No,No,No,No,Yes,Yes,Month-to-month,No,Bank transfer (automatic),83.88,3066.46,No
CUST-105919,Female,1,Yes,No,48,Yes,Yes,Fiber optic,Yes,No,No,No,Yes,Yes,Month-to-month,No,Mailed check,90.99,4402.84,No
CUST-105583,Male,0,No,No,1,Yes,Yes,DSL,Yes,No,No,No,Yes,No,Month-to-month,Yes,Bank transfer (automatic),56.39,60.64,No
CUST-102047,Female,0,Yes,Yes,28,Yes,No,DSL,No,No,No,No,Yes,Yes,Month-to-month,No,Credit card (automatic),59.28,1686.92,Yes
CUST-103852,Male,1,No,No,42,Yes,Yes,Fiber optic,No,Yes,No,No,Yes,No,Month-to-month,Yes,Electronic check,84.33,3528.78,No
CUST-104225,Male,0,No,No,48,Yes,No,DSL,No,Yes,No,Yes,No,No,One year,Yes,Electronic check,56.96,2736.66,No
CUST-105188,Female,0,Yes,Yes,48,Yes,Yes,DSL,Yes,Yes,Yes,No,No,No,Month-to-month,No,Bank transfer (automatic),63.87,3077.58,No
CUST-100849,Female,0,No,No,46,Yes,Yes,Fiber optic,No,No,Yes,Yes,No,Yes,Two year,Yes,Mailed check,85.64,3966.09,No
CUST-104916,Male,1,Yes,No,7,Yes,No,DSL,Yes,No,No,No,No,Yes,Two year,Yes,Bank transfer (automatic),56.21,368.54,No
CUST-103965,Female,0,No,No,22,Yes,Yes,No,No internet service,No internet service,No internet service,No internet service,No internet service,No internet service,One year,Yes,Electronic check,28.81,622.62,Yes
CUST-100417,Male,0,No,Yes,5,Yes,No,DSL,No,No,Yes,No,No,No,Month-to-month,No,Mailed check,50.28,260.05,No
CUST-103718,Female,0,No,No,49,Yes,No,DSL,No,No,No,No,Yes,Yes,Month-to-month,Yes,Credit card (automatic),58.11,2829.32,No
CUST-105371,Female,1,No,No,45,Yes,Yes,Fiber optic,Yes,Yes,No,Yes,Yes,Yes,Month-to-month,No,Credit card (automatic),100.74,4534.85,No
CUST-102285,Female,0,Yes,Yes,55,Yes,Yes,DSL,Yes,Yes,Yes,No,No,No,Two year,Yes,Credit card (automatic),63.24,3500.42,No
CUST-102549,Male,0,Yes,No,42,Yes,Yes,Fiber optic,Yes,No,Yes,No,Yes,Yes,Month-to-month,No,Credit card (automatic),96.05,4043.89,No
CUST-106219,Female,0,Yes,Yes,9,Yes,No,No,No internet service,No internet service,No internet service,No internet service,No internet service,No internet service,Month-to-month,Yes,Electronic check,21.01,165.26,No
CUST-104356,Female,0,No,No,52,Yes,No,Fiber optic,Yes,No,No,No,No,No,Month-to-month,Yes,Electronic check,71.16,3710.06,No
CUST-101922,Female,0,No,No,68,Yes,No,Fiber optic,Yes,No,Yes,No,No,Yes,Month-to-month,Yes,Credit card (automatic),87.18,5960.59,No
CUST-102570,Female,1,No,No,13,Yes,No,DSL,No,No,No,No,No,No,Month-to-month,No,Electronic check,42.81,529.55,No
CUST-106000,Female,0,No,No,18,Yes,No,DSL,Yes,Yes,No,No,Yes,Yes,Two year,No,Electronic check,74.13,1327.22,No
CUST-106735,Female,0,Yes,Yes,60,Yes,Yes,Fiber optic,No,No,No,Yes,Yes,Yes,Month-to-month,Yes,Bank transfer (automatic),87.41,5246.01,Yes
CUST-102102,Male,1,No,No,69,Yes,No,Fiber optic,Yes,No,Yes,Yes,Yes,Yes,One year,Yes,Electronic check,95.19,6609.61,No
CUST-106503,Female,0,No,No,61,Yes,No,No,No internet service,No internet service,No internet service,No internet service,No internet service,No internet service,Two year,Yes,Bank transfer (automatic),25.97,1568.05,No
CUST-105414,Male,0,No,No,18,Yes,No,DSL,No,Yes,No,Yes,No,Yes,Month-to-month,Yes,Electronic check,69.29,1218.89,Yes
CUST-106691,Female,0,No,No,55,Yes,Yes,No,No internet service,No internet service,No internet service,No internet service,No internet service,No internet service,One year,Yes,Credit card (automatic),26.08,1438.5,No
CUST-106235,Female,0,No,No,32,Yes,Yes,DSL,Yes,No,Yes,No,Yes,No,One year,No,Bank transfer (automatic),67.06,2101.61,No
CUST-101481,Male,0,Yes,No,10,Yes,Yes,No,No internet service,No internet service,No internet service,No internet service,No internet service,No internet service,Month-to-month,Yes,Mailed check,21.97,199.1,No
CUST-100382,Female,0,No,No,33,No,No phone service,Fiber optic,Yes,No,No,Yes,No,Yes,Two year,Yes,Bank transfer (automatic),82.85,2739.94,No
CUST-106476,Male,0,Yes,No,50,Yes,No,DSL,Yes,Yes,Yes,Yes,Yes,Yes,Month-to-month,No,Electronic check,85.37,4271.98,No
CUST-104272,Female,0,Yes,Yes,26,Yes,No,Fiber optic,No,Yes,No,No,No,Yes,Month-to-month,No,Bank transfer (automatic),75.55,1911.2,No
CUST-104654,Male,0,No,No,58,Yes,Yes,Fiber optic,No,No,No,No,No,Yes,One year,No,Mailed check,76.02,4408.31,Yes
CUST-105655,Male,1,No,No,15,Yes,No,No,No internet service,No internet service,No internet service,No internet service,No internet service,No internet service,Month-to-month,Yes,Credit card (automatic),25.45,374.12,No
CUST-100029,Male,0,No,No,24,Yes,No,Fiber optic,Yes,Yes,Yes,No,No,Yes,Month-to-month,No,Electronic check,87.49,2108.71,Yes
CUST-104559,Female,1,Yes,No,54,Yes,No,Fiber optic,No,No,Yes,No,No,Yes,Month-to-month,Yes,Electronic check,77.28,4162.2,No
CUST-103811,Male,0,Yes,No,52,Yes,Yes,Fiber optic,No,Yes,Yes,Yes,No,No,Month-to-month,Yes,Electronic check,83.55,4373.35,No
CUST-105289,Male,0,No,No,60,Yes,No,Fiber optic,No,Yes,Yes,Yes,No,Yes,Month-to-month,Yes,Credit card (automatic),88.1,5279.85,No
CUST-105657,Female,0,No,Yes,54,Yes,No,No,No internet service,No internet service,No internet service,No internet service,No internet service,No internet service,Two year,Yes,Mailed check,29.86,1592.66,No
CUST-100321,Male,0,Yes,Yes,1,Yes,No,DSL,Yes,Yes,Yes,No,Yes,No,Two year,Yes,Credit card (automatic),70.1,82.94,No
CUST-105969,Male,0,Yes,No,20,No,No phone service,Fiber optic,No,No,No,No,No,No,Month-to-month,Yes,Credit card (automatic),56.66,1158.57,No
CUST-103697,Male,1,Yes,No,32,Yes,Yes,Fiber optic,No,Yes,No,No,No,No,Month-to-month,Yes,Electronic check,73.43,2359.86,No
CUST-104614,Female,0,Yes,No,58,No,No phone service,Fiber optic,Yes,Yes,Yes,No,Yes,Yes,One year,No,Credit card (automatic),94.58,5504.82,No
CUST-105326,Female,0,Yes,No,71,Yes,Yes,No,No internet service,No internet service,No internet service,No internet service,No internet service,No internet service,Month-to-month,Yes,Bank transfer (automatic),27.92,2006.17,No
CUST-103684,Female,0,No,No,38,Yes,Yes,DSL,Yes,Yes,No,No,No,Yes,One year,No,Mailed check,69.47,2638.59,Yes
CUST-103344,Female,0,No,No,65,Yes,Yes,Fiber optic,Yes,No,No,No,No,Yes,Two year,No,Bank transfer (automatic),79.09,5148.11,Yes
CUST-104833,Male,0,No,No,36,Yes,No,No,No internet service,No internet service,No internet service,No internet service,No internet service,No internet service,One year,No,Credit card (automatic),24.73,868.89,No
CUST-105026,Male,0,Yes,No,44,Yes,No,No,No internet service,No internet service,No internet service,No internet service,No internet service,No internet service,Two year,Yes,Bank transfer (automatic),27.05,1173.21,No
CUST-105816,Male,1,No,No,60,Yes,Yes,No,No internet service,No internet service,No internet service,No internet service,No internet service,No internet service,Month-to-month,Yes,Electronic check,24.03,1443.48,No
CUST-104691,Male,1,Yes,Yes,39,Yes,Yes,Fiber optic,No,Yes,No,No,No,Yes,Month-to-month,No,Electronic check,78.29,3039.91,No
CUST-105111,Female,0,Yes,Yes,58,Yes,No,No,No internet service,No internet service,No internet service,No internet service,No internet service,No internet service,One year,Yes,Credit card (automatic),24.99,1448.4,No
CUST-106835,Female,1,No,No,28,Yes,Yes,Fiber optic,No,No,Yes,No,No,No,One year,No,Electronic check,78.02,2156.16,No
CUST-103944,Male,0,No,No,28,Yes,Yes,Fiber optic,No,Yes,No,No,No,Yes,Month-to-month,No,Mailed check,82.74,2339.22,No
CUST-105266,Female,0,Yes,No,34,No,No phone service,DSL,No,No,No,No,No,Yes,Two year,Yes,Credit card (automatic),52.44,1762.09,No
CUST-104957,Male,1,Yes,Yes,56,Yes,Yes,DSL,Yes,Yes,Yes,No,Yes,Yes,One year,Yes,Electronic check,75.51,4218.06,No
CUST-106579,Male,0,Yes,Yes,42,Yes,No,Fiber optic,No,Yes,Yes,Yes,No,Yes,Month-to-month,Yes,Bank transfer (automatic),85.73,3598.59,No
CUST-103280,Male,0,Yes,No,51,Yes,No,Fiber optic,No,No,No,No,No,No,One year,Yes,Credit card (automatic),68.47,3470.46,No
CUST-102947,Male,0,Yes,Yes,37,No,No phone service,DSL,No,Yes,No,Yes,No,Yes,Month-to-month,Yes,Bank transfer (automatic),62.28,2321.57,No
CUST-103185,Female,0,Yes,Yes,31,Yes,Yes,DSL,No,No,Yes,No,No,Yes,Month-to-month,Yes,Mailed check,61.67,1935.25,No
CUST-103167,Male,0,No,No,30,Yes,Yes,Fiber optic,Yes,Yes,No,No,No,Yes,Month-to-month,Yes,Bank transfer (automatic),87.93,2626.48,No
CUST-100097,Female,1,Yes,No,8,Yes,Yes,Fiber optic,No,Yes,Yes,No,No,No,One year,No,Electronic check,76.44,614.75,No
CUST-105565,Female,0,No,Yes,9,No,No phone service,Fiber optic,No,No,Yes,No,No,No,Month-to-month,No,Credit card (automatic),71.35,648.84,No
CUST-102429,Male,0,No,No,51,Yes,No,Fiber optic,Yes,No,No,Yes,Yes,Yes,Month-to-month,Yes,Mailed check,89.85,4589.15,Yes
CUST-102245,Female,0,Yes,No,30,Yes,Yes,DSL,No,No,No,No,Yes,No,One year,Yes,Bank transfer (automatic),56.59,1697.02,No
CUST-105501,Male,0,Yes,Yes,25,Yes,Yes,DSL,Yes,Yes,No,No,Yes,Yes,One year,No,Credit card (automatic),77.61,1909.05,No
CUST-102076,Male,1,Yes,No,38,Yes,No,No,No internet service,No internet service,No internet service,No internet service,No internet service,No internet service,Two year,No,Bank transfer (automatic),22.43,852.54,No
CUST-100447,Female,0,No,No,20,Yes,Yes,DSL,No,No,No,No,No,Yes,Two year,No,Bank transfer (automatic),65.04,1352.15,Yes
CUST-100014,Female,1,No,No,59,Yes,No,DSL,No,Yes,Yes,No,Yes,No,One year,No,Credit card (automatic),64.85,3846.66,No
CUST-104393,Male,0,No,No,13,Yes,No,DSL,No,No,No,No,Yes,No,Month-to-month,Yes,Credit card (automatic),47.89,659.67,Yes
CUST-105019,Female,0,No,No,30,No,No phone service,DSL,Yes,No,No,No,Yes,No,Month-to-month,Yes,Mailed check,56.17,1671.37,No
CUST-101215,Male,0,No,No,41,Yes,No,DSL,Yes,No,No,No,Yes,Yes,Month-to-month,No,Bank transfer (automatic),70.1,2894.95,No
CUST-103794,Female,0,Yes,No,45,Yes,No,Fiber optic,Yes,Yes,Yes,Yes,No,No,One year,No,Electronic check,86.39,3921.97,No
CUST-105664,Female,0,Yes,Yes,16,Yes,No,No,No internet service,No internet service,No internet service,No internet service,No internet service,No internet service,Two year,No,Electronic check,26.92,425.61,No
CUST-102342,Female,0,No,No,23,Yes,No,DSL,No,No,No,No,No,Yes,Two year,Yes,Electronic check,53.27,1222.16,No
CUST-100286,Male,1,No,No,2,Yes,No,DSL,No,Yes,No,No,No,No,Month-to-month,Yes,Credit card (automatic),53.23,123.78,Yes
CUST-103843,Male,0,Yes,Yes,27,Yes,No,Fiber optic,Yes,No,No,No,No,Yes,Month-to-month,No,Mailed check,71.26,1925.46,No
CUST-104218,Female,0,Yes,Yes,17,Yes,No,No,No internet service,No internet service,No internet service,No internet service,No internet service,No internet service,Month-to-month,No,Electronic check,21.99,386.92,Yes
CUST-102312,Female,0,Yes,No,25,Yes,No,No,No internet service,No internet service,No internet service,No internet service,No internet service,No internet service,Two year,Yes,Electronic check,23.56,586.12,No
CUST-102859,Male,0,Yes,No,17,Yes,No,Fiber optic,No,No,Yes,Yes,No,Yes,Month-to-month,Yes,Bank transfer (automatic),84.76,1479.5,No
CUST-100779,Female,0,Yes,Yes,66,No,No phone service,Fiber optic,Yes,No,Yes,No,No,No,Month-to-month,Yes,Credit card (automatic),65.92,4386.5,No
CUST-106548,Female,1,Yes,Yes,23,Yes,No,Fiber optic,Yes,Yes,No,Yes,No,No,Month-to-month,No,Bank transfer (automatic),83.37,1936.96,No
CUST-104019,Female,0,No,No,50,Yes,Yes,No,No internet service,No internet service,No internet service,No internet service,No internet service,No internet service,One year,Yes,Credit card (automatic),21.44,1085.41,No
CUST-102052,Male,0,No,No,39,Yes,Yes,Fiber optic,No,Yes,Yes,Yes,No,No,One year,Yes,Bank transfer (automatic),84.09,3250.34,No
CUST-104524,Female,0,No,Yes,37,Yes,No,No,No internet service,No internet service,No internet service,No internet service,No internet service,No internet service,One year,Yes,Mailed check,23.09,856.35,No
CUST-105074,Male,1,No,No,25,Yes,No,DSL,No,No,No,No,No,Yes,Month-to-month,Yes,Credit card (automatic),55.93,1388.58,Yes
CUST-105761,Male,0,No,No,4,Yes,No,Fiber optic,No,No,No,No,Yes,No,One year,No,Mailed check,74.64,301.51,Yes
CUST-106350,Male,0,No,No,39,Yes,No,Fiber optic,No,No,Yes,No,Yes,No,Month-to-month,Yes,Mailed check,82.25,3188.66,Yes
CUST-104446,Male,1,Yes,No,30,Yes,Yes,Fiber optic,No,No,Yes,No,No,Yes,Month-to-month,No,Electronic check,82.48,2468.65,No
CUST-106208,Male,0,No,No,51,Yes,No,No,No internet service,No internet service,No internet service,No internet service,No internet service,No internet service,Month-to-month,No,Bank transfer (automatic),18.0,927.92,No
CUST-100165,Female,0,No,Yes,10,Yes,No,No,No internet service,No internet service,No internet service,No internet service,No internet service,No internet service,Month-to-month,No,Electronic check,21.95,219.71,No
CUST-100660,Male,0,Yes,No,28,Yes,Yes,Fiber optic,Yes,Yes,No,Yes,Yes,No,Month-to-month,Yes,Bank transfer (automatic),91.35,2530.79,No
CUST-103108,Female,0,Yes,Yes,48,Yes,Yes,No,No internet service,No internet service,No internet service,No internet service,No internet service,No internet service,One year,Yes,Electronic check,30.48,1465.04,No
CUST-101339,Male,0,Yes,Yes,28,Yes,Yes,DSL,No,Yes,No,No,No,Yes,One year,Yes,Electronic check,61.96,1738.08,No
CUST-101138,Female,0,No,Yes,61,Yes,Yes,Fiber optic,No,Yes,No,Yes,No,No,Two year,No,Bank transfer (automatic),82.69,5040.74,No
CUST-102618,Female,1,No,No,68,Yes,Yes,No,No internet service,No internet service,No internet service,No internet service,No internet service,No internet service,One year,No,Electronic check,30.91,2028.05,Yes
CUST-104479,Female,0,No,No,28,Yes,Yes,No,No internet service,No internet service,No internet service,No internet service,No internet service,No internet service,Month-to-month,Yes,Electronic check,28.04,814.1,No
CUST-102216,Male,0,No,No,30,Yes,Yes,Fiber optic,Yes,Yes,No,No,Yes,Yes,Two year,Yes,Mailed check,93.66,2838.48,Yes
CUST-102188,Male,0,Yes,Yes,55,Yes,Yes,No,No internet service,No internet service,No internet service,No internet service,No internet service,No internet service,One year,No,Bank transfer (automatic),26.43,1446.78,No
CUST-103832,Female,0,Yes,No,58,Yes,No,Fiber optic,No,Yes,Yes,No,No,Yes,One year,Yes,Credit card (automatic),82.82,4818.06,No
CUST-105957,Female,0,No,No,62,Yes,Yes,Fiber optic,Yes,No,Yes,No,No,Yes,One year,Yes,Credit card (automatic),89.33,5514.98,No
CUST-104561,Male,0,No,No,7,Yes,Yes,No,No internet service,No internet service,No internet service,No internet service,No internet service,No internet service,Month-to-month,Yes,Electronic check,26.47,216.39,No
CUST-100299,Male,0,No,Yes,55,Yes,Yes,Fiber optic,No,No,Yes,No,Yes,No,Two year,No,Mailed check,82.79,4558.63,No
CUST-101615,Male,1,Yes,Yes,15,No,No phone service,Fiber optic,No,No,No,No,No,No,Two year,Yes,Electronic check,63.23,963.31,No
CUST-105554,Female,0,Yes,Yes,5,Yes,Yes,Fiber optic,Yes,No,No,Yes,No,Yes,Month-to-month,Yes,Electronic check,86.82,415.79,Yes
CUST-101133,Female,0,Yes,Yes,58,Yes,No,DSL,No,No,No,Yes,No,Yes,One year,Yes,Bank transfer (automatic),58.85,3351.49,No
CUST-103081,Female,0,Yes,Yes,28,Yes,Yes,DSL,No,Yes,No,Yes,No,Yes,Month-to-month,No,Mailed check,70.73,1999.36,No
CUST-103142,Male,0,Yes,No,16,Yes,Yes,No,No internet service,No internet service,No internet service,No internet service,No internet service,No internet service,Month-to-month,No,Mailed check,28.18,445.1,No
CUST-101937,Female,0,Yes,No,6,Yes,No,DSL,Yes,Yes,No,Yes,No,Yes,Two year,No,Credit card (automatic),75.44,431.49,No
CUST-101048,Female,0,Yes,Yes,41,Yes,Yes,Fiber optic,Yes,No,No,No,No,Yes,Month-to-month,Yes,Bank transfer (automatic),84.02,3439.32,Yes
CUST-106155,Female,0,No,No,22,Yes,No,DSL,Yes,No,No,Yes,No,Yes,Month-to-month,Yes,Bank transfer (automatic),62.31,1395.56,No
CUST-106370,Female,0,No,No,16,Yes,No,DSL,No,Yes,Yes,Yes,Yes,Yes,Two year,Yes,Electronic check,71.96,1147.93,No
CUST-100846,Male,0,No,No,72,Yes,No,No,No internet service,No internet service,No internet service,No internet service,No internet service,No internet service,Month-to-month,No,Bank transfer (automatic),21.09,1519.47,No
CUST-100251,Male,0,Yes,Yes,50,Yes,No,No,No internet service,No internet service,No internet service,No internet service,No internet service,No internet service,Month-to-month,No,Electronic check,18.65,894.18,No
CUST-103034,Male,0,No,No,35,Yes,No,Fiber optic,No,No,Yes,No,Yes,No,Two year,No,Mailed check,81.3,2876.14,No
CUST-101027,Male,0,No,No,20,Yes,Yes,No,No internet service,No internet service,No internet service,No internet service,No internet service,No internet service,Month-to-month,No,Credit card (automatic),28.58,581.55,No
CUST-100806,Female,0,Yes,No,66,Yes,Yes,No,No internet service,No internet service,No internet service,No internet service,No internet service,No internet service,Month-to-month,Yes,Bank transfer (automatic),30.22,1975.17,No
CUST-101552,Female,0,Yes,No,7,Yes,Yes,DSL,No,No,No,Yes,Yes,No,Month-to-month,No,Mailed check,69.63,483.86,No
CUST-100031,Male,0,Yes,No,17,Yes,Yes,No,No internet service,No internet service,No internet service,No internet service,No internet service,No internet service,Two year,Yes,Credit card (automatic),31.3,555.05,No
CUST-100715,Female,0,Yes,No,24,Yes,No,No,No internet service,No internet service,No internet service,No internet service,No internet service,No internet service,Month-to-month,Yes,Electronic check,27.56,613.79,No
CUST-102384,Male,0,No,No,49,Yes,Yes,No,No internet service,No internet service,No internet service,No internet service,No internet service,No internet service,Month-to-month,Yes,Mailed check,29.13,1408.49,No
CUST-104879,Female,0,No,No,71,No,No phone service,No,No internet service,No internet service,No internet service,No internet service,No internet service,No internet service,One year,Yes,Electronic check,18.0,1281.02,No
CUST-106974,Male,0,Yes,No,21,Yes,Yes,DSL,No,Yes,Yes,No,Yes,No,Month-to-month,No,Electronic check,64.55,1363.7,No
CUST-105756,Male,0,No,No,25,Yes,No,Fiber optic,Yes,No,Yes,Yes,Yes,No,Month-to-month,No,Bank transfer (automatic),88.21,2203.16,Yes
CUST-105948,Female,0,Yes,No,65,Yes,Yes,No,No internet service,No internet service,No internet service,No internet service,No internet service,No internet service,Month-to-month,No,Mailed check,34.8,2226.68,Yes
CUST-103459,Male,1,Yes,No,4,Yes,No,DSL,No,No,No,No,No,No,Month-to-month,Yes,Mailed check,49.0,214.06,No
CUST-105014,Female,0,Yes,Yes,51,Yes,No,No,No internet service,No internet service,No internet service,No internet service,No internet service,No internet service,Two year,Yes,Bank transfer (automatic),24.83,1252.32,No
CUST-101044,Female,0,Yes,No,11,Yes,No,No,No internet service,No internet service,No internet service,No internet service,No internet service,No internet service,Two year,Yes,Mailed check,23.42,240.52,Yes
CUST-102144,Male,0,Yes,Yes,3,Yes,No,DSL,No,No,Yes,Yes,No,Yes,One year,Yes,Bank transfer (automatic),63.47,203.76,No
CUST-102489,Male,0,Yes,Yes,46,Yes,Yes,DSL,No,No,No,No,Yes,No,One year,No,Electronic check,64.35,2967.09,No
CUST-103244,Female,0,No,No,13,Yes,No,Fiber optic,No,No,Yes,No,No,No,Month-to-month,No,Electronic check,69.37,886.05,Yes
CUST-103191,Female,0,No,No,21,Yes,No,No,No internet service,No internet service,No internet service,No internet service,No internet service,No internet service,Month-to-month,Yes,Bank transfer (automatic),21.05,469.99,No
CUST-106020,Male,1,No,No,58,Yes,No,DSL,Yes,No,Yes,Yes,Yes,Yes,Month-to-month,Yes,Electronic check,74.51,4298.34,No
CUST-105247,Female,1,No,No,10,No,No phone service,No,No internet service,No internet service,No internet service,No internet service,No internet service,No internet service,Two year,Yes,Electronic check,18.0,171.29,No
CUST-103987,Male,0,No,No,49,Yes,No,Fiber optic,No,Yes,No,No,No,No,Two year,Yes,Electronic check,69.38,3378.84,No
CUST-100330,Female,0,No,No,33,Yes,Yes,DSL,Yes,Yes,Yes,No,Yes,Yes,Month-to-month,Yes,Mailed check,80.85,2656.72,No
CUST-106268,Male,0,Yes,Yes,65,Yes,No,DSL,No,No,Yes,No,No,Yes,Month-to-month,No,Mailed check,64.69,4178.06,No
CUST-103510,Female,0,No,No,34,Yes,No,Fiber optic,No,Yes,Yes,Yes,No,Yes,Two year,Yes,Mailed check,88.26,2971.11,No
CUST-100861,Female,0,Yes,No,10,Yes,No,DSL,Yes,Yes,No,No,No,No,Month-to-month,Yes,Bank transfer (automatic),56.45,545.7,No
CUST-101198,Female,0,No,No,17,Yes,Yes,Fiber optic,No,No,Yes,No,Yes,No,Month-to-month,Yes,Mailed check,78.62,1354.72,Yes
CUST-104423,Male,0,Yes,No,60,Yes,Yes,DSL,No,No,No,Yes,Yes,Yes,Two year,Yes,Bank transfer (automatic),73.25,4393.11,No
CUST-103951,Male,0,No,No,21,Yes,No,Fiber optic,No,Yes,No,No,Yes,No,Month-to-month,Yes,Bank transfer (automatic),77.8,1662.91,No
CUST-101088,Female,0,Yes,Yes,11,Yes,No,DSL,Yes,No,Yes,No,No,No,Month-to-month,Yes,Credit card (automatic),52.38,581.24,No
CUST-104219,Male,0,Yes,Yes,1,Yes,No,DSL,No,Yes,No,No,Yes,Yes,Month-to-month,Yes,Electronic check,66.74,49.03,No
CUST-102515,Female,0,Yes,Yes,31,Yes,Yes,DSL,No,No,No,No,No,Yes,One year,Yes,Bank transfer (automatic),60.95,1884.18,No
CUST-100003,Male,0,No,No,61,Yes,No,DSL,Yes,No,Yes,No,Yes,No,One year,No,Credit card (automatic),61.49,3744.05,No
CUST-103757,Female,1,Yes,No,11,No,No phone service,No,No internet service,No internet service,No internet service,No internet service,No internet service,No internet service,Two year,No,Mailed check,18.0,171.34,No
CUST-103724,Male,0,Yes,No,7,No,No phone service,DSL,No,No,No,No,No,Yes,One year,Yes,Electronic check,46.71,339.51,Yes
CUST-106802,Female,0,No,No,3,No,No phone service,DSL,No,No,No,No,Yes,No,Month-to-month,Yes,Electronic check,47.26,157.67,No
CUST-104040,Male,1,No,Yes,44,Yes,Yes,Fiber optic,Yes,No,Yes,No,No,Yes,Month-to-month,No,Electronic check,91.62,4073.07,Yes
CUST-102459,Male,0,No,No,67,Yes,Yes,No,No internet service,No internet service,No internet service,No internet service,No internet service,No internet service,Month-to-month,Yes,Bank transfer (automatic),30.46,2046.35,No
CUST-104710,Male,0,No,Yes,53,Yes,Yes,DSL,No,Yes,Yes,Yes,Yes,No,Month-to-month,No,Bank transfer (automatic),70.0,3703.7,No
CUST-100549,Female,0,Yes,Yes,17,No,No phone service,DSL,No,No,No,Yes,No,Yes,Month-to-month,No,Electronic check,55.86,958.31,Yes
CUST-104652,Male,0,No,Yes,9,Yes,Yes,Fiber optic,No,No,No,No,Yes,No,Two year,Yes,Credit card (automatic),78.07,722.22,No
CUST-105476,Male,0,Yes,Yes,12,Yes,No,Fiber optic,No,Yes,No,No,Yes,Yes,One year,Yes,Bank transfer (automatic),84.25,1049.47,No
CUST-104360,Male,0,Yes,No,35,Yes,No,DSL,Yes,Yes,No,No,Yes,No,Month-to-month,No,Bank transfer (automatic),61.34,2129.28,Yes
CUST-105117,Male,0,Yes,Yes,48,Yes,No,No,No internet service,No internet service,No internet service,No internet service,No internet service,No internet service,One year,Yes,Electronic check,21.75,1041.94,No
CUST-106336,Female,0,No,No,57,Yes,No,DSL,No,No,No,Yes,Yes,Yes,One year,No,Bank transfer (automatic),69.89,3987.54,No
CUST-101471,Female,0,Yes,Yes,44,Yes,Yes,Fiber optic,No,No,Yes,No,No,Yes,Month-to-month,Yes,Bank transfer (automatic),83.56,3703.52,No
CUST-101234,Female,1,No,No,62,Yes,No,DSL,Yes,Yes,Yes,No,Yes,No,Month-to-month,No,Electronic check,67.96,4192.96,No
CUST-101154,Male,0,Yes,No,25,No,No phone service,Fiber optic,No,No,Yes,No,No,No,Month-to-month,Yes,Bank transfer (automatic),65.08,1638.05,Yes
CUST-101401,Male,0,Yes,Yes,54,Yes,Yes,No,No internet service,No internet service,No internet service,No internet service,No internet service,No internet service,One year,Yes,Mailed check,28.56,1550.79,No
CUST-100918,Male,0,No,No,34,Yes,No,Fiber optic,Yes,No,No,Yes,No,No,Month-to-month,Yes,Credit card (automatic),74.38,2517.05,No
CUST-104520,Female,0,No,No,6,Yes,No,Fiber optic,Yes,Yes,No,No,No,No,Month-to-month,No,Credit card (automatic),84.0,500.46,Yes
CUST-102348,Male,0,Yes,No,49,Yes,No,Fiber optic,No,No,No,No,No,Yes,One year,No,Electronic check,76.16,3726.23,No
CUST-106248,Male,0,No,No,66,No,No phone service,Fiber optic,No,Yes,No,Yes,No,Yes,Two year,No,Electronic check,76.9,5055.01,No
CUST-103660,Female,0,No,Yes,38,Yes,Yes,Fiber optic,No,Yes,No,Yes,No,Yes,Month-to-month,Yes,Credit card (automatic),90.1,3396.26,Yes
CUST-105514,Female,1,No,No,60,Yes,No,Fiber optic,No,Yes,No,No,Yes,Yes,One year,Yes,Mailed check,86.14,5134.34,No
CUST-102601,Male,0,Yes,No,57,Yes,Yes,Fiber optic,No,No,Yes,No,Yes,No,Month-to-month,No,Bank transfer (automatic),79.79,4561.72,Yes
CUST-105935,Male,0,No,No,69,Yes,No,Fiber optic,No,Yes,Yes,Yes,No,No,Two year,No,Credit card (automatic),78.76,5441.47,No
CUST-101821,Female,0,Yes,Yes,69,Yes,No,Fiber optic,No,No,Yes,No,Yes,No,One year,Yes,Bank transfer (automatic),78.32,5411.51,No
CUST-100467,Female,0,No,No,43,Yes,No,DSL,No,No,No,No,No,No,Month-to-month,No,Mailed check,45.37,1956.34,No
CUST-104440,Male,0,No,No,69,Yes,Yes,Fiber optic,Yes,Yes,No,No,No,No,One year,Yes,Electronic check,78.35,5377.46,Yes
CUST-101492,Male,0,No,No,64,Yes,Yes,Fiber optic,No,Yes,No,No,No,No,Month-to-month,No,Bank transfer (automatic),77.27,4951.89,No
CUST-104630,Male,0,No,No,58,Yes,Yes,DSL,No,No,No,Yes,Yes,No,Month-to-month,No,Bank transfer (automatic),61.07,3510.85,No
CUST-106323,Female,0,No,No,47,Yes,Yes,No,No internet service,No internet service,No internet service,No internet service,No internet service,No internet service,Two year,Yes,Mailed check,26.11,1213.56,No
CUST-105891,Male,1,No,No,48,Yes,Yes,DSL,No,No,Yes,Yes,Yes,No,One year,Yes,Mailed check,68.89,3316.83,Yes
CUST-104170,Male,1,Yes,Yes,5,No,No phone service,Fiber optic,No,Yes,No,Yes,No,No,Two year,No,Credit card (automatic),60.55,345.72,No
CUST-105101,Female,0,Yes,No,67,Yes,Yes,No,No internet service,No internet service,No internet service,No internet service,No internet service,No internet service,Month-to-month,No,Electronic check,30.26,2025.94,No
CUST-105551,Male,0,Yes,No,29,Yes,No,No,No internet service,No internet service,No internet service,No internet service,No internet service,No internet service,Month-to-month,Yes,Bank transfer (automatic),26.54,742.56,No
CUST-103754,Male,0,No,No,65,Yes,No,DSL,No,No,Yes,No,No,Yes,One year,No,Mailed check,52.53,3418.55,No
CUST-101888,Male,0,No,No,11,Yes,No,Fiber optic,Yes,No,No,Yes,No,No,One year,No,Bank transfer (automatic),76.01,817.73,No
CUST-105468,Female,1,Yes,Yes,18,Yes,No,DSL,Yes,Yes,No,No,Yes,Yes,Month-to-month,Yes,Mailed check,70.93,1264.91,No
CUST-104861,Female,1,Yes,No,55,Yes,No,Fiber optic,No,No,No,No,Yes,Yes,Month-to-month,No,Electronic check,79.52,4403.32,No
CUST-103128,Female,0,No,No,64,Yes,Yes,Fiber optic,Yes,Yes,No,No,Yes,No,Month-to-month,Yes,Electronic check,87.26,5558.0,No
CUST-102487,Male,0,Yes,No,67,Yes,No,DSL,No,Yes,No,No,Yes,Yes,Two year,Yes,Bank transfer (automatic),63.13,4234.52,No
CUST-105264,Female,0,Yes,Yes,56,Yes,No,Fiber optic,No,No,Yes,No,Yes,No,Two year,Yes,Credit card (automatic),74.68,4198.34,No
CUST-100021,Male,1,No,No,20,Yes,No,DSL,No,No,No,No,Yes,Yes,Month-to-month,Yes,Bank transfer (automatic),68.85,1381.0,No
CUST-106305,Male,1,No,No,9,Yes,No,DSL,Yes,No,Yes,No,Yes,No,Month-to-month,No,Credit card (automatic),62.54,544.98,No
CUST-105179,Male,0,No,No,17,Yes,No,No,No internet service,No internet service,No internet service,No internet service,No internet service,No internet service,Two year,No,Electronic check,25.97,437.58,No
CUST-106817,Female,0,Yes,Yes,31,Yes,No,DSL,No,Yes,No,Yes,No,Yes,Month-to-month,No,Bank transfer (automatic),61.07,1881.21,No
CUST-106526,Male,1,No,No,9,Yes,No,Fiber optic,No,No,No,Yes,Yes,No,Two year,Yes,Credit card (automatic),74.3,691.25,No
CUST-103275,Female,0,Yes,No,35,Yes,No,No,No internet service,No internet service,No internet service,No internet service,No internet service,No internet service,Two year,Yes,Mailed check,24.25,851.95,No
CUST-102403,Female,0,No,No,36,Yes,No,Fiber optic,No,No,No,Yes,No,Yes,Month-to-month,Yes,Mailed check,78.91,2817.46,Yes
CUST-103592,Female,0,No,No,54,Yes,No,Fiber optic,Yes,Yes,No,Yes,Yes,No,Month-to-month,Yes,Electronic check,89.14,4839.42,No
CUST-101314,Female,0,No,No,6,Yes,No,No,No internet service,No internet service,No internet service,No internet service,No internet service,No internet service,Month-to-month,No,Mailed check,23.6,139.76,Yes
CUST-105218,Male,0,No,No,28,Yes,Yes,DSL,No,No,No,Yes,No,Yes,One year,Yes,Credit card (automatic),60.04,1676.78,Yes
CUST-101047,Female,0,Yes,No,58,Yes,No,DSL,No,No,No,No,No,No,Two year,No,Bank transfer (automatic),47.59,2790.91,No
CUST-103247,Male,0,Yes,Yes,18,Yes,Yes,No,No internet service,No internet service,No internet service,No internet service,No internet service,No internet service,Two year,Yes,Electronic check,26.23,466.79,No
CUST-106414,Male,0,No,No,55,Yes,Yes,DSL,No,No,Yes,No,Yes,Yes,Month-to-month,Yes,Credit card (automatic),72.57,3999.31,No
CUST-105367,Female,0,Yes,No,65,Yes,Yes,DSL,No,No,Yes,No,No,No,One year,No,Credit card (automatic),49.08,3196.48,No
CUST-104066,Female,0,No,No,7,Yes,No,DSL,No,No,No,Yes,Yes,Yes,Month-to-month,Yes,Electronic check,66.4,471.16,Yes
CUST-105043,Female,1,No,No,62,Yes,Yes,No,No internet service,No internet service,No internet service,No internet service,No internet service,No internet service,Month-to-month,No,Bank transfer (automatic),28.14,1739.59,No
CUST-100810,Male,0,Yes,Yes,69,Yes,No,Fiber optic,Yes,Yes,No,No,No,Yes,Month-to-month,Yes,Credit card (automatic),79.74,5531.32,No
CUST-103741,Male,0,Yes,No,39,Yes,Yes,No,No internet service,No internet service,No internet service,No internet service,No internet service,No internet service,Month-to-month,No,Credit card (automatic),24.6,955.59,No
CUST-102479,Male,0,No,No,61,Yes,No,Fiber optic,Yes,No,No,Yes,No,No,One year,Yes,Electronic check,73.28,4461.13,No
CUST-104822,Female,0,Yes,No,18,Yes,No,No,No internet service,No internet service,No internet service,No internet service,No internet service,No internet service,Month-to-month,Yes,Mailed check,25.13,439.9,Yes
CUST-104203,Male,0,Yes,Yes,68,Yes,Yes,No,No internet service,No internet service,No internet service,No internet service,No internet service,No internet service,Month-to-month,No,Electronic check,26.22,1757.43,No
CUST-106940,Female,0,Yes,Yes,49,Yes,Yes,Fiber optic,No,Yes,No,No,Yes,Yes,Two year,No,Bank transfer (automatic),84.29,4096.65,No
CUST-101368,Female,0,Yes,Yes,68,Yes,No,DSL,Yes,No,No,Yes,Yes,Yes,Two year,Yes,Mailed check,76.32,5165.84,No
CUST-102668,Male,0,Yes,No,5,Yes,No,Fiber optic,Yes,Yes,Yes,No,No,Yes,One year,No,Credit card (automatic),93.63,467.39,No
CUST-105261,Male,0,No,No,0,Yes,Yes,Fiber optic,No,No,No,No,Yes,Yes,Month-to-month,No,Mailed check,85.69,85.69,No
CUST-101520,Female,1,Yes,No,44,Yes,No,No,No internet service,No internet service,No internet service,No internet service,No internet service,No internet service,Two year,No,Credit card (automatic),19.53,869.66,No
CUST-104031,Female,0,Yes,Yes,33,Yes,Yes,DSL,Yes,Yes,No,Yes,Yes,No,Month-to-month,Yes,Electronic check,76.42,2502.45,Yes
CUST-106543,Female,0,Yes,Yes,43,Yes,No,DSL,No,No,Yes,Yes,No,Yes,Two year,Yes,Electronic check,63.72,2751.82,No
CUST-101205,Female,0,Yes,Yes,39,Yes,Yes,DSL,Yes,Yes,Yes,No,Yes,No,Month-to-month,No,Mailed check,75.62,2927.95,No
CUST-102332,Male,0,Yes,No,43,Yes,No,Fiber optic,No,Yes,No,No,Yes,No,Month-to-month,No,Credit card (automatic),76.26,3301.48,No
CUST-105450,Male,0,No,No,21,Yes,No,DSL,Yes,Yes,Yes,Yes,No,Yes,Month-to-month,Yes,Credit card (automatic),76.18,1584.57,Yes
CUST-106752,Female,1,No,No,47,Yes,Yes,No,No internet service,No internet service,No internet service,No internet service,No internet service,No internet service,Two year,No,Electronic check,31.53,1518.13,No
CUST-103849,Male,0,No,No,24,Yes,No,Fiber optic,Yes,No,Yes,No,No,Yes,One year,Yes,Credit card (automatic),84.91,2041.19,No
CUST-104226,Male,0,No,Yes,69,Yes,No,DSL,No,No,Yes,No,No,No,Month-to-month,No,Electronic check,47.11,3243.74,No
CUST-104617,Female,0,No,Yes,6,Yes,Yes,DSL,No,No,No,No,No,Yes,Two year,No,Bank transfer (automatic),57.4,365.25,No
CUST-100955,Female,0,Yes,No,71,Yes,No,Fiber optic,No,No,No,Yes,No,Yes,Two year,No,Mailed check,76.1,5413.18,No
CUST-100859,Female,0,Yes,Yes,72,Yes,No,Fiber optic,Yes,No,Yes,No,Yes,Yes,Two year,Yes,Electronic check,90.61,6527.74,Yes
CUST-102033,Female,0,Yes,No,66,No,No phone service,DSL,Yes,No,Yes,Yes,Yes,Yes,Month-to-month,Yes,Credit card (automatic),67.92,4489.64,No
CUST-101315,Male,0,No,No,9,Yes,Yes,DSL,Yes,Yes,Yes,Yes,Yes,No,One year,Yes,Mailed check,83.4,732.97,No
CUST-102399,Female,0,Yes,Yes,21,Yes,Yes,Fiber optic,No,No,No,Yes,No,Yes,Month-to-month,Yes,Electronic check,85.15,1793.82,No
CUST-105860,Female,0,Yes,Yes,70,Yes,Yes,DSL,No,No,No,Yes,Yes,Yes,Two year,Yes,Bank transfer (automatic),72.04,5001.06,No
CUST-104719,Male,0,No,No,34,Yes,No,DSL,Yes,Yes,Yes,No,Yes,No,Month-to-month,Yes,Mailed check,66.62,2289.13,Yes
CUST-104784,Female,0,Yes,Yes,2,Yes,No,Fiber optic,No,No,No,Yes,No,Yes,Two year,Yes,Electronic check,73.7,115.69,Yes
CUST-103904,Female,0,No,No,25,Yes,No,DSL,Yes,Yes,No,No,Yes,Yes,One year,No,Mailed check,75.82,1902.14,No
CUST-106754,Female,0,No,No,3,Yes,Yes,Fiber optic,No,No,Yes,No,Yes,Yes,One year,Yes,Credit card (automatic),96.48,307.55,Yes
CUST-101366,Male,0,Yes,Yes,20,Yes,Yes,DSL,No,No,No,Yes,Yes,Yes,One year,Yes,Mailed check,68.84,1349.99,No
CUST-103043,Female,0,Yes,No,3,No,No phone service,DSL,No,Yes,Yes,No,Yes,Yes,Two year,No,Bank transfer (automatic),59.58,202.02,No
CUST-103924,Female,0,Yes,Yes,26,Yes,No,Fiber optic,No,Yes,No,Yes,No,Yes,Two year,Yes,Electronic check,84.62,2197.48,No
CUST-106353,Female,0,No,No,69,Yes,No,DSL,Yes,No,Yes,Yes,Yes,Yes,One year,Yes,Electronic check,74.62,5192.29,No
CUST-104706,Male,0,No,No,40,Yes,Yes,Fiber optic,No,Yes,No,No,Yes,No,Month-to-month,No,Bank transfer (automatic),78.81,3103.28,No
CUST-102506,Male,0,No,No,59,Yes,No,Fiber optic,Yes,No,No,No,No,Yes,Month-to-month,Yes,Credit card (automatic),79.84,4723.5,No
CUST-100462,Female,0,No,No,23,Yes,Yes,No,No internet service,No internet service,No internet service,No internet service,No internet service,No internet service,Month-to-month,Yes,Bank transfer (automatic),25.72,598.25,Yes
CUST-101573,Female,0,Yes,No,14,Yes,No,DSL,Yes,No,No,No,No,No,Month-to-month,Yes,Electronic check,49.07,708.33,No
CUST-104888,Male,0,No,No,62,Yes,Yes,DSL,No,No,Yes,No,Yes,Yes,Two year,Yes,Electronic check,60.84,3759.65,No
CUST-100308,Male,1,Yes,Yes,30,No,No phone service,No,No internet service,No internet service,No internet service,No internet service,No internet service,No internet service,Month-to-month,Yes,Electronic check,18.35,565.94,No
CUST-102121,Female,0,No,No,14,Yes,No,No,No internet service,No internet service,No internet service,No internet service,No internet service,No internet service,One year,Yes,Mailed check,22.68,321.61,No
CUST-100579,male ,0,No,No,10,Yes,Yes,DSL,No,Yes,No,Yes,No,Yes,Two year,Yes,Electronic check,64.08,616.36,No
CUST-104201,Female,0,No,No,56,Yes,No,DSL,No,No,Yes,Yes,No,Yes,One year,No,Electronic check,59.35,3338.61,Yes
CUST-101705,Female,0,No,No,66,Yes,No,Fiber optic,No,No,No,No,No,Yes,Month-to-month,Yes,Mailed check,73.86,4878.73,No
CUST-103786,Male,0,No,No,68,No,No phone service,Fiber optic,No,No,No,No,No,Yes,Month-to-month,Yes,Bank transfer (automatic),68.44,4660.42,Yes
CUST-105282,Female,1,No,No,13,Yes,No,Fiber optic,No,Yes,Yes,Yes,No,No,Month-to-month,No,Electronic check,79.98,,Yes
CUST-102994,Female,1,No,No,9,Yes,No,DSL,Yes,No,No,No,No,Yes,One year,No,Credit card (automatic),56.6,546.1,No
CUST-102037,Male,0,No,No,41,Yes,Yes,Fiber optic,No,No,No,Yes,No,No,Month-to-month,Yes,Mailed check,73.5,3005.08,No
CUST-105525,Male,0,No,No,43,Yes,No,DSL,No,No,No,Yes,Yes,Yes,Month-to-month,No,Credit card (automatic),62.85,2716.08,Yes
CUST-105409,Female,0,Yes,Yes,11,Yes,Yes,No,No internet service,No internet service,No internet service,No internet service,No internet service,No internet service,Month-to-month,Yes,Bank transfer (automatic),28.74,315.33,No
CUST-102095,Female,0,No,No,71,Yes,No,Fiber optic,No,No,Yes,Yes,No,Yes,Month-to-month,Yes,Bank transfer (automatic),85.76,6083.3,No
CUST-100870,Male,0,Yes,No,34,No,No phone service,Fiber optic,No,No,No,No,No,Yes,Two year,Yes,Mailed check,69.91,2362.21,No
CUST-105527,Male,0,No,No,58,Yes,No,DSL,Yes,Yes,Yes,No,Yes,Yes,One year,No,Electronic check,72.93,4224.56,No
CUST-105135,Male,0,No,No,43,Yes,Yes,DSL,No,No,No,No,No,Yes,Month-to-month,No,Mailed check,65.27,2824.76,No
CUST-103049,Female,0,Yes,No,61,Yes,No,Fiber optic,No,No,No,Yes,No,No,Month-to-month,Yes,Mailed check,66.64,4078.73,Yes
CUST-106826,Female,0,No,No,16,Yes,No,Fiber optic,No,No,No,No,Yes,No,One year,Yes,Bank transfer (automatic),72.42,1156.46,No
CUST-102656,Male,0,Yes,Yes,18,No,No phone service,DSL,No,No,No,Yes,Yes,Yes,Month-to-month,Yes,Credit card (automatic),57.55,1005.78,No
CUST-105072,Male,0,Yes,Yes,2,Yes,No,DSL,No,No,Yes,No,No,Yes,Two year,No,Electronic check,60.08,112.1,Yes
CUST-103502,Male,0,No,No,46,Yes,Yes,No,No internet service,No internet service,No internet service,No internet service,No internet service,No internet service,Month-to-month,No,Credit card (automatic),30.85,1383.31,No
CUST-104357,Male,0,Yes,Yes,61,Yes,No,Fiber optic,No,Yes,No,No,Yes,Yes,Two year,Yes,Electronic check,85.57,5197.54,No
CUST-100976,Male,0,Yes,No,50,Yes,No,Fiber optic,No,No,Yes,No,Yes,Yes,Two year,Yes,Electronic check,90.83,4517.12,Yes
CUST-103352,Male,0,Yes,No,56,Yes,No,DSL,No,Yes,No,Yes,Yes,Yes,Two year,Yes,Credit card (automatic),73.36,4081.19,Yes
CUST-100957,Female,0,Yes,Yes,33,Yes,Yes,Fiber optic,Yes,Yes,No,No,No,No,Two year,Yes,Credit card (automatic),80.37,2657.42,No
CUST-103699,Female,0,No,No,5,Yes,Yes,Fiber optic,No,Yes,No,No,Yes,No,Month-to-month,Yes,Electronic check,79.33,422.92,Yes
CUST-101340,Female,1,No,No,27,Yes,Yes,DSL,No,No,No,Yes,No,Yes,Month-to-month,No,Credit card (automatic),64.57,1742.49,No
CUST-101822,Male,1,Yes,No,48,Yes,Yes,DSL,Yes,Yes,No,No,Yes,No,Month-to-month,Yes,Credit card (automatic),67.61,3276.15,Yes
CUST-102329,Male,0,Yes,No,67,Yes,Yes,No,No internet service,No internet service,No internet service,No internet service,No internet service,No internet service,Month-to-month,No,Mailed check,30.1,2015.38,No
CUST-101929,Female,0,Yes,No,58,Yes,No,DSL,No,No,No,No,Yes,No,Two year,No,Mailed check,46.84,2742.88,No
CUST-103880,Female,0,No,No,52,No,No phone service,Fiber optic,No,No,No,Yes,No,No,Month-to-month,Yes,Credit card (automatic),58.79,3055.76,No
CUST-105771,Male,0,No,No,65,No,No phone service,Fiber optic,No,Yes,Yes,Yes,No,No,Month-to-month,Yes,Electronic check,75.97,4974.82,Yes
CUST-105779,Male,1,Yes,Yes,37,Yes,Yes,Fiber optic,Yes,Yes,No,No,No,No,One year,No,Credit card (automatic),76.85,2870.73,No
CUST-100353,Male,0,No,No,2,Yes,No,No,No internet service,No internet service,No internet service,No internet service,No internet service,No internet service,Two year,Yes,Electronic check,19.37,42.97,No
CUST-104827,Female,0,Yes,No,64,Yes,No,Fiber optic,No,Yes,Yes,No,Yes,No,Month-to-month,No,Electronic check,77.68,4955.38,No
CUST-101445,Male,0,No,No,27,No,No phone service,DSL,No,No,No,No,No,No,Month-to-month,Yes,Mailed check,42.16,1126.03,Yes
CUST-104798,Male,0,Yes,Yes,58,Yes,No,No,No internet service,No internet service,No internet service,No internet service,No internet service,No internet service,Two year,No,Credit card (automatic),21.8,1256.31,No
CUST-102726,Male,0,No,No,21,Yes,No,DSL,No,No,No,No,No,Yes,Month-to-month,Yes,Electronic check,52.8,1133.78,No
CUST-106441,Male,0,No,No,13,No,No phone service,DSL,Yes,No,No,No,Yes,Yes,Two year,Yes,Bank transfer (automatic),64.01,810.1,No
CUST-104256,Male,0,Yes,No,34,No,No phone service,Fiber optic,Yes,Yes,No,No,Yes,Yes,Two year,Yes,Electronic check,85.62,2909.86,No
CUST-103200,Female,0,No,No,47,No,No phone service,Fiber optic,Yes,No,No,No,No,Yes,One year,No,Mailed check,70.88,3372.44,No
CUST-105229,Male,0,No,No,66,Yes,Yes,DSL,Yes,Yes,No,No,Yes,No,One year,Yes,Electronic check,65.79,4341.47,No
CUST-106006,Male,0,Yes,No,67,Yes,No,No,No internet service,No internet service,No internet service,No internet service,No internet service,No internet service,Month-to-month,Yes,Bank transfer (automatic),21.14,1436.75,No
CUST-101385,Male,1,Yes,No,58,Yes,No,DSL,No,Yes,No,Yes,Yes,No,One year,No,Credit card (automatic),61.78,3568.49,No
CUST-105997,Female,0,No,No,3,Yes,No,Fiber optic,No,No,No,No,Yes,No,Month-to-month,Yes,Bank transfer (automatic),71.21,225.51,Yes
CUST-103721,Female,0,Yes,Yes,20,Yes,No,Fiber optic,No,No,Yes,Yes,Yes,Yes,Month-to-month,Yes,Electronic check,94.39,1885.35,Yes
CUST-100501,Female,0,Yes,No,66,Yes,No,Fiber optic,No,No,Yes,No,No,Yes,Two year,Yes,Mailed check,81.51,5387.02,No
CUST-103524,Male,0,No,No,31,No,No phone service,DSL,No,Yes,Yes,No,Yes,No,Two year,Yes,Mailed check,57.76,1786.84,No
CUST-106806,Male,0,Yes,Yes,4,Yes,No,No,No internet service,No internet service,No internet service,No internet service,No internet service,No internet service,Month-to-month,No,Credit card (automatic),26.0,94.26,No
CUST-106950,Female,0,Yes,No,8,Yes,No,DSL,Yes,Yes,Yes,No,No,No,Two year,No,Bank transfer (automatic),61.17,501.28,No
CUST-102104,Female,0,Yes,Yes,11,Yes,Yes,Fiber optic,No,No,No,No,No,Yes,One year,Yes,Electronic check,76.63,851.99,Yes
CUST-102233,Male,1,No,No,27,Yes,No,No,No internet service,No internet service,No internet service,No internet service,No internet service,No internet service,One year,No,Electronic check,20.72,557.47,Yes
CUST-106513,Male,0,No,No,23,Yes,No,DSL,No,Yes,No,Yes,Yes,No,Two year,No,Mailed check,63.04,1428.76,No
CUST-101007,Female,0,Yes,Yes,67,Yes,No,Fiber optic,No,No,Yes,No,Yes,No,Month-to-month,No,Electronic check,81.22,5433.68,No
CUST-106585,Female,0,Yes,No,68,Yes,No,No,No internet service,No internet service,No internet service,No internet service,No internet service,No internet service,One year,Yes,Credit card (automatic),27.97,1889.02,No
CUST-106386,Male,0,No,No,45,No,No phone service,DSL,No,No,Yes,Yes,Yes,No,Two year,Yes,Bank transfer (automatic),59.17,2647.76,No
CUST-102171,Female,1,No,No,15,Yes,Yes,Fiber optic,No,No,Yes,No,No,No,Month-to-month,No,Bank transfer (automatic),74.39,1119.94,Yes
CUST-104464,Male,0,No,No,48,Yes,No,DSL,No,No,No,Yes,Yes,No,Month-to-month,No,Mailed check,57.17,2752.46,No
CUST-103216,Male,0,No,No,71,Yes,No,Fiber optic,Yes,Yes,No,No,No,No,Month-to-month,No,Credit card (automatic),75.78,5382.71,Yes
CUST-106455,Male,0,Yes,Yes,17,Yes,No,Fiber optic,No,No,No,Yes,Yes,Yes,Month-to-month,Yes,Mailed check,86.0,1464.27,Yes
CUST-105060,Female,0,Yes,No,37,Yes,No,DSL,No,No,Yes,No,No,No,Month-to-month,No,Credit card (automatic),49.12,1797.59,No
CUST-101318,Male,0,Yes,No,56,No,No phone service,No,No internet service,No internet service,No internet service,No internet service,No internet service,No internet service,Month-to-month,Yes,Electronic check,18.0,1027.48,No
CUST-104589,Male,0,No,No,19,Yes,No,Fiber optic,No,No,No,Yes,No,Yes,One year,No,Bank transfer (automatic),77.36,1472.04,No
CUST-103982,Female,0,No,No,5,Yes,Yes,Fiber optic,No,No,Yes,No,Yes,No,One year,No,Mailed check,79.07,410.29,No
CUST-104429,Female,0,Yes,No,43,Yes,No,No,No internet service,No internet service,No internet service,No internet service,No internet service,No internet service,Month-to-month,Yes,Bank transfer (automatic),24.32,1044.97,No
CUST-101475,Male,0,Yes,Yes,69,No,No phone service,Fiber optic,No,No,Yes,Yes,No,Yes,Month-to-month,Yes,Electronic check,80.26,5508.36,Yes
CUST-100679,Female,1,No,No,14,No,No phone service,Fiber optic,No,No,No,No,Yes,No,Month-to-month,No,Electronic check,70.07,974.4,Yes
CUST-105493,Male,0,No,No,22,Yes,Yes,Fiber optic,Yes,No,No,No,Yes,Yes,One year,No,Electronic check,90.75,2016.81,Yes
CUST-103926,Female,1,Yes,Yes,16,Yes,No,Fiber optic,Yes,Yes,Yes,Yes,No,No,Two year,Yes,Electronic check,85.24,1347.35,No
CUST-100380,Male,0,Yes,Yes,58,Yes,No,Fiber optic,No,No,No,No,No,No,Month-to-month,Yes,Electronic check,72.66,4180.51,No
CUST-105750,Female,0,Yes,Yes,35,Yes,Yes,Fiber optic,No,Yes,Yes,Yes,No,Yes,Month-to-month,Yes,Electronic check,98.23,3421.61,No
CUST-104163,Male,1,No,No,19,Yes,No,DSL,No,Yes,Yes,Yes,No,Yes,Two year,Yes,Bank transfer (automatic),62.18,1154.06,No
CUST-105420,Female,0,Yes,No,36,Yes,No,Fiber optic,No,Yes,Yes,No,No,Yes,Month-to-month,No,Electronic check,85.02,3064.72,Yes
CUST-101882,Male,0,No,No,54,No,No phone service,DSL,Yes,Yes,No,No,No,Yes,Month-to-month,Yes,Bank transfer (automatic),55.86,3012.93,No
CUST-100477,Male,0,Yes,No,70,Yes,No,DSL,No,No,Yes,No,Yes,Yes,Month-to-month,No,Bank transfer (automatic),69.28,4863.44,No
CUST-106314,Female,1,No,No,19,No,No phone service,DSL,No,No,No,No,Yes,Yes,Month-to-month,No,Credit card (automatic),60.44,1157.28,No
CUST-102382,Female,0,Yes,Yes,55,Yes,No,No,No internet service,No internet service,No internet service,No internet service,No internet service,No internet service,Month-to-month,Yes,Electronic check,25.93,1400.09,Yes
CUST-106920,Male,0,No,No,60,Yes,No,No,No internet service,No internet service,No internet service,No internet service,No internet service,No internet service,Two year,No,Credit card (automatic),22.53,1347.88,No
CUST-102359,Male,0,No,No,15,Yes,No,No,No internet service,No internet service,No internet service,No internet service,No internet service,No internet service,One year,Yes,Credit card (automatic),18.49,273.33,No
CUST-100425,Male,0,Yes,Yes,60,Yes,No,DSL,No,No,Yes,No,No,Yes,One year,Yes,Electronic check,56.61,3370.85,No
CUST-105366,Male,0,Yes,No,30,Yes,No,Fiber optic,No,Yes,Yes,No,No,No,Month-to-month,Yes,Mailed check,73.31,2219.06,No
CUST-102255,Female,0,No,No,44,Yes,No,No,No internet service,No internet service,No internet service,No internet service,No internet service,No internet service,Month-to-month,Yes,Electronic check,26.57,1157.21,No
CUST-101333,Female,0,Yes,Yes,25,Yes,Yes,DSL,No,No,No,Yes,No,Yes,Month-to-month,Yes,Electronic check,71.42,1785.18,No
CUST-100199,Female,0,No,No,70,Yes,No,Fiber optic,Yes,Yes,Yes,No,No,Yes,One year,No,Mailed check,89.24,6245.66,No
CUST-106935,Male,1,No,No,44,Yes,No,No,No internet service,No internet service,No internet service,No internet service,No internet service,No internet service,One year,Yes,Bank transfer (automatic),20.46,896.28,No
CUST-101938,Female,1,No,No,52,Yes,Yes,No,No internet service,No internet service,No internet service,No internet service,No internet service,No internet service,One year,No,Bank transfer (automatic),27.53,1425.37,No
CUST-100143,Male,0,No,No,9,Yes,Yes,DSL,No,No,No,Yes,No,No,Month-to-month,Yes,Credit card (automatic),50.06,481.17,No
CUST-103820,Male,0,No,No,20,Yes,No,Fiber optic,No,No,Yes,No,No,No,One year,No,Electronic check,69.1,1352.12,Yes
CUST-104345,Female,0,Yes,No,5,Yes,No,DSL,No,No,No,No,No,No,Month-to-month,Yes,Bank transfer (automatic),46.21,238.0,No
CUST-106105,Female,1,Yes,Yes,43,Yes,No,No,No internet service,No internet service,No internet service,No internet service,No internet service,No internet service,Month-to-month,Yes,Credit card (automatic),22.21,970.99,No
CUST-100304,Female,0,No,Yes,52,Yes,Yes,DSL,No,Yes,No,No,Yes,No,Month-to-month,Yes,Mailed check,64.73,3352.85,No
CUST-101454,Female,0,No,No,6,Yes,No,No,No internet service,No internet service,No internet service,No internet service,No internet service,No internet service,Month-to-month,Yes,Electronic check,25.73,138.57,Yes
CUST-104788,Male,0,No,No,42,Yes,No,Fiber optic,Yes,No,No,No,No,No,Month-to-month,No,Mailed check,69.83,2944.58,No
CUST-104513,Female,0,No,No,55,Yes,No,Fiber optic,Yes,Yes,Yes,No,Yes,No,Month-to-month,Yes,Bank transfer (automatic),89.6,4926.04,Yes
CUST-100911,Male,0,Yes,No,2,No,No phone service,Fiber optic,No,Yes,No,No,No,No,Two year,No,Credit card (automatic),69.55,130.26,Yes
CUST-106396,Female,0,No,No,44,Yes,No,No,No internet service,No internet service,No internet service,No internet service,No internet service,No internet service,Month-to-month,Yes,Electronic check,18.0,807.16,No
CUST-102596,Female,0,Yes,No,35,Yes,No,No,No internet service,No internet service,No internet service,No internet service,No internet service,No internet service,Two year,No,Mailed check,25.8,900.75,No
CUST-104681,Male,0,No,No,72,Yes,No,DSL,Yes,Yes,Yes,No,Yes,No,Month-to-month,Yes,Electronic check,68.61,4972.93,No
CUST-102309,Female,0,Yes,Yes,25,Yes,No,Fiber optic,No,Yes,No,No,Yes,Yes,One year,No,Electronic check,88.41,2220.07,No
CUST-102112,Female,0,Yes,Yes,2,Yes,Yes,DSL,No,No,No,No,No,Yes,Month-to-month,Yes,Mailed check,61.04,93.69,Yes
CUST-106489,Male,0,No,No,60,Yes,Yes,Fiber optic,No,No,Yes,No,Yes,Yes,Two year,Yes,Electronic check,91.27,5492.94,No
CUST-100593,Female,0,Yes,Yes,0,Yes,No,No,No internet service,No internet service,No internet service,No internet service,No internet service,No internet service,Month-to-month,Yes,Bank transfer (automatic),21.54,21.54,No
CUST-103570,Female,0,No,No,46,Yes,Yes,No,No internet service,No internet service,No internet service,No internet service,No internet service,No internet service,Month-to-month,Yes,Mailed check,27.52,1249.27,No
CUST-103533,Female,0,Yes,No,6,Yes,Yes,No,No internet service,No internet service,No internet service,No internet service,No internet service,No internet service,Month-to-month,Yes,Electronic check,23.23,121.71,No
CUST-101288,Male,0,No,No,17,Yes,No,Fiber optic,Yes,Yes,No,No,No,No,One year,Yes,Electronic check,75.79,1248.82,Yes
CUST-101655,Male,0,Yes,No,13,Yes,Yes,Fiber optic,Yes,No,No,Yes,No,No,Month-to-month,Yes,Electronic check,75.36,987.12,Yes
CUST-105008,Female,1,Yes,No,8,Yes,No,Fiber optic,No,No,No,No,No,Yes,One year,No,Electronic check,72.81,579.49,No
CUST-105421,Female,0,No,No,23,Yes,No,No,No internet service,No internet service,No internet service,No internet service,No internet service,No internet service,One year,Yes,Electronic check,22.03,462.41,No
CUST-102131,Female,0,No,No,3,Yes,No,DSL,No,No,No,No,Yes,Yes,Month-to-month,No,Bank transfer (automatic),59.32,,No
CUST-100765,Female,0,Yes,No,47,Yes,No,Fiber optic,Yes,Yes,No,Yes,Yes,Yes,Month-to-month,No,Electronic check,94.82,4410.93,Yes
CUST-106786,Female,1,No,No,55,Yes,No,Fiber optic,No,Yes,No,Yes,No,No,Two year,Yes,Bank transfer (automatic),68.43,3770.68,No
CUST-105928,Male,0,Yes,Yes,14,No,No phone service,No,No internet service,No internet service,No internet service,No internet service,No internet service,No internet service,Two year,No,Credit card (automatic),18.0,244.85,No
CUST-100146,Male,0,No,No,13,Yes,No,No,No internet service,No internet service,No internet service,No internet service,No internet service,No internet service,Month-to-month,Yes,Bank transfer (automatic),22.38,290.23,No
CUST-100394,Female,1,No,No,14,Yes,No,No,No internet service,No internet service,No internet service,No internet service,No internet service,No internet service,Two year,No,Electronic check,27.46,382.82,No
CUST-105357,Female,1,Yes,No,67,Yes,No,Fiber optic,No,Yes,No,No,Yes,Yes,Month-to-month,Yes,Electronic check,88.21,5907.77,Yes
CUST-103808,Female,0,Yes,No,8,Yes,Yes,Fiber optic,Yes,No,No,Yes,Yes,No,Month-to-month,No,Electronic check,96.3,758.81,No
CUST-100045,Female,0,No,No,65,Yes,No,Fiber optic,No,No,Yes,Yes,Yes,No,Two year,Yes,Bank transfer (automatic),83.62,5448.03,No
CUST-103494,Female,0,Yes,Yes,64,Yes,Yes,Fiber optic,No,Yes,No,No,Yes,Yes,Month-to-month,No,Electronic check,93.79, ,Yes
CUST-105110,Female,0,Yes,No,63,Yes,Yes,DSL,No,No,No,Yes,Yes,Yes,One year,Yes,Electronic check,67.28,4241.31,No
CUST-103336,Female,0,No,No,27,Yes,Yes,Fiber optic,Yes,No,Yes,No,No,No,One year,Yes,Mailed check,81.91,2202.53,No
CUST-104417,Male,0,Yes,Yes,8,No,No phone service,Fiber optic,No,Yes,No,Yes,Yes,No,Two year,No,Mailed check,75.46,588.08,No
CUST-102159,Male,0,Yes,Yes,46,Yes,No,Fiber optic,No,No,No,Yes,Yes,Yes,Two year,Yes,Credit card (automatic),86.66,3984.49,No
CUST-101957,Female,0,Yes,No,8,No,No phone service,DSL,No,No,No,No,No,No,One year,No,Credit card (automatic),37.43,316.77,No
CUST-104952,Female,0,No,No,34,No,No phone service,Fiber optic,No,Yes,Yes,Yes,No,No,One year,No,Mailed check,71.58,2450.27,No
CUST-102184,Female,0,Yes,Yes,66,Yes,Yes,Fiber optic,No,Yes,No,No,Yes,No,Month-to-month,Yes,Bank transfer (automatic),85.61,5658.28,No
CUST-105231,Male,0,No,No,16,Yes,No,No,No internet service,No internet service,No internet service,No internet service,No internet service,No internet service,Two year,Yes,Mailed check,22.35,349.52,No
CUST-106780,Female,0,Yes,Yes,19,Yes,No,No,No internet service,No internet service,No internet service,No internet service,No internet service,No internet service,Month-to-month,No,Bank transfer (automatic),21.83,421.02,No
CUST-105619,Male,1,No,No,12,Yes,Yes,Fiber optic,No,Yes,Yes,No,No,No,Month-to-month,No,Mailed check,80.82,959.17,Yes
CUST-103497,Male,0,Yes,No,8,Yes,Yes,DSL,No,Yes,Yes,No,No,No,One year,No,Credit card (automatic),57.69,458.43,No
CUST-102071,Female,0,No,No,49,Yes,Yes,DSL,Yes,Yes,Yes,No,Yes,No,One year,No,Electronic check,73.37,3588.35,No
CUST-101367,Male,0,No,No,25,Yes,Yes,DSL,No,No,Yes,No,No,Yes,One year,Yes,Mailed check,67.22,1656.18,No
CUST-103095,Female,0,Yes,No,57,Yes,No,Fiber optic,No,No,No,Yes,Yes,No,Month-to-month,Yes,Credit card (automatic),77.51,4398.23,No
CUST-102364,Female,0,No,No,19,Yes,No,Fiber optic,Yes,No,Yes,No,Yes,Yes,One year,No,Electronic check,89.38,1707.51,Yes
CUST-106774,Female,0,Yes,Yes,55,Yes,No,DSL,No,No,Yes,No,No,No,One year,Yes,Mailed check,54.53,2997.68,No
CUST-100930,Female,0,Yes,No,57,Yes,No,Fiber optic,No,No,No,No,No,No,One year,Yes,Mailed check,65.48,3693.46,Yes
CUST-103512,Male,0,No,No,35,Yes,No,No,No internet service,No internet service,No internet service,No internet service,No internet service,No internet service,Month-to-month,Yes,Electronic check,23.27,820.66,No
CUST-102975,Male,0,No,No,42,Yes,Yes,Fiber optic,No,No,No,No,Yes,No,Two year,No,Mailed check,79.27,3346.28,No
CUST-105182,Female,0,Yes,Yes,32,Yes,No,Fiber optic,No,Yes,No,No,Yes,Yes,Two year,No,Electronic check,87.83,2815.18,Yes
CUST-104574,Female,1,No,No,62,No,No phone service,Fiber optic,No,Yes,Yes,No,Yes,No,Month-to-month,No,Bank transfer (automatic),77.33,4803.51,No
CUST-103141,Male,0,No,No,1,Yes,No,DSL,No,No,Yes,No,Yes,No,Month-to-month,No,Bank transfer (automatic),63.33,70.87,No
CUST-105903,Female,0,No,No,37,Yes,No,Fiber optic,Yes,No,No,Yes,No,Yes,Month-to-month,Yes,Mailed check,86.86,3236.15,Yes
CUST-102581,Male,0,Yes,No,8,Yes,Yes,DSL,No,No,Yes,Yes,Yes,No,Month-to-month,No,Mailed check,76.72,570.4,No
CUST-106140,Male,0,Yes,Yes,15,Yes,Yes,Fiber optic,No,No,No,No,Yes,Yes,One year,No,Credit card (automatic),88.46,1315.44,No
CUST-100606,Male,0,No,No,42,Yes,Yes,DSL,No,No,No,No,Yes,No,Month-to-month,No,Credit card (automatic),58.05,2423.45,No
CUST-100074,Female,0,No,No,50,Yes,No,Fiber optic,No,No,Yes,No,Yes,Yes,One year,Yes,Electronic check,87.56,4380.17,No
CUST-105292,Male,0,No,No,15,Yes,No,Fiber optic,No,No,No,No,Yes,Yes,Month-to-month,Yes,Bank transfer (automatic),79.0,1180.99,Yes
CUST-101322,Female,0,No,No,32,Yes,No,No,No internet service,No internet service,No internet service,No internet service,No internet service,No internet service,Month-to-month,Yes,Bank transfer (automatic),23.4,773.9,No
CUST-105462,Female,0,No,No,25,Yes,Yes,No,No internet service,No internet service,No internet service,No internet service,No internet service,No internet service,One year,Yes,Credit card (automatic),30.98,799.22,No
CUST-100113,Male,1,Yes,No,51,Yes,No,DSL,No,No,No,Yes,Yes,Yes,One year,Yes,Credit card (automatic),70.67,3609.31,No
CUST-103913,Female,0,No,No,2,Yes,Yes,No,No internet service,No internet service,No internet service,No internet service,No internet service,No internet service,Two year,No,Bank transfer (automatic),28.8,40.49,No
CUST-100986,Female,0,No,No,33,Yes,No,DSL,No,No,Yes,Yes,No,No,Month-to-month,No,Mailed check,59.09,1913.7,No
CUST-106377,Male,1,Yes,No,19,Yes,Yes,Fiber optic,No,No,Yes,Yes,No,Yes,Month-to-month,Yes,Bank transfer (automatic),92.61,1783.14,No
CUST-104843,Male,0,Yes,No,63,Yes,No,DSL,No,No,No,Yes,No,Yes,Two year,Yes,Credit card (automatic),62.21,3921.06,No
CUST-100222,Female,1,Yes,No,5,Yes,Yes,No,No internet service,No internet service,No internet service,No internet service,No internet service,No internet service,Two year,Yes,Credit card (automatic),25.09,137.11,No
CUST-101992,Male,0,No,No,36,Yes,Yes,Fiber optic,No,Yes,No,No,No,Yes,Month-to-month,Yes,Electronic check,79.09,2845.36,No
CUST-105943,Female,0,No,No,0,Yes,Yes,No,No internet service,No internet service,No internet service,No internet service,No internet service,No internet service,Two year,No,Mailed check,30.65,30.65,No
CUST-104131,Female,0,Yes,Yes,59,Yes,No,DSL,Yes,No,Yes,No,No,Yes,Month-to-month,Yes,Electronic check,61.71,3658.77,No
CUST-104926,Male,0,No,No,21,Yes,No,DSL,Yes,No,No,No,No,No,Two year,Yes,Electronic check,54.16,1142.25,No
CUST-106320,Female,0,Yes,No,9,Yes,No,DSL,Yes,Yes,Yes,No,No,Yes,Month-to-month,No,Bank transfer (automatic),68.8,605.37,No
CUST-101761,Male,0,Yes,No,20,Yes,No,Fiber optic,Yes,No,Yes,Yes,No,No,Month-to-month,Yes,Electronic check,83.32,1636.56,Yes
CUST-104443,Male,0,Yes,Yes,27,Yes,No,Fiber optic,No,No,No,No,Yes,No,One year,Yes,Electronic check,76.61,2108.67,No
CUST-104263,Female,0,Yes,Yes,9,Yes,No,Fiber optic,No,Yes,No,No,Yes,Yes,Two year,Yes,Bank transfer (automatic),87.55,802.38,No
CUST-104180,Female,1,No,No,28,Yes,No,Fiber optic,Yes,Yes,No,No,Yes,No,Month-to-month,Yes,Credit card (automatic),84.74,2421.63,Yes
CUST-104212,Male,0,No,No,43,Yes,No,No,No internet service,No internet service,No internet service,No internet service,No internet service,No internet service,Two year,Yes,Electronic check,22.75,963.8,No
CUST-104043,Male,1,No,No,16,Yes,Yes,Fiber optic,No,Yes,Yes,No,No,No,Month-to-month,Yes,Bank transfer (automatic),79.95,1282.83,No
CUST-103456,Female,0,Yes,Yes,26,Yes,No,Fiber optic,No,No,No,No,Yes,No,Month-to-month,Yes,Mailed check,73.74,1898.99,Yes
CUST-100530,Female,0,Yes,Yes,17,Yes,Yes,DSL,No,Yes,No,No,No,Yes,Two year,No,Bank transfer (automatic),58.42,983.02,No
CUST-102590,Male,0,Yes,No,55,Yes,Yes,Fiber optic,No,No,No,No,No,Yes,One year,Yes,Electronic check,71.71,3911.76,No
CUST-105124,Male,0,Yes,Yes,16,Yes,Yes,DSL,No,No,Yes,Yes,Yes,Yes,Month-to-month,No,Bank transfer (automatic),74.19,1177.37,No
CUST-103954,Female,1,No,No,63,Yes,No,Fiber optic,No,Yes,No,No,No,No,Month-to-month,No,Electronic check,70.06,4425.35,Yes
CUST-103630,Male,0,No,No,9,Yes,Yes,DSL,Yes,No,No,No,Yes,No,Month-to-month,Yes,Electronic check,62.03,537.35,No
CUST-102521,Male,1,Yes,No,14,Yes,No,Fiber optic,Yes,No,Yes,No,No,No,One year,No,Bank transfer (automatic),71.0,950.69,Yes
CUST-105063,Female,0,No,No,5,Yes,No,Fiber optic,Yes,Yes,No,No,No,No,Month-to-month,No,Electronic check,79.02,385.26,No
CUST-103051,Male,0,No,No,26,Yes,Yes,Fiber optic,No,Yes,No,Yes,Yes,No,Month-to-month,Yes,Mailed check,89.63,2319.54,No
CUST-105691,Female,0,Yes,Yes,44,Yes,No,Fiber optic,Yes,No,Yes,No,No,No,Two year,No,Credit card (automatic),74.52,3254.0,No
CUST-105178,Male,0,No,No,28,Yes,Yes,Fiber optic,No,No,Yes,No,No,Yes,One year,Yes,Mailed check,81.11,2262.17,Yes
CUST-105742,female ,0,No,No,4,Yes,No,DSL,No,Yes,Yes,No,Yes,No,One year,Yes,Electronic check,65.14,280.35,No
CUST-106363,Male,1,Yes,No,34,Yes,Yes,No,No internet service,No internet service,No internet service,No internet service,No internet service,No internet service,Month-to-month,Yes,Electronic check,23.0,770.69,No
CUST-105873,Male,1,No,No,6,Yes,No,DSL,Yes,Yes,Yes,Yes,No,No,Two year,No,Mailed check,69.14,422.9,No
CUST-106622,Female,0,No,Yes,46,Yes,No,DSL,No,No,No,Yes,Yes,No,Month-to-month,No,Electronic check,61.78,2818.02,No
CUST-103204,Male,0,Yes,No,28,Yes,Yes,Fiber optic,Yes,Yes,Yes,No,No,No,One year,No,Electronic check,83.73,2364.14,No
CUST-105341,Female,0,No,No,34,No,No phone service,Fiber optic,Yes,Yes,Yes,No,Yes,Yes,Month-to-month,No,Credit card (automatic),90.78,3079.02,Yes
CUST-101779,Female,0,No,Yes,6,Yes,No,Fiber optic,Yes,Yes,No,Yes,No,No,Month-to-month,Yes,Mailed check,84.42,487.72,Yes
CUST-101025,Male,0,No,Yes,14,Yes,Yes,DSL,No,No,Yes,No,No,No,Month-to-month,No,Electronic check,53.32,763.65,No
CUST-103778,Female,0,No,No,24,Yes,No,No,No internet service,No internet service,No internet service,No internet service,No internet service,No internet service,Two year,Yes,Bank transfer (automatic),23.49,556.72,No
CUST-100081,Male,0,Yes,No,45,Yes,No,Fiber optic,No,Yes,No,No,No,No,Month-to-month,Yes,Bank transfer (automatic),69.63,3156.93,No
CUST-105447,Male,0,Yes,No,21,Yes,No,DSL,No,Yes,Yes,No,Yes,Yes,Month-to-month,No,Credit card (automatic),70.89,1509.46,No
CUST-102030,Female,0,Yes,Yes,70,Yes,No,DSL,No,Yes,No,Yes,Yes,No,Month-to-month,Yes,Mailed check,66.59,4700.72,No
CUST-104054,Male,0,No,No,72,Yes,Yes,Fiber optic,No,No,No,Yes,Yes,Yes,One year,Yes,Credit card (automatic),92.8,6736.03,No
CUST-101792,Male,1,Yes,No,18,Yes,No,No,No internet service,No internet service,No internet service,No internet service,No internet service,No internet service,Two year,Yes,Mailed check,20.31,360.7,No
CUST-105467,Male,0,Yes,Yes,36,Yes,No,No,No internet service,No internet service,No internet service,No internet service,No internet service,No internet service,Month-to-month,Yes,Credit card (automatic),18.0,660.89,No
CUST-102716,Male,0,No,No,12,Yes,Yes,Fiber optic,Yes,No,Yes,No,Yes,No,Month-to-month,Yes,Electronic check,86.54,1021.82,No
CUST-103819,Female,0,No,No,67,Yes,No,Fiber optic,Yes,Yes,Yes,No,No,No,Month-to-month,No,Mailed check,81.11,5423.54,No
CUST-102673,Male,0,Yes,Yes,19,Yes,No,DSL,Yes,No,Yes,No,No,No,Two year,Yes,Electronic check,53.89,1012.88,No
CUST-106711,Male,0,No,No,71,Yes,Yes,Fiber optic,Yes,Yes,No,Yes,No,Yes,One year,Yes,Electronic check,90.4,6431.86,No
CUST-104653,Male,1,Yes,No,50,Yes,No,Fiber optic,No,No,No,Yes,Yes,No,Month-to-month,No,Bank transfer (automatic),82.18,4122.43,No
CUST-103501,Female,1,No,No,40,No,No phone service,DSL,Yes,No,Yes,Yes,No,No,Two year,No,Bank transfer (automatic),53.51,2159.59,No
CUST-102563,Male,0,No,No,2,Yes,Yes,Fiber optic,Yes,Yes,Yes,Yes,No,No,Two year,Yes,Bank transfer (automatic),91.68,222.95,No
CUST-103402,Male,0,No,No,2,Yes,No,Fiber optic,No,No,Yes,Yes,Yes,No,Month-to-month,Yes,Bank transfer (automatic),88.5,171.14,Yes
CUST-106833,Female,0,No,No,6,Yes,No,DSL,No,No,Yes,No,No,No,One year,Yes,Electronic check,50.59,299.27,No
CUST-101956,Female,0,Yes,Yes,2,Yes,Yes,DSL,No,No,No,Yes,Yes,No,Month-to-month,Yes,Credit card (automatic),65.53,146.74,Yes
CUST-103869,Female,1,No,No,19,Yes,Yes,Fiber optic,No,Yes,No,Yes,No,No,Month-to-month,No,Bank transfer (automatic),83.62,1576.75,Yes
CUST-104136,Female,0,No,No,55,Yes,No,DSL,No,No,Yes,No,No,No,Month-to-month,Yes,Mailed check,57.29,3155.83,No
CUST-106568,Male,0,Yes,Yes,70,Yes,No,Fiber optic,Yes,No,Yes,No,Yes,Yes,One year,No,Bank transfer (automatic),94.7,6612.59,Yes
CUST-106093,Male,0,Yes,Yes,58,No,No phone service,No,No internet service,No internet service,No internet service,No internet service,No internet service,No internet service,Month-to-month,Yes,Electronic check,18.0,1032.92,No
CUST-103136,Female,0,Yes,Yes,62,Yes,Yes,Fiber optic,No,No,Yes,Yes,Yes,No,Two year,No,Electronic check,88.33,5515.06,No
CUST-100311,Female,0,No,No,4,Yes,No,DSL,No,Yes,Yes,Yes,No,Yes,Month-to-month,Yes,Bank transfer (automatic),68.37,287.29,Yes
CUST-101631,female ,0,Yes,No,48,Yes,Yes,DSL,Yes,Yes,Yes,No,No,Yes,One year,Yes,Bank transfer (automatic),71.77,3482.16,No
CUST-104260,Male,0,Yes,Yes,61,Yes,No,No,No internet service,No internet service,No internet service,No internet service,No internet service,No internet service,One year,Yes,Credit card (automatic),20.24,1263.71,No
CUST-102067,Female,0,Yes,Yes,16,No,No phone service,Fiber optic,No,No,No,No,No,Yes,One year,Yes,Credit card (automatic),68.23,1074.82,No
CUST-101426,Female,0,Yes,No,9,No,No phone service,Fiber optic,No,Yes,No,No,Yes,No,Month-to-month,Yes,Electronic check,72.89,653.35,No
CUST-102002,Male,0,Yes,No,43,Yes,Yes,Fiber optic,No,No,No,Yes,No,No,Two year,No,Bank transfer (automatic),75.29,3275.65,No
CUST-104453,Female,0,Yes,Yes,62,Yes,No,No,No internet service,No internet service,No internet service,No internet service,No internet service,No internet service,One year,Yes,Electronic check,25.41,1544.9,No
CUST-103810,Male,0,Yes,No,8,No,No phone service,DSL,Yes,No,No,No,Yes,No,Month-to-month,Yes,Bank transfer (automatic),51.8,380.42,No
CUST-105533,Male,1,Yes,Yes,40,Yes,No,No,No internet service,No internet service,No internet service,No internet service,No internet service,No internet service,Two year,Yes,Bank transfer (automatic),22.57,938.22,No
CUST-102337,Female,0,Yes,Yes,1,Yes,No,Fiber optic,Yes,Yes,Yes,Yes,Yes,Yes,Month-to-month,Yes,Electronic check,101.44,97.15,No
CUST-102440,Male,0,No,No,49,Yes,Yes,DSL,No,Yes,Yes,No,Yes,No,One year,Yes,Mailed check,69.15,3374.17,No
CUST-100128,Female,0,No,No,56,Yes,No,Fiber optic,No,No,No,No,Yes,No,Month-to-month,Yes,Mailed check,74.94,4201.18,No
CUST-101009,Female,0,Yes,No,46,Yes,No,Fiber optic,No,No,No,No,No,Yes,One year,Yes,Electronic check,73.01,3340.99,Yes
CUST-101813,Male,0,No,Yes,59,Yes,No,Fiber optic,Yes,Yes,Yes,Yes,Yes,No,Month-to-month,Yes,Credit card (automatic),94.19,5533.91,No
CUST-101290,Male,0,No,No,4,Yes,No,No,No internet service,No internet service,No internet service,No internet service,No internet service,No internet service,Month-to-month,Yes,Electronic check,19.64,93.5,No
CUST-104753,Female,0,Yes,No,25,Yes,No,Fiber optic,No,No,No,No,No,No,Month-to-month,Yes,Electronic check,68.48,1716.54,Yes
CUST-103873,Male,0,Yes,Yes,69,Yes,No,No,No internet service,No internet service,No internet service,No internet service,No internet service,No internet service,One year,No,Mailed check,21.34,1489.67,No
CUST-105197,Female,0,Yes,Yes,3,Yes,Yes,DSL,Yes,Yes,No,No,No,Yes,Month-to-month,No,Mailed check,67.16,178.5,Yes
CUST-102771,Male,0,No,No,10,Yes,No,Fiber optic,Yes,No,Yes,Yes,Yes,No,Month-to-month,Yes,Electronic check,88.27,871.72,Yes
CUST-100201,Female,0,Yes,No,21,Yes,No,Fiber optic,Yes,No,Yes,No,Yes,Yes,One year,Yes,Electronic check,91.17,1922.83,No
CUST-106195,Male,0,Yes,No,9,Yes,No,DSL,No,Yes,Yes,No,Yes,Yes,Month-to-month,Yes,Bank transfer (automatic),73.96,652.7,No
CUST-106795,Male,0,No,Yes,32,Yes,No,No,No internet service,No internet service,No internet service,No internet service,No internet service,No internet service,Month-to-month,No,Bank transfer (automatic),24.86,797.64,No
CUST-100954,Female,0,No,Yes,5,Yes,No,No,No internet service,No internet service,No internet service,No internet service,No internet service,No internet service,Month-to-month,Yes,Electronic check,25.56,145.1,No
CUST-102418,Male,1,Yes,Yes,57,Yes,No,DSL,Yes,Yes,No,Yes,No,Yes,One year,Yes,Electronic check,67.7,3823.65,No
CUST-104020,Male,0,Yes,No,6,Yes,No,DSL,No,No,Yes,Yes,No,Yes,Two year,No,Electronic check,66.13,343.17,No
CUST-100829,Male,1,No,No,62,Yes,No,No,No internet service,No internet service,No internet service,No internet service,No internet service,No internet service,Month-to-month,No,Mailed check,22.09,1371.43,No
CUST-102361,Female,0,No,No,43,Yes,Yes,Fiber optic,Yes,Yes,Yes,No,Yes,Yes,Two year,No,Credit card (automatic),106.51,4564.15,No
CUST-106207,Female,1,Yes,Yes,7,Yes,No,Fiber optic,No,No,Yes,No,Yes,No,Two year,Yes,Credit card (automatic),76.97,565.82,No
CUST-104689,Female,0,Yes,No,43,Yes,No,DSL,Yes,Yes,Yes,No,No,No,One year,No,Credit card (automatic),52.82,2269.84,No
CUST-103907,Female,0,No,No,10,Yes,Yes,No,No internet service,No internet service,No internet service,No internet service,No internet service,No internet service,One year,Yes,Electronic check,32.07,388.72,No
CUST-100970,Male,1,Yes,Yes,59,Yes,Yes,No,No internet service,No internet service,No internet service,No internet service,No internet service,No internet service,Two year,Yes,Electronic check,28.61,1705.07,No
CUST-100202,Male,0,Yes,Yes,0,Yes,No,No,No internet service,No internet service,No internet service,No internet service,No internet service,No internet service,Two year,Yes,Bank transfer (automatic),21.27,21.27,No
CUST-100982,Female,0,Yes,Yes,25,Yes,No,Fiber optic,No,No,Yes,No,No,No,Two year,Yes,Mailed check,66.99,1677.08,No
CUST-103696,Male,0,Yes,Yes,11,No,No phone service,DSL,Yes,No,Yes,No,Yes,Yes,Month-to-month,Yes,Electronic check,64.55,686.67,Yes
CUST-103318,Male,0,Yes,No,56,No,No phone service,No,No internet service,No internet service,No internet service,No internet service,No internet service,No internet service,Month-to-month,Yes,Mailed check,20.16,1135.3,No
CUST-105562,Female,0,No,No,53,Yes,No,Fiber optic,No,Yes,No,No,Yes,No,Month-to-month,No,Mailed check,75.37,4001.37,No
CUST-104912,Male,0,No,No,69,Yes,Yes,No,No internet service,No internet service,No internet service,No internet service,No internet service,No internet service,Month-to-month,Yes,Mailed check,30.02,2058.21,No
CUST-102380,Male,0,Yes,Yes,21,Yes,No,Fiber optic,No,No,Yes,No,No,No,Two year,Yes,Electronic check,72.83,1498.47,No
CUST-102486,Male,0,No,Yes,10,Yes,Yes,DSL,Yes,No,No,No,No,No,One year,Yes,Electronic check,53.19,607.86,No
CUST-106851,Female,0,No,No,6,Yes,No,DSL,Yes,No,Yes,No,No,Yes,Month-to-month,No,Credit card (automatic),63.07,344.52,No
CUST-103097,Male,0,No,No,25,Yes,Yes,DSL,No,Yes,No,No,Yes,Yes,Two year,Yes,Electronic check,65.37,1602.32,No
CUST-106339,Female,1,No,No,42,Yes,Yes,Fiber optic,No,No,Yes,No,No,Yes,Two year,No,Electronic check,80.7,3335.73,No
CUST-103089,Male,0,No,No,8,Yes,No,DSL,No,Yes,No,Yes,No,No,One year,Yes,Electronic check,53.99,437.75,No
CUST-101187,Female,0,Yes,No,21,Yes,No,Fiber optic,No,No,Yes,No,No,Yes,Month-to-month,No,Mailed check,77.4,1637.08,Yes
CUST-104447,Male,0,No,No,6,Yes,No,No,No internet service,No internet service,No internet service,No internet service,No internet service,No internet service,One year,No,Mailed check,22.28,153.89,No
CUST-103919,Female,0,Yes,No,67,Yes,No,DSL,Yes,Yes,Yes,Yes,No,No,Month-to-month,No,Electronic check,63.97,4293.2,No
CUST-101595,Male,0,Yes,Yes,18,Yes,No,DSL,Yes,Yes,Yes,Yes,Yes,Yes,One year,No,Bank transfer (automatic),85.62,1513.98,No
CUST-104092,Male,0,No,No,26,Yes,No,DSL,No,Yes,Yes,No,Yes,Yes,Month-to-month,Yes,Credit card (automatic),70.46,1839.26,Yes
CUST-100042,Female,1,Yes,Yes,1,Yes,Yes,Fiber optic,No,Yes,Yes,Yes,Yes,Yes,Two year,Yes,Electronic check,103.93,78.54,No
CUST-106899,Female,0,Yes,No,46,Yes,Yes,No,No internet service,No internet service,No internet service,No internet service,No internet service,No internet service,One year,No,Credit card (automatic),26.15,1216.33,No
CUST-103347,Male,0,Yes,No,64,Yes,No,DSL,No,No,Yes,Yes,Yes,Yes,Month-to-month,No,Bank transfer (automatic),69.28,4432.11,No
CUST-106334,Male,1,No,No,53,Yes,No,Fiber optic,No,Yes,No,No,Yes,No,Month-to-month,No,Electronic check,81.75,4329.82,No
CUST-105168,Male,0,Yes,Yes,64,No,No phone service,DSL,No,No,Yes,Yes,No,Yes,Two year,No,Credit card (automatic),56.23,3580.02,No
CUST-101273,Female,0,No,Yes,44,Yes,No,Fiber optic,No,Yes,Yes,No,No,Yes,Month-to-month,No,Bank transfer (automatic),84.9,3716.8,No
CUST-102182,Female,0,Yes,No,20,No,No phone service,Fiber optic,No,No,No,No,No,Yes,Month-to-month,Yes,Bank transfer (automatic),69.69,1398.99,No
CUST-100574,Male,0,No,No,71,Yes,No,DSL,No,No,Yes,No,No,Yes,One year,No,Electronic check,54.94,3926.99,No
CUST-101920,Male,0,Yes,No,29,No,No phone service,Fiber optic,No,Yes,No,No,No,No,Month-to-month,Yes,Bank transfer (automatic),61.75,1790.46,No
CUST-106482,Female,1,Yes,Yes,15,No,No phone service,Fiber optic,No,No,No,No,Yes,Yes,Month-to-month,No,Mailed check,76.3,1153.21,No
CUST-100856,Male,1,No,No,50,Yes,No,DSL,Yes,No,Yes,Yes,Yes,Yes,One year,Yes,Bank transfer (automatic),76.04,3796.17,No
CUST-101808,Male,0,No,No,68,Yes,No,DSL,No,No,Yes,No,No,No,Month-to-month,Yes,Electronic check,51.04,3445.79,No
CUST-102620,Female,0,Yes,No,30,Yes,Yes,DSL,Yes,Yes,No,No,No,Yes,Two year,Yes,Bank transfer (automatic),70.31,2066.16,No
CUST-104914,Female,0,Yes,Yes,12,Yes,Yes,Fiber optic,Yes,No,Yes,Yes,Yes,No,Month-to-month,No,Electronic check,95.89,1132.5,No
CUST-101846,Male,0,Yes,No,31,Yes,No,DSL,No,Yes,No,No,No,No,Month-to-month,Yes,Electronic check,45.4,1428.51,No
CUST-104971,Male,0,Yes,Yes,22,Yes,No,Fiber optic,Yes,Yes,Yes,No,No,No,Two year,No,Electronic check,81.93,1794.68,No
CUST-104034,Male,0,No,No,11,Yes,Yes,No,No internet service,No internet service,No internet service,No internet service,No internet service,No internet service,Two year,No,Electronic check,26.72,295.63,No
CUST-104199,Male,0,No,No,34,Yes,No,Fiber optic,No,Yes,No,Yes,No,Yes,Month-to-month,No,Mailed check,81.86,2804.31,No
CUST-105413,Female,0,No,No,28,Yes,No,No,No internet service,No internet service,No internet service,No internet service,No internet service,No internet service,Two year,No,Electronic check,20.82,575.96,No
CUST-102458,Male,0,No,No,31,No,No phone service,No,No internet service,No internet service,No internet service,No internet service,No internet service,No internet service,Month-to-month,Yes,Electronic check,24.14,727.91,No
CUST-104889,Male,0,Yes,No,48,Yes,No,No,No internet service,No internet service,No internet service,No internet service,No internet service,No internet service,Month-to-month,Yes,Mailed check,22.11,1085.67,No
CUST-104700,Female,0,Yes,No,69,Yes,No,Fiber optic,Yes,Yes,No,No,Yes,No,One year,Yes,Electronic check,88.69,6129.99,No
CUST-100988,Male,0,Yes,No,52,Yes,Yes,DSL,No,No,Yes,Yes,Yes,Yes,Month-to-month,Yes,Electronic check,75.24,3955.0,Yes
CUST-106204,Male,0,Yes,Yes,70,Yes,No,No,No internet service,No internet service,No internet service,No internet service,No internet service,No internet service,Month-to-month,No,Electronic check,21.58,1509.53,No
CUST-101433,Female,0,No,No,56,Yes,No,No,No internet service,No internet service,No internet service,No internet service,No internet service,No internet service,One year,No,Electronic check,18.99,1066.93,No
CUST-104480,Male,0,Yes,Yes,1,Yes,Yes,Fiber optic,No,No,Yes,Yes,No,No,Two year,No,Electronic check,83.11,71.16,Yes
CUST-104989,Female,0,No,Yes,13,Yes,Yes,No,No internet service,No internet service,No internet service,No internet service,No internet service,No internet service,One year,No,Bank transfer (automatic),21.22,321.03,No
CUST-104152,Female,0,Yes,Yes,12,Yes,No,Fiber optic,No,No,No,No,Yes,Yes,Month-to-month,No,Bank transfer (automatic),85.59,1043.11,No
CUST-100711,Female,0,No,No,10,Yes,No,Fiber optic,No,No,No,No,No,Yes,Month-to-month,No,Credit card (automatic),75.05,740.99,No
CUST-102372,Male,0,Yes,No,32,Yes,No,No,No internet service,No internet service,No internet service,No internet service,No internet service,No internet service,Month-to-month,Yes,Bank transfer (automatic),18.0, ,No
CUST-103850,Female,0,Yes,Yes,26,Yes,Yes,No,No internet service,No internet service,No internet service,No internet service,No internet service,No internet service,One year,Yes,Electronic check,24.47,618.65,No
CUST-104451,Male,0,No,No,18,Yes,No,DSL,Yes,No,No,No,No,Yes,Month-to-month,Yes,Bank transfer (automatic),55.6,962.87,Yes
CUST-103565,Male,0,No,No,36,Yes,No,Fiber optic,No,No,No,Yes,No,Yes,One year,No,Bank transfer (automatic),81.55,2918.27,No
CUST-101018,Male,0,Yes,No,12,Yes,No,No,No internet service,No internet service,No internet service,No internet service,No internet service,No internet service,Month-to-month,No,Credit card (automatic),24.23,280.5,No
CUST-103887,Male,0,Yes,No,49,Yes,No,Fiber optic,Yes,No,Yes,Yes,Yes,Yes,Month-to-month,No,Bank transfer (automatic),94.96,4629.93,No
CUST-103296,Male,0,Yes,No,61,Yes,Yes,Fiber optic,No,No,No,No,No,Yes,One year,No,Electronic check,78.08,4723.85,No
CUST-102963,Male,0,Yes,Yes,19,No,No phone service,No,No internet service,No internet service,No internet service,No internet service,No internet service,No internet service,Month-to-month,No,Mailed check,21.84,414.1,No
CUST-104403,Female,0,Yes,No,72,No,No phone service,DSL,No,No,No,No,No,Yes,One year,Yes,Credit card (automatic),47.31,3425.45,No
CUST-103461,Female,0,Yes,Yes,12,Yes,No,No,No internet service,No internet service,No internet service,No internet service,No internet service,No internet service,Two year,No,Mailed check,19.94,261.22,No
CUST-104909,Female,0,Yes,Yes,8,Yes,Yes,DSL,No,No,Yes,No,Yes,Yes,One year,No,Electronic check,76.35,606.22,Yes
CUST-104137,Male,1,No,No,14,Yes,No,Fiber optic,No,Yes,No,No,Yes,No,Month-to-month,No,Electronic check,75.72,1060.19,No
CUST-105428,Male,0,Yes,Yes,9,Yes,No,Fiber optic,No,Yes,No,Yes,Yes,No,One year,Yes,Bank transfer (automatic),82.17,736.39,No
CUST-105343,Male,0,Yes,No,57,Yes,Yes,DSL,No,Yes,No,No,Yes,No,One year,Yes,Electronic check,65.1,3701.77,Yes
CUST-101681,Male,0,No,No,37,Yes,Yes,DSL,No,No,Yes,Yes,Yes,Yes,One year,Yes,Mailed check,80.09,2991.72,No
CUST-104978,Female,0,Yes,Yes,70,Yes,Yes,Fiber optic,Yes,No,No,Yes,Yes,No,One year,Yes,Mailed check,87.17,6108.38,No
CUST-101969,Male,0,Yes,Yes,35,Yes,Yes,Fiber optic,Yes,Yes,No,Yes,No,Yes,Month-to-month,No,Electronic check,94.42,3308.77,Yes
CUST-104794,Male,0,No,No,12,No,No phone service,No,No internet service,No internet service,No internet service,No internet service,No internet service,No internet service,Two year,No,Electronic check,18.0,211.05,No
CUST-105541,Male,0,No,No,30,Yes,Yes,Fiber optic,Yes,Yes,No,Yes,Yes,Yes,Month-to-month,No,Mailed check,99.47,2992.28,No
CUST-102051,Male,0,Yes,Yes,12,Yes,No,Fiber optic,Yes,No,No,Yes,No,No,Month-to-month,Yes,Credit card (automatic),75.84,878.17,Yes
CUST-104311,Female,0,Yes,Yes,11,No,No phone service,Fiber optic,Yes,No,No,No,No,Yes,Month-to-month,No,Electronic check,70.44,749.87,Yes
CUST-102146,Male,0,Yes,No,66,Yes,No,Fiber optic,Yes,Yes,No,No,Yes,No,Two year,Yes,Electronic check,86.89,5680.87,No
CUST-102322,Male,0,Yes,Yes,61,No,No phone service,Fiber optic,No,No,Yes,Yes,No,Yes,Month-to-month,Yes,Mailed check,79.45,4789.32,No
CUST-102696,Male,0,No,No,59,No,No phone service,Fiber optic,No,Yes,Yes,No,No,Yes,Month-to-month,No,Credit card (automatic),77.24,4561.53,Yes
CUST-102482,Male,0,No,No,36,Yes,Yes,DSL,Yes,No,Yes,No,Yes,Yes,Month-to-month,Yes,Bank transfer (automatic),71.28,2544.96,Yes
CUST-101370,Female,0,Yes,Yes,30,Yes,Yes,DSL,No,Yes,No,Yes,No,Yes,Month-to-month,Yes,Electronic check,67.42,2016.07,No
CUST-101566,Female,0,Yes,Yes,7,Yes,No,Fiber optic,No,Yes,No,No,No,No,Month-to-month,Yes,Electronic check,70.56,495.03,Yes
CUST-103596,Male,0,No,No,57,Yes,Yes,DSL,No,No,Yes,Yes,No,Yes,Month-to-month,Yes,Credit card (automatic),68.13,3876.81,Yes
CUST-103771,Male,1,No,No,42,Yes,No,Fiber optic,Yes,No,Yes,No,Yes,No,Two year,Yes,Electronic check,82.93,3506.58,No
CUST-106952,Female,0,No,No,68,Yes,No,DSL,No,No,No,No,No,No,One year,Yes,Electronic check,43.44,2958.08,No
CUST-104354,Male,0,No,No,47,No,No phone service,Fiber optic,No,No,Yes,No,Yes,Yes,Two year,Yes,Credit card (automatic),80.07,3774.8,No
CUST-101516,Male,0,No,No,37,Yes,No,DSL,No,Yes,No,Yes,No,Yes,Month-to-month,Yes,Electronic check,62.16,2311.29,No
CUST-103993,Male,0,No,No,4,Yes,Yes,No,No internet service,No internet service,No internet service,No internet service,No internet service,No internet service,One year,Yes,Mailed check,26.02,100.92,No
CUST-106898,Female,1,No,No,23,Yes,Yes,No,No internet service,No internet service,No internet service,No internet service,No internet service,No internet service,Month-to-month,No,Bank transfer (automatic),24.93,566.76,No
CUST-102186,Male,0,No,No,5,Yes,No,Fiber optic,No,No,No,No,Yes,No,Month-to-month,Yes,Electronic check,75.65,373.9,No
CUST-103308,Male,0,No,No,49,Yes,Yes,Fiber optic,Yes,No,No,Yes,No,No,Month-to-month,Yes,Credit card (automatic),80.66,3956.19,No
CUST-103731,Female,0,Yes,Yes,28,Yes,Yes,Fiber optic,No,Yes,No,No,No,No,Month-to-month,No,Mailed check,73.42,2048.75,No
CUST-105251,Male,0,No,Yes,28,Yes,No,DSL,No,No,No,Yes,Yes,No,One year,Yes,Bank transfer (automatic),62.66,1775.15,No
CUST-101037,Male,1,Yes,No,70,Yes,Yes,Fiber optic,No,Yes,No,No,No,No,Two year,No,Bank transfer (automatic),75.88,5305.22,No
CUST-102437,Female,0,Yes,Yes,36,Yes,No,DSL,Yes,Yes,Yes,Yes,No,No,Month-to-month,Yes,Bank transfer (automatic),66.79,2396.1,No
CUST-102999,Female,0,No,No,72,Yes,No,Fiber optic,No,Yes,Yes,No,Yes,Yes,Two year,Yes,Mailed check,91.83,6628.78,No
CUST-101510,Male,0,No,No,71,Yes,Yes,DSL,Yes,Yes,No,No,No,No,Month-to-month,Yes,Mailed check,61.07,4332.81,No
CUST-100411,Male,0,No,No,17,Yes,Yes,DSL,Yes,Yes,Yes,No,No,Yes,Month-to-month,No,Mailed check,67.21,1161.98,No
CUST-106257,Female,0,No,No,20,Yes,No,No,No internet service,No internet service,No internet service,No internet service,No internet service,No internet service,One year,No,Bank transfer (automatic),27.24,526.06,No
CUST-105388,Male,0,No,No,61,Yes,Yes,DSL,No,No,No,Yes,Yes,Yes,Month-to-month,No,Credit card (automatic),70.28,4295.68,Yes
CUST-104075,Male,1,Yes,Yes,31,Yes,No,DSL,No,Yes,No,No,Yes,No,Month-to-month,Yes,Electronic check,58.43,1794.82,Yes
CUST-101301,Male,0,Yes,Yes,53,Yes,Yes,DSL,No,Yes,No,Yes,No,No,One year,No,Mailed check,61.62,3216.19,No
CUST-103259,Male,0,Yes,Yes,38,Yes,No,Fiber optic,No,No,Yes,No,No,No,Month-to-month,No,Mailed check,68.71,2593.27,No
CUST-101317,Female,0,Yes,Yes,70,Yes,Yes,Fiber optic,No,No,No,Yes,No,No,Month-to-month,Yes,Credit card (automatic),74.97,5210.43,No
CUST-103316,Female,0,No,No,72,Yes,No,DSL,Yes,No,Yes,Yes,Yes,No,Month-to-month,No,Electronic check,64.04,4645.19,No
CUST-100777,Male,1,Yes,No,57,Yes,No,Fiber optic,No,Yes,No,Yes,No,Yes,Two year,Yes,Bank transfer (automatic),82.39,4706.86,No
CUST-105714,Female,0,No,No,28,Yes,No,DSL,Yes,No,No,Yes,Yes,No,One year,Yes,Credit card (automatic),61.79,1703.15,No
CUST-106327,Female,0,Yes,Yes,63,Yes,No,Fiber optic,No,No,Yes,No,Yes,No,Month-to-month,Yes,Mailed check,76.87,4843.93,Yes
CUST-104671,Female,0,No,Yes,33,Yes,No,No,No internet service,No internet service,No internet service,No internet service,No internet service,No internet service,Two year,Yes,Electronic check,22.86,747.66,No
CUST-104854,Male,0,Yes,No,67,Yes,No,DSL,Yes,No,Yes,Yes,Yes,No,Two year,Yes,Credit card (automatic),70.04,4694.78,No
CUST-102367,Male,0,No,No,52,Yes,Yes,DSL,Yes,Yes,No,Yes,No,No,Month-to-month,Yes,Mailed check,62.88,3277.02,No
CUST-102476,Female,0,No,No,34,Yes,Yes,DSL,No,Yes,No,Yes,Yes,No,Two year,Yes,Electronic check,65.36,2267.18,No
CUST-104890,Female,0,Yes,Yes,52,Yes,No,Fiber optic,No,No,No,Yes,Yes,Yes,One year,Yes,Bank transfer (automatic),81.61,4230.88,No
CUST-104169,Female,0,Yes,Yes,28,Yes,Yes,No,No internet service,No internet service,No internet service,No internet service,No internet service,No internet service,Month-to-month,No,Mailed check,27.06,743.42,No
CUST-100025,Female,0,Yes,Yes,41,Yes,No,Fiber optic,Yes,Yes,No,Yes,No,No,Two year,No,Mailed check,82.83,3373.46,No
CUST-103392,Female,0,No,No,32,Yes,No,DSL,Yes,Yes,Yes,No,No,No,Month-to-month,Yes,Credit card (automatic),60.08,1925.28,No
CUST-101408,Male,0,Yes,Yes,72,Yes,No,No,No internet service,No internet service,No internet service,No internet service,No internet service,No internet service,Two year,No,Credit card (automatic),26.07,1905.47,No
CUST-105222,Female,0,No,Yes,0,Yes,No,No,No internet service,No internet service,No internet service,No internet service,No internet service,No internet service,Two year,Yes,Electronic check,27.15,27.15,No
CUST-101139,Female,0,No,No,43,Yes,No,Fiber optic,Yes,No,No,No,No,Yes,Month-to-month,Yes,Mailed check,73.56,3184.41,Yes
CUST-100505,Male,0,Yes,No,16,Yes,Yes,Fiber optic,No,Yes,Yes,Yes,No,No,Month-to-month,No,Mailed check,89.97,1444.87,Yes
CUST-101560,Male,0,Yes,Yes,64,Yes,No,Fiber optic,No,Yes,Yes,No,Yes,Yes,Month-to-month,No,Mailed check,93.32,5970.69,No
CUST-106359,Female,0,No,No,44,No,No phone service,Fiber optic,Yes,No,Yes,No,Yes,Yes,One year,Yes,Credit card (automatic),84.92,3739.42,No
CUST-101120,Male,0,No,Yes,1,Yes,No,Fiber optic,No,No,No,No,No,No,Month-to-month,Yes,Bank transfer (automatic),65.3,67.3,Yes
CUST-106667,Male,0,Yes,No,8,No,No phone service,DSL,No,No,No,Yes,No,No,Month-to-month,No,Bank transfer (automatic),39.69,296.93,No
CUST-104682,Female,0,No,Yes,29,Yes,Yes,Fiber optic,No,Yes,No,No,No,Yes,One year,Yes,Bank transfer (automatic),81.15,2355.09,No
CUST-100601,Female,0,Yes,No,23,Yes,No,Fiber optic,No,No,No,Yes,No,Yes,Month-to-month,No,Mailed check,71.04,1629.32,No
CUST-104707,Female,0,No,No,15,Yes,No,Fiber optic,Yes,No,No,Yes,Yes,No,Month-to-month,No,Electronic check,86.28,1279.63,Yes
CUST-103941,Male,0,No,No,29,Yes,Yes,Fiber optic,No,No,Yes,No,No,Yes,Month-to-month,Yes,Electronic check,85.62,2493.82,Yes
CUST-105185,Female,0,Yes,No,49,Yes,No,No,No internet service,No internet service,No internet service,No internet service,No internet service,No internet service,Month-to-month,No,Electronic check,25.05,1230.81,No
CUST-102737,Male,0,No,Yes,30,Yes,No,No,No internet service,No internet service,No internet service,No internet service,No internet service,No internet service,One year,No,Mailed check,20.85,634.53,No
CUST-103851,Male,0,No,No,62,Yes,No,No,No internet service,No internet service,No internet service,No internet service,No internet service,No internet service,Month-to-month,Yes,Electronic check,19.84,1231.35,No
CUST-102613,Female,1,Yes,Yes,66,Yes,No,No,No internet service,No internet service,No internet service,No internet service,No internet service,No internet service,Month-to-month,Yes,Mailed check,26.7,1770.45,No
CUST-100348,Male,0,No,No,48,Yes,Yes,DSL,No,Yes,Yes,No,No,No,Month-to-month,No,Credit card (automatic),62.22,2976.24,No
CUST-104981,Female,0,Yes,Yes,41,No,No phone service,DSL,Yes,Yes,No,Yes,No,Yes,Month-to-month,Yes,Bank transfer (automatic),62.48,2561.24,No
CUST-106896,Male,0,Yes,Yes,28,Yes,Yes,Fiber optic,No,Yes,No,No,Yes,Yes,Month-to-month,Yes,Electronic check,88.07,2478.84,No
CUST-106333,Male,0,No,No,9,Yes,No,Fiber optic,No,Yes,No,Yes,Yes,No,One year,No,Electronic check,83.92,756.88,Yes
CUST-104878,Female,0,Yes,Yes,19,Yes,No,Fiber optic,No,No,No,No,Yes,Yes,Two year,Yes,Mailed check,81.19,1506.52,Yes
CUST-106507,Male,1,Yes,No,23,Yes,Yes,Fiber optic,No,Yes,No,No,Yes,No,Month-to-month,No,Credit card (automatic),84.26,1947.0,Yes
CUST-105646,Female,0,Yes,Yes,42,Yes,No,DSL,No,No,Yes,No,Yes,No,Month-to-month,No,Electronic check,58.46,2469.02,No
CUST-100629,Male,1,No,No,50,Yes,No,DSL,No,No,Yes,No,No,No,Two year,Yes,Bank transfer (automatic),52.04,2627.78,Yes
CUST-105755,Male,0,Yes,No,7,Yes,Yes,No,No internet service,No internet service,No internet service,No internet service,No internet service,No internet service,Month-to-month,Yes,Electronic check,31.93,224.99,No
CUST-102548,Male,0,No,No,36,Yes,Yes,Fiber optic,No,No,No,Yes,No,Yes,Month-to-month,Yes,Mailed check,86.01,3099.66,Yes
CUST-105440,Female,0,Yes,Yes,12,Yes,No,Fiber optic,Yes,Yes,Yes,Yes,No,Yes,Two year,Yes,Electronic check,93.8,1140.7,No
CUST-100408,Female,0,No,No,54,Yes,No,DSL,Yes,Yes,Yes,No,Yes,Yes,One year,No,Electronic check,74.91,4042.62,No
CUST-103391,female ,0,No,No,44,Yes,No,Fiber optic,No,No,No,No,Yes,No,Month-to-month,Yes,Electronic check,73.86,3232.52,Yes
CUST-100164,Male,0,Yes,Yes,50,Yes,Yes,Fiber optic,Yes,No,No,Yes,No,Yes,One year,Yes,Bank transfer (automatic),89.21,4458.91,No
CUST-106497,Female,0,No,No,56,Yes,No,Fiber optic,Yes,No,No,Yes,Yes,Yes,Month-to-month,Yes,Bank transfer (automatic),85.88,4830.47,No
CUST-102336,Male,1,No,No,49,Yes,No,Fiber optic,Yes,Yes,Yes,No,Yes,Yes,Month-to-month,Yes,Electronic check,99.72,4884.28,No
CUST-104049,Male,0,Yes,Yes,7,No,No phone service,Fiber optic,No,No,No,Yes,No,No,One year,Yes,Electronic check,60.87,418.24,No
CUST-102426,Male,0,No,No,51,Yes,Yes,Fiber optic,No,No,Yes,No,No,Yes,Month-to-month,Yes,Electronic check,83.19,4265.38,No
CUST-101087,Female,1,Yes,Yes,70,Yes,No,DSL,Yes,No,No,No,No,Yes,One year,No,Mailed check,57.42,4042.2,No
CUST-105281,Female,0,No,No,17,No,No phone service,DSL,No,No,No,No,Yes,No,One year,Yes,Electronic check,49.64,863.01,No
CUST-103770,Male,1,No,No,26,Yes,Yes,Fiber optic,Yes,No,Yes,No,No,Yes,Month-to-month,Yes,Mailed check,84.05,2215.22,Yes
CUST-104390,Male,0,No,No,38,No,No phone service,Fiber optic,Yes,Yes,No,No,No,No,Month-to-month,Yes,Mailed check,74.62,2864.11,Yes
CUST-105061,Female,0,No,No,23,Yes,No,No,No internet service,No internet service,No internet service,No internet service,No internet service,No internet service,Two year,No,Electronic check,26.09,587.62,No
CUST-102914,Male,0,Yes,Yes,67,Yes,Yes,DSL,No,No,No,No,No,No,Month-to-month,Yes,Credit card (automatic),56.31,3797.63,No
CUST-102860,Male,0,Yes,Yes,0,Yes,No,DSL,No,No,No,Yes,No,Yes,One year,No,Bank transfer (automatic),57.6,57.6,No
CUST-102363,Male,0,Yes,No,68,Yes,No,DSL,Yes,No,No,No,Yes,No,Month-to-month,No,Bank transfer (automatic),58.98,4007.3,No
CUST-104624,Male,1,No,No,38,Yes,No,No,No internet service,No internet service,No internet service,No internet service,No internet service,No internet service,Two year,No,Electronic check,21.83,837.28,No
CUST-103881,Male,0,Yes,No,39,Yes,Yes,Fiber optic,Yes,No,No,Yes,Yes,No,Two year,No,Bank transfer (automatic),93.7,3638.86,No
CUST-104123,Male,0,No,Yes,0,Yes,No,Fiber optic,Yes,No,Yes,Yes,Yes,No,Month-to-month,No,Bank transfer (automatic),85.56,85.56,Yes
CUST-105667,Female,0,No,Yes,32,Yes,No,Fiber optic,Yes,Yes,No,No,Yes,No,One year,Yes,Credit card (automatic),81.04,2584.19,No
CUST-100274,Male,0,Yes,No,72,Yes,No,Fiber optic,No,No,No,No,No,No,One year,No,Electronic check,66.65,4818.8,No
CUST-101072,Female,0,Yes,Yes,70,Yes,Yes,Fiber optic,No,No,Yes,Yes,Yes,Yes,Two year,Yes,Bank transfer (automatic),95.47,6670.98,Yes
CUST-105170,Female,0,No,No,36,Yes,Yes,DSL,No,No,No,No,Yes,No,Month-to-month,No,Electronic check,62.02,2267.77,Yes
CUST-105532,Female,0,Yes,Yes,36,No,No phone service,Fiber optic,Yes,No,No,No,No,Yes,Two year,Yes,Credit card (automatic),66.81,2384.06,Yes
CUST-100675,Female,0,No,No,64,Yes,No,Fiber optic,No,No,Yes,No,Yes,Yes,Month-to-month,Yes,Electronic check,81.25,5232.88,Yes
CUST-106200,Female,0,Yes,Yes,25,Yes,No,DSL,Yes,No,Yes,No,No,No,One year,No,Electronic check,55.44,1387.99,Yes
CUST-103382,Female,0,Yes,No,33,Yes,No,Fiber optic,No,Yes,No,No,Yes,Yes,One year,Yes,Mailed check,89.95,2979.09,Yes
CUST-103704,Female,0,No,No,32,Yes,Yes,Fiber optic,No,No,No,Yes,Yes,Yes,Two year,Yes,Electronic check,92.74,2960.52,Yes
CUST-100585,Female,1,No,No,16,Yes,No,Fiber optic,Yes,Yes,Yes,Yes,Yes,No,Two year,No,Bank transfer (automatic),90.6,1455.5,No
CUST-100837,Male,0,Yes,No,33,Yes,No,Fiber optic,No,No,Yes,No,No,No,Month-to-month,Yes,Electronic check,73.34,2415.43,Yes
CUST-104806,Male,0,Yes,Yes,64,Yes,Yes,Fiber optic,No,Yes,No,Yes,No,Yes,Month-to-month,No,Mailed check,86.15,5474.31,No
CUST-104399,Female,0,No,No,45,Yes,No,Fiber optic,Yes,No,No,No,Yes,Yes,Month-to-month,Yes,Bank transfer (automatic),84.56,3803.54,No
CUST-102615,Female,0,No,No,52,Yes,No,Fiber optic,No,Yes,Yes,No,No,Yes,Month-to-month,No,Credit card (automatic),85.2,4424.65,No
CUST-105346,Male,0,Yes,No,33,No,No phone service,Fiber optic,No,No,Yes,No,Yes,Yes,One year,No,Bank transfer (automatic),76.72,2559.3,No
CUST-102965,Female,1,Yes,No,29,Yes,Yes,DSL,No,No,Yes,Yes,No,Yes,Month-to-month,No,Mailed check,66.5,1910.75,No
CUST-101437,Female,0,No,No,48,Yes,Yes,Fiber optic,Yes,No,Yes,Yes,Yes,No,Month-to-month,Yes,Mailed check,92.25,4389.75,Yes
CUST-101553,Female,0,Yes,No,34,Yes,Yes,Fiber optic,Yes,Yes,Yes,Yes,Yes,No,One year,Yes,Electronic check,98.18,3336.89,No
CUST-100816,Male,1,Yes,Yes,15,No,No phone service,No,No internet service,No internet service,No internet service,No internet service,No internet service,No internet service,Month-to-month,No,Electronic check,18.0,266.73,No
CUST-101243,Male,0,Yes,No,25,Yes,No,No,No internet service,No internet service,No internet service,No internet service,No internet service,No internet service,Two year,Yes,Electronic check,24.23,610.29,No
CUST-104312,Male,0,No,Yes,3,Yes,Yes,DSL,No,No,No,No,Yes,Yes,Two year,Yes,Electronic check,66.05,217.38,No
CUST-105053,Female,0,No,No,20,Yes,No,Fiber optic,No,Yes,Yes,Yes,No,Yes,Two year,Yes,Credit card (automatic),83.94,1688.24,Yes
CUST-100302,Male,0,No,No,5,Yes,Yes,Fiber optic,No,Yes,Yes,Yes,Yes,No,Month-to-month,No,Credit card (automatic),97.58,457.42,No
CUST-102619,Female,0,No,No,54,Yes,No,DSL,Yes,Yes,No,Yes,Yes,Yes,Month-to-month,Yes,Mailed check,78.13,4200.5,No
CUST-106549,Female,0,Yes,Yes,66,Yes,No,DSL,No,Yes,No,No,Yes,No,Month-to-month,No,Bank transfer (automatic),52.92,3495.05,No
CUST-102678,Female,0,Yes,Yes,46,Yes,Yes,DSL,No,No,Yes,No,Yes,No,Month-to-month,Yes,Credit card (automatic),63.84,2945.09,No
CUST-102485,Male,0,No,No,16,Yes,Yes,Fiber optic,No,No,Yes,Yes,Yes,Yes,Month-to-month,No,Electronic check,96.61,1551.31,No
CUST-103936,Female,0,Yes,Yes,46,Yes,Yes,Fiber optic,Yes,No,No,No,Yes,Yes,One year,Yes,Credit card (automatic),89.96,4172.72,No
CUST-106887,Male,0,No,No,52,Yes,Yes,Fiber optic,No,Yes,Yes,No,No,Yes,One year,No,Electronic check,91.66,4739.43,No
CUST-103162,Male,0,No,No,10,Yes,Yes,No,No internet service,No internet service,No internet service,No internet service,No internet service,No internet service,Month-to-month,Yes,Credit card (automatic),26.15,284.19,No
CUST-101063,Female,0,Yes,Yes,40,Yes,Yes,DSL,No,Yes,Yes,Yes,No,No,Month-to-month,Yes,Electronic check,66.54,2647.16,Yes
CUST-100872,Male,0,Yes,No,44,Yes,Yes,Fiber optic,No,Yes,No,No,No,No,Month-to-month,No,Credit card (automatic),75.79,3346.78,Yes
CUST-102819,Female,0,Yes,Yes,71,Yes,Yes,No,No internet service,No internet service,No internet service,No internet service,No internet service,No internet service,Month-to-month,No,Credit card (automatic),23.9,1723.51,No
CUST-105668,Female,0,Yes,Yes,12,Yes,No,DSL,No,Yes,Yes,Yes,Yes,No,Month-to-month,Yes,Bank transfer (automatic),65.31,809.58,No
CUST-100952,Female,0,Yes,No,70,Yes,Yes,Fiber optic,No,No,No,No,No,No,Two year,Yes,Electronic check,70.31,4906.72,No
CUST-100159,Female,0,Yes,Yes,11,Yes,Yes,Fiber optic,No,No,Yes,No,Yes,Yes,Two year,No,Bank transfer (automatic),89.19,1001.61,Yes
CUST-106177,Female,0,Yes,Yes,27,Yes,Yes,Fiber optic,No,No,No,No,Yes,Yes,Month-to-month,Yes,Credit card (automatic),89.64,2435.06,No
CUST-100923,Male,0,Yes,Yes,51,Yes,No,Fiber optic,No,No,No,Yes,Yes,No,Two year,Yes,Electronic check,85.01,4350.22,No
CUST-102770,Female,0,Yes,No,1,Yes,Yes,DSL,No,No,No,No,No,Yes,Two year,Yes,Credit card (automatic),57.2,64.68,No
CUST-104155,Male,0,Yes,Yes,30,Yes,No,DSL,Yes,No,Yes,No,No,Yes,Month-to-month,No,Mailed check,61.78,1861.75,No
CUST-106825,Female,0,No,No,32,Yes,No,No,No internet service,No internet service,No internet service,No internet service,No internet service,No internet service,Month-to-month,No,Bank transfer (automatic),26.86,864.08,No
CUST-104334,Female,0,No,No,11,No,No phone service,Fiber optic,No,Yes,No,No,Yes,No,Month-to-month,No,Electronic check,73.06,789.24,Yes
CUST-101975,Male,0,No,No,70,Yes,Yes,Fiber optic,No,No,Yes,No,No,Yes,Month-to-month,No,Credit card (automatic),82.68,5754.14,No
CUST-104119,Male,1,Yes,Yes,56,Yes,No,No,No internet service,No internet service,No internet service,No internet service,No internet service,No internet service,Month-to-month,No,Bank transfer (automatic),21.81,1215.4,No
CUST-105661,Male,1,Yes,Yes,67,Yes,Yes,DSL,No,Yes,No,Yes,No,No,Month-to-month,Yes,Mailed check,59.15,3991.45,No
CUST-104779,Male,0,No,No,1,Yes,Yes,DSL,No,No,Yes,No,Yes,No,One year,Yes,Mailed check,61.56,48.39,No
CUST-103735,Male,0,Yes,Yes,68,Yes,No,No,No internet service,No internet service,No internet service,No internet service,No internet service,No internet service,Two year,No,Bank transfer (automatic),24.24,1673.94,No
CUST-102394,Male,0,No,No,14,Yes,No,Fiber optic,Yes,Yes,No,No,Yes,Yes,Month-to-month,Yes,Credit card (automatic),89.22,1249.75,No
CUST-106032,Female,1,No,No,12,No,No phone service,DSL,Yes,Yes,Yes,No,Yes,Yes,Two year,Yes,Bank transfer (automatic),74.75,931.67,Yes
CUST-103603,Female,0,No,No,11,Yes,Yes,DSL,Yes,No,Yes,Yes,No,No,Month-to-month,Yes,Mailed check,63.66,687.64,No
CUST-102056,Female,0,Yes,Yes,17,Yes,Yes,DSL,No,No,No,No,No,No,Month-to-month,No,Electronic check,48.01,844.65,Yes
CUST-104324,Female,1,No,No,65,Yes,Yes,No,No internet service,No internet service,No internet service,No internet service,No internet service,No internet service,One year,No,Bank transfer (automatic),20.82,1320.6,No
CUST-100489,Female,1,No,Yes,49,Yes,No,Fiber optic,Yes,Yes,No,No,Yes,No,One year,Yes,Electronic check,83.81,4111.52,No
CUST-106460,Male,0,No,Yes,11,Yes,No,No,No internet service,No internet service,No internet service,No internet service,No internet service,No internet service,Two year,Yes,Mailed check,27.42,301.74,No
CUST-103713,Male,0,Yes,Yes,72,No,No phone service,No,No internet service,No internet service,No internet service,No internet service,No internet service,No internet service,Two year,Yes,Credit card (automatic),19.47,1407.83,No
CUST-104925,Male,0,Yes,No,30,Yes,No,Fiber optic,Yes,No,No,No,Yes,Yes,One year,Yes,Electronic check,91.23,2765.78,Yes
CUST-100385,Male,0,Yes,Yes,39,Yes,Yes,DSL,Yes,No,No,No,No,No,Month-to-month,Yes,Electronic check,53.62,2090.35,Yes
CUST-103488,Male,0,No,No,16,Yes,Yes,No,No internet service,No internet service,No internet service,No internet service,No internet service,No internet service,Two year,No,Electronic check,25.23,407.5,No
CUST-102283,Female,1,No,No,64,Yes,No,DSL,No,No,Yes,Yes,Yes,Yes,Two year,No,Electronic check,65.78,4225.11,No
CUST-104111,Male,0,Yes,Yes,36,Yes,Yes,DSL,No,No,No,No,No,Yes,Two year,Yes,Mailed check,57.96,2121.4,No
CUST-101824,Female,0,Yes,No,35,Yes,Yes,No,No internet service,No internet service,No internet service,No internet service,No internet service,No internet service,Month-to-month,Yes,Credit card (automatic),28.21,999.9,No
CUST-104365,Female,0,Yes,Yes,40,Yes,No,Fiber optic,No,Yes,No,No,Yes,No,One year,Yes,Credit card (automatic),81.71,3273.04,No
CUST-104419,Male,0,Yes,No,31,Yes,Yes,Fiber optic,Yes,No,No,Yes,Yes,Yes,Two year,Yes,Credit card (automatic),93.57,2894.13,No
CUST-101588,Female,1,Yes,Yes,64,Yes,Yes,No,No internet service,No internet service,No internet service,No internet service,No internet service,No internet service,One year,No,Bank transfer (automatic),24.25,1531.19,No
CUST-106990,Female,0,No,No,34,Yes,No,Fiber optic,Yes,Yes,No,No,Yes,No,Month-to-month,Yes,Bank transfer (automatic),81.93,2745.42,Yes
CUST-103348,Male,0,No,No,41,Yes,No,Fiber optic,Yes,No,Yes,No,Yes,Yes,One year,Yes,Mailed check,94.75,3865.95,No
CUST-106700,Female,0,No,No,7,Yes,No,Fiber optic,Yes,No,Yes,Yes,Yes,No,Month-to-month,Yes,Credit card (automatic),90.27,575.15,Yes
CUST-101751,Female,0,Yes,Yes,0,Yes,Yes,DSL,No,Yes,No,No,Yes,Yes,Month-to-month,Yes,Electronic check,63.89,63.89,Yes
CUST-105246,Female,0,No,No,72,Yes,Yes,No,No internet service,No internet service,No internet service,No internet service,No internet service,No internet service,Two year,No,Electronic check,19.29,1383.03,No
CUST-105400,Female,0,Yes,Yes,47,Yes,Yes,No,No internet service,No internet service,No internet service,No internet service,No internet service,No internet service,Month-to-month,Yes,Mailed check,23.71,1065.45,Yes
CUST-101231,Female,1,Yes,Yes,65,Yes,No,Fiber optic,No,Yes,Yes,Yes,No,Yes,Two year,No,Electronic check,91.02,5947.19,Yes
CUST-104089,Female,0,Yes,Yes,38,Yes,No,No,No internet service,No internet service,No internet service,No internet service,No internet service,No internet service,One year,No,Electronic check,29.79,1135.5,Yes
CUST-105365,Male,0,Yes,Yes,71,Yes,No,No,No internet service,No internet service,No internet service,No internet service,No internet service,No internet service,Month-to-month,Yes,Bank transfer (automatic),29.85,2157.49,No
CUST-103160,Male,0,No,No,37,Yes,No,Fiber optic,No,No,Yes,No,Yes,Yes,One year,Yes,Mailed check,88.36,3251.18,Yes
CUST-100963,Male,1,Yes,Yes,54,Yes,Yes,DSL,Yes,Yes,Yes,Yes,No,Yes,One year,No,Electronic check,80.26,4368.03,No
CUST-104593,Female,1,No,No,43,Yes,Yes,Fiber optic,No,No,No,Yes,Yes,No,Two year,Yes,Electronic check,87.62,3774.32,No
CUST-100352,Male,0,No,Yes,63,Yes,Yes,Fiber optic,No,Yes,No,No,Yes,Yes,Month-to-month,Yes,Mailed check,89.84,5656.57,Yes
CUST-101838,Male,0,No,No,21,Yes,No,Fiber optic,Yes,Yes,Yes,No,Yes,Yes,Two year,Yes,Electronic check,90.12,1859.38,No
CUST-103945,Female,0,Yes,No,32,Yes,Yes,DSL,No,Yes,Yes,Yes,Yes,Yes,Month-to-month,No,Electronic check,80.49,2564.76,No
CUST-105609,Male,0,No,No,54,No,No phone service,Fiber optic,No,No,No,No,No,No,Month-to-month,Yes,Mailed check,57.97,3151.8,Yes
CUST-100001,Female,0,Yes,No,38,Yes,No,DSL,Yes,Yes,No,Yes,No,No,Month-to-month,Yes,Electronic check,55.94,2118.49,No
CUST-105964,Female,1,Yes,Yes,40,No,No phone service,Fiber optic,No,No,Yes,No,No,No,Month-to-month,No,Mailed check,66.35,2656.96,No
CUST-104381,Male,0,No,No,34,Yes,No,DSL,No,No,No,No,No,Yes,Month-to-month,Yes,Credit card (automatic),54.87,1827.43,No
CUST-106727,Female,0,No,Yes,18,No,No phone service,Fiber optic,Yes,Yes,No,Yes,Yes,Yes,One year,No,Electronic check,96.94,1720.49,Yes
CUST-100783,Male,0,Yes,Yes,35,No,No phone service,DSL,No,No,No,No,No,No,Month-to-month,Yes,Mailed check,33.24,1131.58,No
CUST-105651,Female,0,Yes,No,63,Yes,Yes,DSL,Yes,No,Yes,No,No,No,Month-to-month,No,Electronic check,56.19,3570.17,No
CUST-105033,Male,1,No,No,70,Yes,Yes,DSL,No,No,Yes,No,No,Yes,Two year,Yes,Mailed check,67.82,4742.04,No
CUST-102396,Female,0,Yes,No,6,Yes,No,DSL,Yes,Yes,No,No,Yes,No,Month-to-month,No,Mailed check,64.59,376.09,Yes
CUST-105631,Female,0,No,No,3,Yes,No,DSL,No,Yes,Yes,No,Yes,No,Month-to-month,No,Bank transfer (automatic),60.49,191.79,No
CUST-100068,Male,0,Yes,Yes,10,Yes,No,Fiber optic,No,Yes,Yes,No,Yes,Yes,Month-to-month,Yes,Bank transfer (automatic),92.55,956.25,Yes
CUST-100403,Female,0,Yes,Yes,42,Yes,No,Fiber optic,Yes,No,No,No,No,Yes,Month-to-month,Yes,Credit card (automatic),74.48,3129.99,No
CUST-103434,Male,0,No,No,48,Yes,Yes,Fiber optic,Yes,Yes,Yes,Yes,Yes,Yes,One year,Yes,Bank transfer (automatic),102.55,4921.29,No
CUST-104893,Male,0,No,No,50,Yes,Yes,Fiber optic,No,Yes,No,No,Yes,No,Two year,No,Bank transfer (automatic),86.11,4317.48,Yes
CUST-106971,Female,0,Yes,No,52,Yes,No,No,No internet service,No internet service,No internet service,No internet service,No internet service,No internet service,Two year,Yes,Electronic check,19.58,1017.78,No
CUST-106688,Female,0,Yes,No,22,Yes,Yes,No,No internet service,No internet service,No internet service,No internet service,No internet service,No internet service,Month-to-month,No,Mailed check,25.09,539.34,Yes
CUST-104273,Male,1,Yes,Yes,0,Yes,Yes,No,No internet service,No internet service,No internet service,No internet service,No internet service,No internet service,Month-to-month,Yes,Credit card (automatic),26.69,26.69,Yes
CUST-105049,Female,0,No,No,6,Yes,No,DSL,No,No,Yes,Yes,Yes,Yes,One year,Yes,Credit card (automatic),66.3,419.23,No
CUST-103428,Female,0,No,No,35,Yes,Yes,No,No internet service,No internet service,No internet service,No internet service,No internet service,No internet service,Two year,Yes,Electronic check,29.41,1044.67,No
CUST-102139,Male,0,No,No,48,Yes,No,DSL,No,No,No,No,No,Yes,Month-to-month,Yes,Credit card (automatic),51.9,2458.95,No
CUST-101200,Female,1,Yes,No,69,Yes,Yes,DSL,Yes,Yes,No,No,No,No,Two year,No,Mailed check,65.49,4504.32,No
CUST-102915,Male,0,Yes,No,21,Yes,No,Fiber optic,No,No,No,No,Yes,Yes,Two year,Yes,Bank transfer (automatic),78.14,1643.99,No
CUST-102300,Male,0,No,No,14,Yes,Yes,DSL,Yes,Yes,No,No,Yes,Yes,One year,Yes,Electronic check,77.41,1053.56,Yes
CUST-101756,Male,0,No,No,12,Yes,Yes,Fiber optic,Yes,Yes,No,No,Yes,No,Month-to-month,Yes,Mailed check,90.15,1085.31,Yes
CUST-103486,Male,0,Yes,No,7,Yes,No,Fiber optic,No,Yes,No,Yes,Yes,Yes,One year,No,Electronic check,90.44,612.15,No
CUST-101577,Female,0,No,No,12,Yes,Yes,DSL,Yes,Yes,No,Yes,No,No,Month-to-month,Yes,Mailed check,71.94,854.02,No
CUST-102719,Male,0,No,No,66,Yes,No,DSL,Yes,Yes,No,Yes,No,Yes,One year,Yes,Electronic check,64.62,4257.32,No
CUST-102241,Female,0,Yes,No,31,Yes,No,DSL,No,No,Yes,Yes,Yes,No,Month-to-month,No,Bank transfer (automatic),65.03,2029.45,Yes
CUST-102774,Female,0,No,No,53,Yes,Yes,Fiber optic,No,No,No,No,No,No,Two year,No,Bank transfer (automatic),68.54,3615.68,No
CUST-101507,Male,0,No,No,46,Yes,Yes,Fiber optic,Yes,No,No,Yes,No,Yes,Month-to-month,No,Bank transfer (automatic),84.73,3929.24,No
CUST-103749,Female,0,Yes,No,23,No,No phone service,Fiber optic,Yes,No,No,Yes,No,Yes,Two year,Yes,Electronic check,77.39,1757.6,Yes
CUST-102493,Female,1,Yes,Yes,31,No,No phone service,DSL,No,Yes,Yes,Yes,Yes,Yes,One year,Yes,Electronic check,70.56,2187.51,No
CUST-105912,Female,0,No,Yes,16,Yes,Yes,DSL,Yes,No,Yes,No,Yes,No,Two year,No,Electronic check,71.89,1164.83,No
CUST-100538,Female,0,No,No,48,Yes,Yes,Fiber optic,No,Yes,Yes,No,No,Yes,One year,No,Mailed check,85.82,4098.16,No
CUST-101330,Male,0,Yes,No,21,Yes,No,Fiber optic,Yes,No,Yes,Yes,No,No,One year,No,Electronic check,83.4,1754.72,No
CUST-102303,Female,0,Yes,No,36,Yes,No,DSL,Yes,Yes,Yes,No,Yes,Yes,Month-to-month,No,Credit card (automatic),75.02,2683.32,No
CUST-102499,Female,0,No,No,61,Yes,No,Fiber optic,No,Yes,Yes,No,No,Yes,Two year,Yes,Mailed check,81.62,4987.02,No
CUST-101612,Female,0,No,No,30,Yes,No,DSL,Yes,Yes,Yes,No,Yes,Yes,Month-to-month,No,Bank transfer (automatic),73.0,2195.71,No
CUST-101488,Male,1,No,No,70,No,No phone service,No,No internet service,No internet service,No internet service,No internet service,No internet service,No internet service,One year,No,Mailed check,20.77,1453.92,No
CUST-102018,Female,0,Yes,No,54,Yes,Yes,No,No internet service,No internet service,No internet service,No internet service,No internet service,No internet service,Month-to-month,Yes,Credit card (automatic),25.84,1374.68,No
CUST-101744,Male,0,No,No,55,Yes,Yes,DSL,Yes,No,No,No,No,No,Month-to-month,Yes,Electronic check,53.78,2972.66,No
CUST-106164,Male,0,No,No,39,Yes,No,Fiber optic,No,No,No,No,No,No,Month-to-month,No,Bank transfer (automatic),63.82,2527.74,No
CUST-105695,Male,0,No,No,57,Yes,Yes,DSL,No,Yes,Yes,No,Yes,No,One year,Yes,Credit card (automatic),64.96,3681.93,No
CUST-106586,Female,0,No,No,63,Yes,Yes,No,No internet service,No internet service,No internet service,No internet service,No internet service,No internet service,Two year,Yes,Electronic check,27.17,1693.19,No
CUST-106355,Male,0,Yes,Yes,32,Yes,Yes,Fiber optic,No,Yes,No,No,Yes,No,One year,Yes,Bank transfer (automatic),84.24,2687.23,Yes
CUST-106848,Male,0,Yes,Yes,59,Yes,Yes,Fiber optic,Yes,Yes,No,No,Yes,No,One year,Yes,Credit card (automatic),80.93,4770.72,No
CUST-105044,Female,0,No,No,18,Yes,No,DSL,No,No,Yes,Yes,Yes,Yes,Month-to-month,No,Credit card (automatic),73.78,1338.32,No
CUST-104606,Male,0,Yes,Yes,44,No,No phone service,Fiber optic,No,Yes,No,No,No,Yes,Month-to-month,No,Electronic check,73.82,3261.52,No
CUST-101393,Female,0,No,No,43,Yes,Yes,Fiber optic,No,No,Yes,No,Yes,Yes,Month-to-month,No,Electronic check,95.7,4111.27,Yes
CUST-101508,Female,0,No,No,62,Yes,Yes,No,No internet service,No internet service,No internet service,No internet service,No internet service,No internet service,Month-to-month,Yes,Mailed check,26.22,1611.39,No
CUST-101194,Female,0,Yes,Yes,67,Yes,Yes,Fiber optic,Yes,No,No,No,No,Yes,Month-to-month,No,Electronic check,84.44,5671.12,No
CUST-106037,Male,0,No,Yes,54,No,No phone service,DSL,Yes,No,Yes,Yes,Yes,Yes,Two year,Yes,Bank transfer (automatic),73.48,4001.34,No
CUST-105427,Male,1,No,No,34,Yes,Yes,DSL,No,No,No,Yes,Yes,No,Two year,Yes,Mailed check,58.15,1989.76,No
CUST-105405,Male,0,Yes,No,22,Yes,No,DSL,No,Yes,No,No,No,Yes,Two year,Yes,Credit card (automatic),57.59,1269.02,No
CUST-106719,Female,0,Yes,No,2,No,No phone service,Fiber optic,Yes,No,No,No,Yes,No,Month-to-month,Yes,Bank transfer (automatic),76.29,130.96,No
CUST-103800,Female,0,No,No,22,Yes,Yes,Fiber optic,No,Yes,No,No,Yes,Yes,One year,Yes,Credit card (automatic),92.28,2075.45,Yes
CUST-105945,Male,0,No,No,10,No,No phone service,DSL,No,No,No,No,Yes,No,One year,Yes,Bank transfer (automatic),44.13,458.38,No
CUST-104677,Female,0,Yes,Yes,0,Yes,No,No,No internet service,No internet service,No internet service,No internet service,No internet service,No internet service,Two year,No,Mailed check,24.09,24.09,No
CUST-105608,Female,0,No,No,68,Yes,No,Fiber optic,No,No,No,No,Yes,No,One year,No,Electronic check,75.36,5105.09,No
CUST-101931,Male,0,No,No,39,Yes,No,No,No internet service,No internet service,No internet service,No internet service,No internet service,No internet service,Month-to-month,Yes,Electronic check,20.84,836.28,No
CUST-102812,Male,1,Yes,Yes,18,Yes,No,Fiber optic,No,Yes,No,Yes,No,No,One year,No,Credit card (automatic),75.36,1323.07,No
CUST-103974,Male,0,Yes,No,27,Yes,Yes,Fiber optic,Yes,No,No,No,Yes,Yes,One year,No,Electronic check,93.62,2527.77,No
CUST-102539,Male,0,No,No,16,Yes,No,Fiber optic,Yes,No,Yes,No,No,No,Month-to-month,No,Credit card (automatic),76.71,1235.54,No
CUST-102669,Female,0,Yes,Yes,32,Yes,Yes,DSL,No,Yes,No,Yes,No,No,One year,Yes,Bank transfer (automatic),58.36,1899.97,No
CUST-105530,Female,0,No,No,17,Yes,Yes,DSL,No,No,No,Yes,No,No,One year,No,Credit card (automatic),56.94,973.85,No
CUST-103719,Male,0,Yes,Yes,3,Yes,No,DSL,Yes,Yes,Yes,No,No,No,Two year,Yes,Mailed check,60.86,211.17,No
CUST-106008,Male,0,No,No,64,No,No phone service,DSL,No,No,No,No,Yes,No,Month-to-month,Yes,Mailed check,50.56,3232.64,No
CUST-103248,Male,0,Yes,No,3,Yes,Yes,Fiber optic,Yes,Yes,No,No,Yes,Yes,Month-to-month,Yes,Bank transfer (automatic),100.65,295.22,Yes
CUST-104759,Female,0,Yes,Yes,43,Yes,No,Fiber optic,No,No,No,No,Yes,No,Month-to-month,Yes,Electronic check,73.71,3143.72,Yes
CUST-102822,Male,1,No,No,8,Yes,Yes,DSL,No,Yes,No,Yes,Yes,Yes,Month-to-month,Yes,Electronic check,79.26,686.65,No
CUST-100573,Male,0,Yes,Yes,48,Yes,Yes,DSL,No,No,No,Yes,Yes,Yes,Month-to-month,No,Bank transfer (automatic),69.09,3310.29,No
CUST-100696,Female,0,Yes,Yes,68,Yes,Yes,No,No internet service,No internet service,No internet service,No internet service,No internet service,No internet service,Month-to-month,Yes,Electronic check,24.41,1650.38,No
CUST-105507,Male,0,Yes,Yes,19,Yes,No,Fiber optic,No,Yes,No,No,Yes,No,Month-to-month,Yes,Credit card (automatic),74.39,1414.71,Yes
CUST-106523,Female,1,No,No,48,Yes,Yes,No,No internet service,No internet service,No internet service,No internet service,No internet service,No internet service,Month-to-month,Yes,Mailed check,23.18,1116.32,No
CUST-106221,Male,1,No,Yes,57,Yes,No,Fiber optic,Yes,No,No,No,Yes,Yes,Month-to-month,Yes,Credit card (automatic),84.02,4795.99,No
CUST-105697,Female,0,Yes,Yes,7,Yes,No,DSL,No,Yes,Yes,No,Yes,No,Month-to-month,No,Electronic check,61.48,404.01,No
CUST-106401,Female,0,Yes,Yes,71,Yes,No,No,No internet service,No internet service,No internet service,No internet service,No internet service,No internet service,Month-to-month,No,Bank transfer (automatic),24.06,1711.27,No
CUST-105902,Male,0,No,No,38,Yes,No,Fiber optic,Yes,Yes,No,Yes,Yes,No,Month-to-month,Yes,Credit card (automatic),93.89,3568.83,Yes
CUST-102187,Male,0,Yes,Yes,55,Yes,Yes,DSL,Yes,No,No,No,No,Yes,One year,No,Credit card (automatic),63.03,3462.2,No
CUST-104022,Female,0,Yes,Yes,46,No,No phone service,No,No internet service,No internet service,No internet service,No internet service,No internet service,No internet service,Two year,Yes,Bank transfer (automatic),19.44,883.9,No
CUST-105709,Female,0,Yes,No,70,Yes,No,DSL,No,Yes,No,No,No,Yes,One year,No,Electronic check,61.13,4280.07,Yes
CUST-102045,Female,0,No,No,63,Yes,Yes,Fiber optic,Yes,No,Yes,No,Yes,No,Month-to-month,Yes,Mailed check,89.62,5645.47,Yes
CUST-100282,Female,1,Yes,Yes,65,Yes,No,No,No internet service,No internet service,No internet service,No internet service,No internet service,No internet service,One year,Yes,Electronic check,24.08,1565.84,No
CUST-100258,Male,1,No,No,63,Yes,Yes,No,No internet service,No internet service,No internet service,No internet service,No internet service,No internet service,Month-to-month,Yes,Electronic check,29.82,1884.04,No
CUST-102664,Male,1,Yes,Yes,51,Yes,No,No,No internet service,No internet service,No internet service,No internet service,No internet service,No internet service,Month-to-month,Yes,Electronic check,24.33,1211.56,No
CUST-105811,Female,0,No,No,51,Yes,Yes,No,No internet service,No internet service,No internet service,No internet service,No internet service,No internet service,Month-to-month,Yes,Credit card (automatic),32.34,1662.61,No
CUST-103233,Male,0,No,No,17,Yes,Yes,No,No internet service,No internet service,No internet service,No internet service,No internet service,No internet service,One year,Yes,Credit card (automatic),29.38,440.0,No
CUST-100725,Male,1,Yes,No,27,Yes,No,Fiber optic,No,No,Yes,No,No,No,Month-to-month,Yes,Bank transfer (automatic),69.28,1872.89,No
CUST-101636,Male,0,No,No,17,Yes,No,Fiber optic,Yes,No,No,No,Yes,Yes,One year,No,Electronic check,82.91,1423.25,Yes
CUST-104773,Female,0,No,No,62,Yes,No,No,No internet service,No internet service,No internet service,No internet service,No internet service,No internet service,Month-to-month,No,Electronic check,22.49,1353.01,No
CUST-105680,Male,0,No,No,18,Yes,No,Fiber optic,No,No,Yes,Yes,Yes,Yes,Month-to-month,Yes,Credit card (automatic),94.17,1674.1,No
CUST-105248,Female,0,No,No,57,Yes,Yes,Fiber optic,No,No,No,No,Yes,Yes,Month-to-month,No,Mailed check,85.41,4863.91,No
CUST-105442,Female,0,Yes,Yes,64,Yes,Yes,Fiber optic,Yes,Yes,No,No,Yes,No,Month-to-month,Yes,Electronic check,93.93,6042.81,Yes
CUST-100055,Male,0,No,No,53,Yes,No,DSL,No,Yes,No,No,No,No,Month-to-month,Yes,Bank transfer (automatic),45.27,2415.37,No
CUST-106518,Male,0,No,No,41,Yes,Yes,Fiber optic,No,Yes,No,No,Yes,No,Month-to-month,No,Electronic check,80.89,3319.94,Yes
CUST-105996,Female,0,No,No,43,Yes,No,Fiber optic,No,Yes,No,No,No,Yes,Month-to-month,No,Bank transfer (automatic),81.77,3518.84,No
CUST-101411,Female,0,No,No,16,Yes,Yes,Fiber optic,No,No,No,No,Yes,No,Two year,Yes,Electronic check,77.01,1236.27,No
CUST-102214,Male,0,Yes,Yes,47,Yes,No,DSL,No,No,No,No,Yes,No,Month-to-month,Yes,Mailed check,57.51,2670.06,No
CUST-106834,Male,0,Yes,No,11,Yes,Yes,No,No internet service,No internet service,No internet service,No internet service,No internet service,No internet service,Month-to-month,Yes,Mailed check,28.93,316.31,No
CUST-105457,Male,0,No,No,40,Yes,No,DSL,No,Yes,No,Yes,Yes,No,Month-to-month,Yes,Electronic check,62.49,2482.71,No
CUST-102935,Male,0,No,No,46,Yes,Yes,DSL,No,Yes,No,No,Yes,No,One year,Yes,Bank transfer (automatic),59.25,2738.81,No
CUST-100888,Male,0,Yes,No,33,Yes,Yes,DSL,No,Yes,No,No,Yes,Yes,Month-to-month,No,Bank transfer (automatic),73.02,2421.76,No
CUST-102954,Male,0,Yes,Yes,10,Yes,No,Fiber optic,Yes,Yes,Yes,No,Yes,Yes,Two year,Yes,Mailed check,98.87,983.92,No
CUST-101687,Male,0,Yes,No,69,Yes,Yes,Fiber optic,No,Yes,No,Yes,No,Yes,Month-to-month,Yes,Mailed check,89.39,6160.86,Yes
CUST-101819,Male,0,No,No,30,Yes,No,No,No internet service,No internet service,No internet service,No internet service,No internet service,No internet service,Month-to-month,Yes,Mailed check,22.85,678.12,No
CUST-103703,Female,1,No,Yes,59,Yes,No,Fiber optic,Yes,No,Yes,No,Yes,Yes,Two year,No,Bank transfer (automatic),88.45,5200.0,No
CUST-101972,Female,1,Yes,Yes,48,Yes,No,Fiber optic,No,Yes,No,Yes,No,Yes,Month-to-month,Yes,Mailed check,85.74,4091.55,Yes
CUST-100714,Female,0,Yes,No,3,Yes,Yes,DSL,Yes,No,Yes,Yes,Yes,Yes,Month-to-month,No,Credit card (automatic),76.6,236.09,No
CUST-104701,Male,1,Yes,No,72,Yes,No,No,No internet service,No internet service,No internet service,No internet service,No internet service,No internet service,Month-to-month,Yes,Electronic check,22.48,1617.63,Yes
CUST-105152,Male,1,No,No,43,No,No phone service,No,No internet service,No internet service,No internet service,No internet service,No internet service,No internet service,Month-to-month,Yes,Credit card (automatic),18.0,787.45,Yes
CUST-102286,Female,1,No,Yes,52,Yes,No,No,No internet service,No internet service,No internet service,No internet service,No internet service,No internet service,Month-to-month,No,Electronic check,22.59,1185.01,No
CUST-106556,Male,0,No,No,42,Yes,No,Fiber optic,Yes,Yes,Yes,No,No,Yes,Two year,Yes,Credit card (automatic),87.41,3635.77,Yes
CUST-106994,Female,1,No,No,61,Yes,No,Fiber optic,No,Yes,No,No,Yes,No,One year,Yes,Mailed check,76.76,4705.16,Yes
CUST-106714,Female,0,Yes,No,63,Yes,No,DSL,Yes,Yes,No,No,Yes,No,Month-to-month,Yes,Electronic check,57.55,3630.13,No
CUST-102848,Male,0,No,No,10,No,No phone service,DSL,No,No,No,Yes,No,No,Two year,No,Mailed check,42.36,425.08,No
CUST-104713,Male,0,No,No,25,Yes,Yes,DSL,Yes,Yes,No,Yes,Yes,No,Two year,Yes,Electronic check,68.21,1702.14,No
CUST-100123,Male,0,No,No,60,Yes,No,DSL,Yes,Yes,No,Yes,Yes,Yes,Month-to-month,No,Bank transfer (automatic),78.08,4670.97,No
CUST-104430,Female,0,Yes,Yes,1,No,No phone service,No,No internet service,No internet service,No internet service,No internet service,No internet service,No internet service,Month-to-month,Yes,Bank transfer (automatic),20.41,38.51,No
CUST-106461,Male,0,No,No,13,Yes,No,Fiber optic,Yes,Yes,No,Yes,Yes,Yes,Two year,Yes,Bank transfer (automatic),98.93,1302.57,No
CUST-106043,Female,0,No,No,69,Yes,No,Fiber optic,Yes,Yes,Yes,Yes,Yes,Yes,One year,Yes,Credit card (automatic),106.51,7348.56,Yes
CUST-104400,Male,0,No,No,46,Yes,Yes,DSL,Yes,No,No,No,No,No,Two year,No,Mailed check,59.19,2741.33,No
CUST-100980,Female,0,No,No,66,Yes,No,No,No internet service,No internet service,No internet service,No internet service,No internet service,No internet service,One year,No,Credit card (automatic),24.18,1594.19,No
CUST-106588,Male,0,No,No,1,Yes,Yes,Fiber optic,Yes,No,Yes,Yes,No,No,One year,Yes,Credit card (automatic),85.94,96.53,No
CUST-100175,Male,1,No,No,24,Yes,Yes,Fiber optic,No,No,No,No,No,No,Month-to-month,Yes,Credit card (automatic),69.42,1642.24,No
CUST-100581,Female,0,No,Yes,48,No,No phone service,DSL,Yes,No,No,No,Yes,No,Two year,No,Credit card (automatic),47.38,2250.64,No
CUST-105607,Female,0,No,No,28,Yes,No,Fiber optic,Yes,Yes,No,No,No,No,One year,Yes,Credit card (automatic),70.81,2027.12,Yes
CUST-101616,Female,0,Yes,No,37,Yes,Yes,DSL,No,No,Yes,No,No,No,One year,Yes,Mailed check,60.09,2229.02,No
CUST-106157,Female,0,Yes,Yes,20,Yes,Yes,DSL,No,Yes,No,Yes,No,No,Month-to-month,Yes,Electronic check,53.47,1052.54,No
CUST-105290,Female,1,No,No,53,Yes,No,Fiber optic,Yes,Yes,No,Yes,No,Yes,Month-to-month,No,Electronic check,90.8,4865.26,Yes
CUST-102876,Female,0,Yes,No,14,Yes,Yes,DSL,No,Yes,No,Yes,Yes,No,Month-to-month,Yes,Mailed check,63.78,884.53,No
CUST-106589,Male,0,No,No,18,Yes,Yes,DSL,Yes,No,No,No,Yes,Yes,Month-to-month,No,Mailed check,71.28,1308.64,No
CUST-103243,Female,0,No,No,36,Yes,No,DSL,Yes,Yes,Yes,No,Yes,No,Month-to-month,Yes,Bank transfer (automatic),67.16,2421.28,No
CUST-101861,Male,0,No,No,49,Yes,No,Fiber optic,No,No,No,Yes,No,No,Month-to-month,No,Credit card (automatic),70.14,3431.95,Yes
CUST-105446,Female,0,Yes,Yes,64,Yes,No,DSL,No,Yes,Yes,No,No,No,Two year,Yes,Electronic check,53.74,3481.9,No
CUST-103575,Female,0,Yes,Yes,56,Yes,No,DSL,No,Yes,No,Yes,No,Yes,Two year,Yes,Credit card (automatic),60.56,3382.07,No
CUST-103606,Male,0,No,No,21,Yes,No,Fiber optic,Yes,No,Yes,No,Yes,Yes,Two year,Yes,Electronic check,93.17,1969.88,Yes
CUST-106841,Female,1,Yes,Yes,4,Yes,No,Fiber optic,Yes,Yes,No,Yes,Yes,Yes,One year,Yes,Bank transfer (automatic),99.55,405.42,No
CUST-102974,Male,0,Yes,No,47,Yes,Yes,No,No internet service,No internet service,No internet service,No internet service,No internet service,No internet service,Month-to-month,Yes,Credit card (automatic),24.81,1170.44,Yes
CUST-104505,Male,0,Yes,No,56,Yes,Yes,DSL,Yes,Yes,No,Yes,No,Yes,Month-to-month,Yes,Credit card (automatic),76.95,4319.08,No
CUST-104771,Female,0,No,No,70,Yes,No,DSL,Yes,Yes,Yes,No,No,No,Month-to-month,Yes,Mailed check,60.13,4224.88,No
CUST-100297,Male,0,Yes,Yes,50,Yes,No,No,No internet service,No internet service,No internet service,No internet service,No internet service,No internet service,Month-to-month,No,Mailed check,20.88,1024.01,No
CUST-100925,Female,0,No,No,29,Yes,Yes,DSL,Yes,No,No,No,Yes,Yes,Month-to-month,Yes,Credit card (automatic),74.09,2138.86,No
CUST-104118,Male,0,Yes,No,71,Yes,Yes,Fiber optic,No,No,No,No,Yes,Yes,One year,No,Mailed check,90.4,6430.4,Yes
CUST-105732,Female,0,Yes,No,30,Yes,Yes,Fiber optic,No,Yes,Yes,No,No,Yes,Month-to-month,Yes,Bank transfer (automatic),89.12,2690.72,Yes
CUST-102115,Male,0,No,Yes,13,Yes,Yes,Fiber optic,No,Yes,No,No,Yes,No,Month-to-month,Yes,Electronic check,81.63,1070.01,Yes
CUST-104824,Male,1,No,No,65,Yes,Yes,DSL,No,No,Yes,No,No,Yes,Two year,No,Credit card (automatic),67.19,4371.47,No
CUST-101307,Male,0,No,No,7,Yes,No,DSL,No,No,Yes,No,No,Yes,Two year,Yes,Electronic check,57.69,424.04,No
CUST-104767,Male,0,Yes,Yes,36,Yes,Yes,Fiber optic,Yes,No,Yes,No,Yes,Yes,Month-to-month,Yes,Mailed check,96.08,3434.35,No
CUST-101672,Male,0,Yes,Yes,3,Yes,Yes,Fiber optic,No,Yes,Yes,No,No,Yes,Month-to-month,No,Credit card (automatic),83.46,238.96,Yes
CUST-101199,Female,0,No,No,48,Yes,No,No,No internet service,No internet service,No internet service,No internet service,No internet service,No internet service,One year,No,Bank transfer (automatic),23.44,1110.86,No
CUST-102229,Female,0,No,No,22,Yes,Yes,Fiber optic,Yes,Yes,Yes,No,No,Yes,Two year,Yes,Mailed check,89.48,1982.03,No
CUST-106903,Female,0,Yes,No,61,Yes,No,Fiber optic,Yes,Yes,No,No,No,Yes,One year,Yes,Mailed check,85.27,5223.63,No
CUST-100293,Male,0,No,No,34,Yes,No,Fiber optic,Yes,No,No,No,No,No,Month-to-month,Yes,Bank transfer (automatic),77.15,2607.54,Yes
CUST-102690,Female,0,Yes,Yes,31,Yes,Yes,No,No internet service,No internet service,No internet service,No internet service,No internet service,No internet service,Month-to-month,No,Mailed check,21.82,690.97,No
CUST-104222,Female,0,No,No,65,Yes,No,No,No internet service,No internet service,No internet service,No internet service,No internet service,No internet service,Month-to-month,Yes,Mailed check,20.48,1345.46,No
CUST-102579,Female,1,No,No,63,Yes,No,DSL,Yes,No,No,No,No,No,Month-to-month,Yes,Electronic check,50.78,3205.69,No
CUST-105654,Male,0,Yes,No,59,Yes,No,DSL,No,No,No,Yes,No,Yes,Month-to-month,Yes,Credit card (automatic),61.63,3636.6,No
CUST-100692,Female,0,No,No,52,Yes,Yes,DSL,Yes,No,No,No,No,No,Month-to-month,No,Electronic check,60.41,3138.61,No
CUST-100686,Male,0,No,No,43,Yes,No,Fiber optic,No,No,Yes,No,No,Yes,Month-to-month,No,Mailed check,75.0,3221.79,No
CUST-100817,Male,0,Yes,No,19,Yes,No,DSL,Yes,No,No,No,No,No,Two year,Yes,Bank transfer (automatic),48.71,916.27,No
CUST-100216,Male,0,No,No,15,No,No phone service,DSL,No,Yes,Yes,Yes,No,No,Two year,Yes,Mailed check,52.78,794.23,Yes
CUST-103325,Female,0,No,Yes,30,Yes,No,Fiber optic,Yes,No,Yes,No,No,No,Month-to-month,No,Bank transfer (automatic),68.86,2072.83,No
CUST-104248,Female,0,No,No,60,Yes,No,No,No internet service,No internet service,No internet service,No internet service,No internet service,No internet service,Two year,No,Electronic check,19.75,1186.25,No
CUST-106246,Female,0,Yes,Yes,12,No,No phone service,DSL,No,Yes,No,Yes,Yes,No,One year,Yes,Electronic check,53.21,650.51,No
CUST-103889,Female,0,Yes,Yes,57,Yes,No,Fiber optic,No,Yes,Yes,No,No,Yes,Two year,No,Mailed check,80.38,4564.96,Yes
CUST-106424,Female,0,No,No,41,Yes,No,Fiber optic,Yes,No,Yes,Yes,No,No,Month-to-month,Yes,Bank transfer (automatic),78.44,3204.81,No
CUST-106686,Male,0,Yes,No,39,Yes,No,Fiber optic,Yes,Yes,No,Yes,No,No,Month-to-month,No,Credit card (automatic),81.34,3173.91,No
CUST-100478,Female,0,No,No,59,Yes,No,DSL,No,No,Yes,Yes,No,Yes,One year,No,Mailed check,62.62,3674.89,No
CUST-105378,Male,0,No,No,18,No,No phone service,DSL,Yes,Yes,Yes,Yes,Yes,Yes,Month-to-month,Yes,Electronic check,79.48,1425.55,No
CUST-105713,Female,0,Yes,Yes,10,Yes,Yes,No,No internet service,No internet service,No internet service,No internet service,No internet service,No internet service,Month-to-month,Yes,Credit card (automatic),27.32,256.49,No
CUST-106205,Female,0,Yes,No,11,No,No phone service,Fiber optic,No,No,Yes,No,Yes,Yes,Month-to-month,Yes,Credit card (automatic),79.94,905.87,No
CUST-103198,Female,0,Yes,No,4,Yes,Yes,Fiber optic,No,No,No,Yes,Yes,No,One year,No,Bank transfer (automatic),85.72,339.48,No
CUST-100812,Female,0,No,No,70,Yes,No,DSL,No,No,No,No,No,Yes,Month-to-month,No,Electronic check,52.95,3716.56,No
CUST-104346,Male,0,Yes,Yes,0,Yes,No,Fiber optic,Yes,Yes,No,No,Yes,No,One year,Yes,Credit card (automatic),87.46,87.46,No
CUST-100843,Male,0,Yes,No,13,Yes,No,DSL,Yes,Yes,Yes,Yes,No,No,Month-to-month,No,Bank transfer (automatic),63.58,843.26,No
CUST-103056,Female,1,No,No,17,Yes,No,Fiber optic,Yes,No,No,No,No,Yes,Month-to-month,No,Electronic check,80.62,1357.36,No
CUST-102375,Female,0,Yes,No,61,Yes,No,DSL,Yes,No,No,Yes,Yes,Yes,Month-to-month,Yes,Electronic check,76.16,4615.92,No
CUST-104069,Male,1,No,No,27,Yes,No,Fiber optic,Yes,No,No,Yes,Yes,Yes,Month-to-month,No,Credit card (automatic),90.2,2452.89,No
CUST-102032,Male,0,Yes,No,19,Yes,No,No,No internet service,No internet service,No internet service,No internet service,No internet service,No internet service,Month-to-month,No,Bank transfer (automatic),23.61,462.16,No
CUST-100967,Male,0,Yes,Yes,54,Yes,Yes,Fiber optic,Yes,No,No,Yes,Yes,Yes,Month-to-month,Yes,Credit card (automatic),100.8,5428.61,No
CUST-106307,Male,0,Yes,Yes,17,Yes,No,Fiber optic,No,No,Yes,No,No,Yes,Month-to-month,Yes,Electronic check,75.1,1283.5,No
CUST-106123,Male,0,No,No,55,Yes,Yes,DSL,No,No,Yes,No,No,Yes,Two year,No,Bank transfer (automatic),67.77,3715.27,No
CUST-100972,Male,0,Yes,No,12,Yes,No,No,No internet service,No internet service,No internet service,No internet service,No internet service,No internet service,One year,No,Bank transfer (automatic),22.1,242.75,No
CUST-101896,Female,0,Yes,Yes,70,Yes,No,Fiber optic,No,No,Yes,Yes,Yes,No,Month-to-month,No,Bank transfer (automatic),85.17,5970.26,No
CUST-104342,Male,0,Yes,No,43,Yes,Yes,Fiber optic,No,No,No,Yes,Yes,Yes,Two year,Yes,Bank transfer (automatic),88.63,3840.66,No
CUST-102704,Male,0,Yes,No,65,Yes,No,No,No internet service,No internet service,No internet service,No internet service,No internet service,No internet service,Two year,No,Electronic check,27.7,1823.15,No
CUST-106893,Female,0,Yes,No,44,Yes,No,DSL,No,Yes,Yes,No,Yes,Yes,Month-to-month,Yes,Mailed check,73.08,3202.93,No
CUST-105791,Male,1,Yes,No,70,Yes,No,Fiber optic,Yes,No,No,No,Yes,Yes,Month-to-month,No,Mailed check,86.25,6034.1,No
CUST-103374,Female,0,No,No,50,Yes,Yes,DSL,No,Yes,No,No,No,No,Month-to-month,Yes,Mailed check,53.13,2659.21,No
CUST-105916,Male,0,Yes,Yes,24,Yes,Yes,Fiber optic,No,Yes,No,Yes,No,No,Month-to-month,No,Mailed check,81.51,1979.24,No
CUST-105018,Female,0,Yes,Yes,68,No,No phone service,DSL,Yes,Yes,No,No,No,No,Month-to-month,Yes,Mailed check,45.35,3125.88,Yes
CUST-105789,Female,0,No,Yes,60,Yes,No,No,No internet service,No internet service,No internet service,No internet service,No internet service,No internet service,Two year,Yes,Bank transfer (automatic),19.93,1131.54,No
CUST-106430,Female,0,No,No,70,Yes,No,DSL,Yes,No,Yes,No,No,No,Month-to-month,Yes,Bank transfer (automatic),61.34,4298.9,Yes
CUST-105601,Female,0,Yes,No,7,Yes,No,Fiber optic,Yes,No,No,No,No,Yes,Month-to-month,Yes,Credit card (automatic),77.9,582.9,Yes
CUST-102951,Female,0,No,No,32,Yes,No,Fiber optic,No,No,Yes,No,Yes,No,Month-to-month,Yes,Electronic check,74.94,2385.63,No
CUST-101345,Female,0,No,No,24,Yes,Yes,Fiber optic,No,Yes,Yes,Yes,No,Yes,Month-to-month,No,Bank transfer (automatic),89.7,2174.27,Yes
CUST-106228,Male,0,No,No,48,Yes,Yes,DSL,No,No,No,No,Yes,Yes,Two year,No,Electronic check,64.86,3092.87,No
CUST-100975,Male,0,Yes,Yes,21,Yes,Yes,Fiber optic,Yes,Yes,No,No,Yes,No,Month-to-month,No,Credit card (automatic),87.17,1836.47,Yes
CUST-105905,Male,0,Yes,Yes,0,Yes,No,Fiber optic,Yes,Yes,Yes,Yes,No,Yes,Two year,No,Electronic check,91.77,91.77,No
CUST-100509,Male,0,No,No,13,Yes,No,DSL,No,Yes,Yes,No,No,Yes,Month-to-month,Yes,Mailed check,63.3,831.45,No
CUST-100122,Female,0,No,No,68,Yes,No,DSL,No,No,Yes,Yes,No,No,One year,No,Electronic check,54.07,3680.85,No
CUST-106457,Female,0,Yes,No,1,Yes,Yes,DSL,No,Yes,No,No,Yes,No,Two year,Yes,Mailed check,65.67,85.4,No
CUST-105630,Male,0,Yes,No,45,Yes,Yes,DSL,No,No,No,No,Yes,Yes,Two year,No,Electronic check,65.23,2931.96,No
CUST-106287,male ,0,Yes,No,53,Yes,Yes,Fiber optic,No,No,Yes,No,No,Yes,Month-to-month,Yes,Electronic check,85.37,4532.08,No
CUST-101710,Male,0,No,No,15,Yes,Yes,Fiber optic,No,No,No,Yes,No,Yes,Month-to-month,Yes,Credit card (automatic),81.5,1217.43,No
CUST-102100,Female,0,No,No,7,Yes,No,No,No internet service,No internet service,No internet service,No internet service,No internet service,No internet service,Two year,Yes,Mailed check,20.81,136.92,No
CUST-100869,Male,0,No,No,33,No,No phone service,Fiber optic,Yes,No,No,Yes,Yes,Yes,Month-to-month,Yes,Credit card (automatic),91.61,2993.1,No
CUST-106298,Male,0,Yes,Yes,33,Yes,Yes,Fiber optic,Yes,No,Yes,No,Yes,No,One year,Yes,Bank transfer (automatic),87.31,2874.43,Yes
CUST-101030,Male,0,No,No,33,Yes,Yes,Fiber optic,No,No,Yes,No,No,Yes,Month-to-month,Yes,Bank transfer (automatic),81.62,2705.2,No
CUST-103463,Male,0,No,No,67,Yes,No,DSL,No,Yes,No,Yes,Yes,No,Two year,No,Bank transfer (automatic),67.13,4518.83,No
CUST-104852,Male,0,No,No,33,Yes,Yes,DSL,Yes,No,Yes,No,Yes,No,Month-to-month,No,Credit card (automatic),68.85,2280.68,No
CUST-101998,Male,0,Yes,Yes,0,Yes,Yes,Fiber optic,No,Yes,No,No,Yes,Yes,Month-to-month,No,Electronic check,90.84,90.84,No
CUST-103590,Male,0,No,No,15,No,No phone service,Fiber optic,Yes,No,No,No,Yes,Yes,Two year,Yes,Electronic check,83.71,1213.93,No
CUST-101156,Male,1,Yes,No,11,No,No phone service,DSL,Yes,No,No,Yes,Yes,Yes,Month-to-month,No,Electronic check,65.35,737.87,No
CUST-103156,Female,0,No,No,39,Yes,No,Fiber optic,No,No,No,No,No,Yes,One year,Yes,Credit card (automatic),75.14,2915.31,No
CUST-106814,Male,0,No,No,7,Yes,No,No,No internet service,No internet service,No internet service,No internet service,No internet service,No internet service,Month-to-month,No,Electronic check,26.38,189.74,No
CUST-104428,Female,0,Yes,Yes,30,Yes,Yes,No,No internet service,No internet service,No internet service,No internet service,No internet service,No internet service,One year,Yes,Credit card (automatic),25.7,771.24,No
CUST-101575,Male,0,No,No,53,Yes,Yes,Fiber optic,No,Yes,No,No,No,Yes,Month-to-month,Yes,Mailed check,82.47,4388.3,No
CUST-106527,Male,0,Yes,No,38,No,No phone service,No,No internet service,No internet service,No internet service,No internet service,No internet service,No internet service,Month-to-month,No,Bank transfer (automatic),18.0,733.24,No
CUST-100061,Female,0,No,No,41,Yes,Yes,DSL,Yes,Yes,No,No,Yes,No,Month-to-month,Yes,Credit card (automatic),68.77,2839.52,No
CUST-100472,Male,0,No,No,72,Yes,Yes,DSL,No,No,No,No,Yes,Yes,Month-to-month,Yes,Bank transfer (automatic),63.59,4577.71,No
CUST-104997,Female,1,Yes,No,64,Yes,Yes,DSL,No,No,Yes,No,Yes,Yes,Two year,Yes,Mailed check,70.76,4535.57,No
CUST-103454,Female,0,No,No,7,Yes,Yes,Fiber optic,No,No,Yes,No,Yes,No,Month-to-month,Yes,Mailed check,81.66,557.35,No
CUST-100865,Female,0,No,No,2,No,No phone service,DSL,No,No,Yes,Yes,No,Yes,Month-to-month,No,Electronic check,56.82,105.58,Yes
CUST-103583,Male,0,Yes,No,50,Yes,Yes,DSL,No,No,No,No,Yes,No,Two year,Yes,Mailed check,56.43,2823.46,No
CUST-106618,Male,0,No,No,3,Yes,No,DSL,No,Yes,No,Yes,Yes,No,Month-to-month,Yes,Credit card (automatic),64.81,226.4,No
CUST-105425,Male,0,No,No,45,Yes,No,Fiber optic,No,No,No,No,Yes,No,One year,No,Mailed check,78.89,3561.86,No
CUST-103614,Female,0,Yes,No,71,Yes,Yes,Fiber optic,Yes,No,Yes,No,Yes,No,Two year,No,Credit card (automatic),89.7,6352.8,No
CUST-105438,Male,0,No,No,55,Yes,No,No,No internet service,No internet service,No internet service,No internet service,No internet service,No internet service,Month-to-month,Yes,Mailed check,21.99,1203.35,No
CUST-104837,Male,0,Yes,Yes,57,Yes,No,DSL,Yes,No,No,No,No,No,Month-to-month,Yes,Mailed check,47.76,2733.43,No
CUST-106733,Female,0,No,No,59,Yes,Yes,Fiber optic,No,No,Yes,No,Yes,No,One year,Yes,Credit card (automatic),81.28,4775.14,Yes
CUST-103388,Male,0,No,No,59,Yes,No,Fiber optic,No,No,No,Yes,No,No,Month-to-month,Yes,Credit card (automatic),65.5,3885.54,No
CUST-102180,Female,1,No,No,60,No,No phone service,No,No internet service,No internet service,No internet service,No internet service,No internet service,No internet service,Month-to-month,Yes,Mailed check,19.17,1119.39,No
CUST-104743,Male,0,No,Yes,39,Yes,No,Fiber optic,No,No,No,No,Yes,Yes,Month-to-month,Yes,Bank transfer (automatic),83.25,3253.47,No
CUST-103281,Female,0,No,No,42,Yes,No,DSL,No,No,No,No,No,No,Month-to-month,Yes,Mailed check,47.62,2030.8,No
CUST-106840,Male,0,No,No,7,Yes,No,DSL,No,No,Yes,No,Yes,Yes,Two year,No,Electronic check,66.8,444.31,No
CUST-101628,Male,1,Yes,Yes,24,Yes,Yes,Fiber optic,No,Yes,No,Yes,No,No,Two year,Yes,Mailed check,73.18,1780.5,No
CUST-105488,Female,0,Yes,Yes,36,Yes,Yes,Fiber optic,No,Yes,No,No,No,No,Month-to-month,No,Electronic check,73.43,2616.0,Yes
CUST-102438,Female,0,No,No,13,Yes,Yes,DSL,No,No,No,No,Yes,No,Month-to-month,No,Bank transfer (automatic),58.03,752.53,Yes
CUST-101149,Female,0,No,No,35,Yes,No,DSL,No,No,Yes,Yes,No,No,Month-to-month,No,Bank transfer (automatic),58.18,2021.73,No
CUST-101160,Female,0,No,No,35,Yes,No,Fiber optic,No,Yes,No,No,Yes,Yes,Two year,No,Electronic check,85.34,3000.79,No
CUST-106420,Female,0,Yes,Yes,4,Yes,Yes,Fiber optic,No,No,Yes,No,No,Yes,Two year,Yes,Credit card (automatic),85.27,336.29,Yes
CUST-100256,Female,0,No,No,3,Yes,No,Fiber optic,No,No,Yes,No,Yes,Yes,One year,No,Credit card (automatic),88.8,,No
CUST-102598,Female,0,No,No,49,Yes,Yes,Fiber optic,No,No,Yes,Yes,Yes,No,Month-to-month,Yes,Electronic check,90.47,4385.76,Yes
CUST-104729,Female,0,No,No,44,Yes,No,Fiber optic,No,Yes,Yes,Yes,Yes,No,One year,No,Bank transfer (automatic),92.88,4078.34,No
CUST-106254,Male,0,No,Yes,48,Yes,No,Fiber optic,No,No,No,No,No,Yes,Two year,Yes,Credit card (automatic),71.26,3418.03,No
CUST-104873,Female,0,Yes,Yes,53,Yes,Yes,No,No internet service,No internet service,No internet service,No internet service,No internet service,No internet service,Month-to-month,Yes,Credit card (automatic),22.96,1198.67,No
CUST-101105,Male,0,Yes,Yes,39,Yes,Yes,DSL,No,No,No,No,Yes,No,Month-to-month,Yes,Mailed check,56.44,2188.94,No
CUST-105799,Male,0,Yes,No,41,Yes,Yes,Fiber optic,No,No,No,No,No,No,Month-to-month,Yes,Credit card (automatic),69.72,2823.57,No
CUST-103407,Female,0,Yes,No,55,Yes,No,Fiber optic,No,No,Yes,No,No,No,Month-to-month,Yes,Credit card (automatic),66.55,3679.08,Yes
CUST-100557,Female,1,Yes,Yes,57,Yes,Yes,Fiber optic,No,Yes,Yes,No,Yes,Yes,Two year,Yes,Electronic check,93.13,5315.87,No
CUST-101850,Male,1,No,Yes,28,Yes,No,Fiber optic,No,Yes,Yes,Yes,Yes,Yes,One year,Yes,Mailed check,91.92,2552.23,No
CUST-102088,Male,0,No,No,44,Yes,No,Fiber optic,No,No,Yes,Yes,Yes,No,Month-to-month,Yes,Bank transfer (automatic),84.36,3725.31,No
CUST-102899,Male,0,Yes,Yes,66,Yes,Yes,Fiber optic,No,No,No,No,No,No,Month-to-month,No,Mailed check,72.14,4759.22,No
CUST-103220,Female,0,No,No,11,No,No phone service,Fiber optic,No,Yes,Yes,Yes,Yes,No,Two year,Yes,Electronic check,82.1,860.82,Yes
CUST-100261,Male,0,No,No,53,Yes,No,Fiber optic,No,Yes,Yes,No,No,No,Two year,Yes,Electronic check,73.97,3920.27,No
CUST-105861,Female,0,Yes,No,53,Yes,Yes,Fiber optic,No,Yes,No,Yes,Yes,No,Month-to-month,Yes,Electronic check,86.86,4603.04,No
CUST-106256,Female,0,Yes,No,25,Yes,Yes,Fiber optic,No,Yes,No,No,Yes,No,Month-to-month,No,Electronic check,81.11,2031.7,No
CUST-100627,Male,0,Yes,Yes,60,Yes,Yes,Fiber optic,No,No,No,Yes,Yes,No,Month-to-month,Yes,Bank transfer (automatic),83.85,5019.45,No
CUST-101889,Male,1,No,No,3,Yes,Yes,No,No internet service,No internet service,No internet service,No internet service,No internet service,No internet service,One year,Yes,Bank transfer (automatic),33.67,76.2,No
CUST-103042,Male,1,Yes,No,62,Yes,Yes,Fiber optic,No,No,No,Yes,Yes,No,Month-to-month,Yes,Bank transfer (automatic),79.91,4968.12,Yes
CUST-104305,Female,0,No,No,2,Yes,No,No,No internet service,No internet service,No internet service,No internet service,No internet service,No internet service,Month-to-month,Yes,Mailed check,28.63,77.69,No
CUST-102078,Male,1,Yes,Yes,40,Yes,No,DSL,No,No,No,No,Yes,Yes,Two year,Yes,Bank transfer (automatic),59.0,2341.55,No
CUST-103585,Male,0,Yes,Yes,32,Yes,Yes,Fiber optic,No,No,Yes,No,No,No,Month-to-month,Yes,Mailed check,76.71,2418.84,Yes
CUST-105453,Female,1,Yes,No,53,Yes,Yes,Fiber optic,No,Yes,No,No,No,No,Month-to-month,Yes,Mailed check,74.58,3948.4,No
CUST-104304,Female,0,No,Yes,14,Yes,No,DSL,Yes,No,Yes,Yes,No,No,Month-to-month,Yes,Credit card (automatic),55.87,773.4,No
CUST-105244,Male,0,Yes,No,49,Yes,No,Fiber optic,Yes,Yes,No,Yes,Yes,Yes,Month-to-month,No,Credit card (automatic),99.24,4862.63,No
CUST-101606,Male,0,No,No,13,Yes,No,DSL,Yes,No,Yes,No,Yes,Yes,Month-to-month,No,Electronic check,69.98,903.27,No
CUST-101020,Male,0,Yes,Yes,58,Yes,Yes,DSL,No,No,Yes,No,No,No,Month-to-month,Yes,Electronic check,50.77,2940.86,No
CUST-100608,Female,1,Yes,No,8,Yes,Yes,Fiber optic,No,No,Yes,No,Yes,Yes,Month-to-month,Yes,Mailed check,93.61,721.91,Yes
CUST-101403,Male,1,Yes,No,65,Yes,No,DSL,Yes,No,Yes,No,Yes,Yes,Month-to-month,No,Bank transfer (automatic),66.65,4359.74,No
CUST-106286,Male,0,Yes,Yes,38,Yes,No,No,No internet service,No internet service,No internet service,No internet service,No internet service,No internet service,One year,Yes,Mailed check,25.36,985.6,No
CUST-103254,Male,0,Yes,No,20,Yes,No,Fiber optic,No,Yes,Yes,No,No,Yes,Two year,No,Electronic check,81.98,1646.03,No
CUST-102096,Female,1,No,No,52,Yes,No,Fiber optic,No,No,No,No,Yes,No,Month-to-month,No,Credit card (automatic),76.48,4012.9,No
CUST-100209,Female,0,No,Yes,25,Yes,Yes,DSL,No,Yes,No,No,Yes,Yes,Month-to-month,No,Mailed check,73.35,1828.42,Yes
CUST-103798,Male,1,Yes,No,23,Yes,No,Fiber optic,No,Yes,No,No,No,No,Month-to-month,No,Electronic check,70.76,1625.46,Yes
CUST-103539,Female,1,Yes,Yes,29,Yes,No,No,No internet service,No internet service,No internet service,No internet service,No internet service,No internet service,One year,Yes,Bank transfer (automatic),27.56,797.5,No
CUST-100153,Male,0,Yes,No,51,Yes,No,DSL,No,No,Yes,Yes,Yes,Yes,Month-to-month,Yes,Mailed check,75.72,3857.08,No
CUST-101590,Female,0,No,Yes,68,Yes,No,No,No internet service,No internet service,No internet service,No internet service,No internet service,No internet service,Two year,Yes,Electronic check,26.51,1756.24,No
CUST-102442,Male,0,No,No,61,Yes,No,Fiber optic,No,Yes,Yes,No,Yes,No,Month-to-month,Yes,Mailed check,86.21,5241.51,No
CUST-101147,Female,0,Yes,No,9,Yes,Yes,Fiber optic,No,Yes,No,Yes,Yes,Yes,Two year,Yes,Credit card (automatic),94.96,869.28,Yes
CUST-103427,Female,1,Yes,No,29,Yes,No,Fiber optic,No,Yes,No,No,No,Yes,Two year,Yes,Mailed check,72.78,2086.8,No
CUST-101967,Male,0,Yes,No,15,Yes,No,No,No internet service,No internet service,No internet service,No internet service,No internet service,No internet service,Month-to-month,Yes,Electronic check,25.12,388.41,No
CUST-103206,Female,0,Yes,No,72,Yes,No,Fiber optic,Yes,Yes,Yes,No,No,No,Month-to-month,No,Electronic check,77.58,5568.63,No
CUST-102433,Male,0,No,Yes,65,Yes,No,DSL,No,No,No,No,No,Yes,Month-to-month,Yes,Electronic check,53.77,3468.97,No
CUST-101633,Female,0,No,No,17,Yes,No,No,No internet service,No internet service,No internet service,No internet service,No internet service,No internet service,Month-to-month,Yes,Credit card (automatic),23.04,383.33,No
CUST-103292,Male,0,Yes,No,48,Yes,No,DSL,No,No,No,No,No,Yes,Month-to-month,No,Bank transfer (automatic),57.36,2732.26,No
CUST-100597,Female,0,No,No,51,No,No phone service,DSL,Yes,No,Yes,No,No,No,Two year,Yes,Bank transfer (automatic),51.43,2612.34,No
CUST-103137,Male,0,Yes,Yes,52,Yes,No,Fiber optic,No,Yes,No,Yes,No,Yes,Two year,Yes,Electronic check,85.74,4471.85,No
CUST-101656,Female,0,No,No,0,Yes,Yes,Fiber optic,No,No,No,No,Yes,No,Month-to-month,Yes,Bank transfer (automatic),80.44,80.44,No
CUST-104776,Male,0,Yes,Yes,70,Yes,Yes,Fiber optic,Yes,Yes,Yes,Yes,No,Yes,Two year,No,Electronic check,97.26,6775.27,No
CUST-106081,Male,0,No,No,1,Yes,Yes,DSL,Yes,No,Yes,Yes,No,Yes,Two year,No,Bank transfer (automatic),74.54,98.65,Yes
CUST-103297,Female,0,Yes,Yes,9,Yes,No,DSL,No,Yes,No,No,Yes,Yes,Two year,Yes,Electronic check,66.47,626.97,No
CUST-101565,Male,0,Yes,No,34,No,No phone service,No,No internet service,No internet service,No internet service,No internet service,No internet service,No internet service,Month-to-month,No,Bank transfer (automatic),18.0,617.49,No
CUST-105424,Male,0,No,No,13,Yes,Yes,Fiber optic,Yes,No,Yes,No,Yes,Yes,Month-to-month,No,Credit card (automatic),98.41,1273.74,No
CUST-101518,Male,0,No,No,23,Yes,No,No,No internet service,No internet service,No internet service,No internet service,No internet service,No internet service,Month-to-month,Yes,Mailed check,19.81,443.28,No
CUST-105865,Female,0,Yes,No,22,Yes,No,DSL,No,Yes,Yes,No,Yes,No,Month-to-month,No,Electronic check,66.08,1450.16,Yes
CUST-104317,Male,0,No,No,50,Yes,Yes,No,No internet service,No internet service,No internet service,No internet service,No internet service,No internet service,Month-to-month,No,Bank transfer (automatic),29.64,1503.82,No
CUST-100225,Male,0,No,No,25,Yes,Yes,DSL,Yes,Yes,No,No,No,No,One year,Yes,Bank transfer (automatic),60.79,1512.39,Yes
CUST-105303,Male,0,No,No,20,Yes,Yes,DSL,Yes,Yes,No,No,No,No,Month-to-month,Yes,Mailed check,61.5,1247.13,Yes
CUST-106196,Female,0,Yes,No,1,Yes,No,DSL,No,No,Yes,No,No,Yes,Month-to-month,Yes,Electronic check,58.74,53.63,No
CUST-102517,Female,0,Yes,Yes,48,Yes,Yes,No,No internet service,No internet service,No internet service,No internet service,No internet service,No internet service,Month-to-month,Yes,Electronic check,25.16,1200.0,No
CUST-106264,Female,0,No,No,45,Yes,No,DSL,No,No,No,Yes,No,No,Two year,Yes,Bank transfer (automatic),56.31,2526.28,No
CUST-102393,Male,1,Yes,Yes,59,Yes,Yes,Fiber optic,Yes,No,Yes,No,Yes,No,One year,Yes,Bank transfer (automatic),87.24,5164.86,No
CUST-101760,Male,0,Yes,Yes,41,Yes,Yes,Fiber optic,No,Yes,No,No,No,No,Month-to-month,Yes,Credit card (automatic),73.06,3030.52,Yes
CUST-101360,Male,0,No,No,30,No,No phone service,DSL,No,No,Yes,No,No,No,One year,No,Electronic check,43.06,1298.64,No
CUST-103304,Male,1,No,No,56,Yes,No,Fiber optic,No,Yes,Yes,No,No,Yes,Two year,No,Electronic check,84.51,4731.77,Yes
CUST-102324,Female,0,No,No,7,Yes,No,DSL,No,No,No,Yes,Yes,Yes,Two year,Yes,Electronic check,67.87,522.08,No
CUST-106346,Female,0,Yes,Yes,62,Yes,Yes,Fiber optic,No,No,No,No,Yes,Yes,Month-to-month,Yes,Bank transfer (automatic),87.17,5395.33,No
CUST-106033,Female,0,No,No,70,Yes,No,DSL,Yes,No,Yes,Yes,No,Yes,Month-to-month,Yes,Mailed check,64.25,4457.41,No
CUST-105588,Female,0,No,Yes,12,No,No phone service,No,No internet service,No internet service,No internet service,No internet service,No internet service,No internet service,Month-to-month,No,Credit card (automatic),18.0,239.5,No
CUST-103558,Male,0,Yes,No,18,Yes,No,DSL,No,Yes,Yes,No,Yes,No,Month-to-month,Yes,Credit card (automatic),60.3,1103.22,No
CUST-105963,Male,0,Yes,No,45,Yes,Yes,No,No internet service,No internet service,No internet service,No internet service,No internet service,No internet service,One year,No,Mailed check,27.67,1256.41,No
CUST-101833,Male,0,Yes,Yes,20,Yes,Yes,No,No internet service,No internet service,No internet service,No internet service,No internet service,No internet service,Month-to-month,Yes,Electronic check,24.69,486.13,No
CUST-103661,Male,0,No,No,37,Yes,Yes,Fiber optic,No,Yes,Yes,No,No,No,Month-to-month,Yes,Credit card (automatic),83.34,3131.27,No
CUST-102009,Female,0,No,No,42,Yes,No,DSL,No,Yes,No,No,No,Yes,One year,No,Electronic check,60.12,2555.26,No
CUST-103657,Female,1,No,No,58,Yes,Yes,DSL,No,Yes,Yes,No,No,Yes,Month-to-month,No,Bank transfer (automatic),68.24,3985.67,No
CUST-104301,Female,0,No,No,37,Yes,Yes,DSL,No,No,Yes,Yes,Yes,Yes,Two year,No,Bank transfer (automatic),82.36,3010.25,No
CUST-105123,Female,0,No,No,10,Yes,No,DSL,No,No,No,No,Yes,Yes,Month-to-month,Yes,Bank transfer (automatic),61.38,625.06,No
CUST-104187,Male,0,No,No,28,Yes,No,Fiber optic,No,No,Yes,Yes,Yes,Yes,Month-to-month,Yes,Credit card (automatic),85.92,2397.98,Yes
CUST-106473,Female,0,Yes,No,46,Yes,No,DSL,No,Yes,No,Yes,No,Yes,One year,No,Credit card (automatic),63.86,2937.96,Yes
CUST-105142,Female,0,Yes,Yes,63,No,No phone service,Fiber optic,No,No,Yes,Yes,No,No,One year,Yes,Electronic check,66.17,4215.41,Yes
CUST-103857,Male,0,No,Yes,44,Yes,No,No,No internet service,No internet service,No internet service,No internet service,No internet service,No internet service,Month-to-month,No,Mailed check,18.0,771.8,Yes
CUST-100693,Female,0,No,No,32,Yes,Yes,Fiber optic,No,No,Yes,Yes,No,Yes,Month-to-month,No,Bank transfer (automatic),84.37,2700.83,No
CUST-106201,Female,0,Yes,Yes,17,Yes,No,DSL,Yes,Yes,Yes,No,No,Yes,Month-to-month,No,Electronic check,66.99,1107.41,No
CUST-106328,Male,0,No,Yes,12,Yes,No,No,No internet service,No internet service,No internet service,No internet service,No internet service,No internet service,One year,Yes,Credit card (automatic),25.72,262.71,No
CUST-102612,Male,0,Yes,Yes,70,Yes,No,DSL,No,No,No,No,Yes,No,Month-to-month,Yes,Electronic check,54.77,3876.48,No
CUST-101186,Male,0,Yes,Yes,52,Yes,Yes,Fiber optic,Yes,No,No,Yes,Yes,No,Two year,Yes,Electronic check,90.4,4678.38,No
CUST-101369,Female,0,Yes,Yes,35,Yes,No,No,No internet service,No internet service,No internet service,No internet service,No internet service,No internet service,One year,No,Mailed check,20.45,724.06,No
CUST-101907,Male,0,Yes,Yes,46,Yes,Yes,No,No internet service,No internet service,No internet service,No internet service,No internet service,No internet service,Month-to-month,No,Electronic check,29.27,1337.46,Yes
CUST-104088,Female,0,No,No,61,Yes,Yes,No,No internet service,No internet service,No internet service,No internet service,No internet service,No internet service,Month-to-month,No,Mailed check,32.01,1967.37,No
CUST-102477,Male,0,No,No,67,Yes,Yes,Fiber optic,No,No,Yes,No,Yes,Yes,One year,No,Bank transfer (automatic),93.19,6216.32,No
CUST-100016,Female,0,Yes,No,1,Yes,Yes,No,No internet service,No internet service,No internet service,No internet service,No internet service,No internet service,One year,No,Credit card (automatic),23.79,47.77,No
CUST-102514,Male,0,Yes,Yes,20,Yes,No,Fiber optic,Yes,No,No,No,Yes,No,Two year,No,Mailed check,82.84,1664.56,No
CUST-106655,Female,0,No,Yes,41,Yes,No,Fiber optic,No,Yes,No,No,Yes,Yes,Two year,Yes,Mailed check,86.59,3551.35,Yes
CUST-102205,Female,0,No,No,52,Yes,Yes,Fiber optic,No,Yes,Yes,Yes,No,Yes,Month-to-month,No,Electronic check,103.61,5360.46,Yes
CUST-103595,Male,0,Yes,Yes,17,Yes,Yes,Fiber optic,Yes,No,No,Yes,Yes,No,Month-to-month,No,Electronic check,91.39,1575.24,No
CUST-101486,Male,0,Yes,Yes,31,Yes,Yes,Fiber optic,No,Yes,No,Yes,Yes,No,Month-to-month,Yes,Electronic check,91.45,2849.92,No
CUST-101676,Male,0,Yes,No,45,Yes,No,DSL,Yes,Yes,No,Yes,Yes,No,Month-to-month,No,Electronic check,68.0,3066.64,No
CUST-105280,Female,0,Yes,Yes,54,Yes,No,Fiber optic,No,Yes,Yes,No,Yes,Yes,Month-to-month,No,Electronic check,90.45,4859.92,No
CUST-102353,Male,0,Yes,No,36,Yes,No,DSL,Yes,Yes,Yes,No,Yes,Yes,One year,Yes,Electronic check,80.61,2899.62,No
CUST-100656,Female,1,No,No,12,Yes,No,Fiber optic,Yes,No,No,Yes,Yes,Yes,Month-to-month,Yes,Bank transfer (automatic),90.62,1069.69,No
CUST-101571,Male,0,Yes,No,3,Yes,No,Fiber optic,No,Yes,No,No,No,No,Month-to-month,Yes,Electronic check,72.91,229.94,Yes
CUST-101737,Male,0,Yes,Yes,58,No,No phone service,Fiber optic,No,No,No,No,Yes,No,Month-to-month,Yes,Electronic check,68.18,3957.11,No
CUST-105515,Female,1,Yes,Yes,4,Yes,No,Fiber optic,No,Yes,No,No,Yes,No,Month-to-month,No,Credit card (automatic),78.25,294.26,Yes
CUST-103855,Female,0,No,No,57,Yes,No,DSL,No,No,Yes,Yes,Yes,No,Two year,Yes,Electronic check,66.32,3758.03,No
CUST-104495,Female,0,No,No,24,Yes,No,No,No internet service,No internet service,No internet service,No internet service,No internet service,No internet service,Month-to-month,Yes,Mailed check,22.4,523.9,No
CUST-102846,Female,1,No,No,0,No,No phone service,DSL,No,No,Yes,No,No,Yes,Two year,Yes,Electronic check,55.3,55.3,Yes
CUST-102980,Female,0,Yes,Yes,25,Yes,No,DSL,No,Yes,No,No,Yes,No,Month-to-month,No,Mailed check,54.73,1405.61,No
CUST-100618,Male,0,Yes,Yes,55,Yes,No,Fiber optic,No,No,No,Yes,Yes,No,Month-to-month,Yes,Credit card (automatic),76.35,4170.68,Yes
CUST-104604,Male,0,Yes,Yes,47,Yes,Yes,Fiber optic,No,No,Yes,No,Yes,No,Month-to-month,Yes,Credit card (automatic),81.57,3830.51,Yes
CUST-102847,Male,0,No,No,52,Yes,Yes,Fiber optic,No,Yes,No,Yes,Yes,No,Month-to-month,No,Electronic check,84.24,4370.57,No
CUST-106133,Male,0,Yes,Yes,65,Yes,Yes,No,No internet service,No internet service,No internet service,No internet service,No internet service,No internet service,Month-to-month,Yes,Bank transfer (automatic),22.71,1466.09,No
CUST-100867,Female,0,No,No,49,Yes,No,No,No internet service,No internet service,No internet service,No internet service,No internet service,No internet service,Two year,No,Credit card (automatic),25.03,1203.27,No
CUST-102507,Female,1,Yes,No,30,Yes,No,Fiber optic,Yes,Yes,Yes,Yes,No,No,Month-to-month,Yes,Electronic check,85.05,2548.99,No
CUST-104982,Male,0,No,No,5,Yes,No,DSL,No,No,Yes,No,Yes,No,One year,Yes,Credit card (automatic),59.22,297.55,No
CUST-102110,Male,0,No,No,53,Yes,No,Fiber optic,No,Yes,Yes,No,Yes,No,Two year,Yes,Mailed check,82.38,4369.83,Yes
CUST-104695,Female,0,No,No,47,Yes,Yes,No,No internet service,No internet service,No internet service,No internet service,No internet service,No internet service,Month-to-month,Yes,Mailed check,23.88,1108.56,No
CUST-105898,Female,0,No,No,7,Yes,Yes,Fiber optic,No,No,No,No,No,No,Month-to-month,No,Credit card (automatic),65.4,444.68,Yes
CUST-100457,Female,1,No,No,0,Yes,Yes,No,No internet service,No internet service,No internet service,No internet service,No internet service,No internet service,Month-to-month,Yes,Bank transfer (automatic),26.83,26.83,No
CUST-105931,Female,0,Yes,Yes,19,Yes,Yes,No,No internet service,No internet service,No internet service,No internet service,No internet service,No internet service,Two year,Yes,Electronic check,24.7,487.19,No
CUST-105213,Female,0,No,No,0,Yes,No,No,No internet service,No internet service,No internet service,No internet service,No internet service,No internet service,Two year,No,Electronic check,23.02,23.02,Yes
CUST-104966,Male,0,No,No,32,Yes,No,DSL,No,Yes,No,No,Yes,No,Month-to-month,No,Bank transfer (automatic),54.15,1736.6,No
CUST-100790,Male,0,No,No,30,Yes,Yes,DSL,Yes,No,No,Yes,Yes,Yes,One year,Yes,Electronic check,78.4,2368.55,No
CUST-105938,Female,0,No,No,48,Yes,Yes,No,No internet service,No internet service,No internet service,No internet service,No internet service,No internet service,Two year,No,Electronic check,25.03,1179.96,No
CUST-103607,Female,0,Yes,Yes,72,Yes,No,No,No internet service,No internet service,No internet service,No internet service,No internet service,No internet service,Month-to-month,Yes,Electronic check,26.77,1930.3,No
CUST-103822,Female,0,No,Yes,38,Yes,No,No,No internet service,No internet service,No internet service,No internet service,No internet service,No internet service,Two year,Yes,Credit card (automatic),27.58,998.76,No
CUST-102260,Male,0,No,No,5,Yes,Yes,Fiber optic,No,Yes,No,Yes,Yes,No,Month-to-month,Yes,Bank transfer (automatic),84.89,441.02,No
CUST-106828,Male,0,Yes,Yes,19,No,No phone service,Fiber optic,No,No,No,No,No,No,Month-to-month,Yes,Mailed check,61.5,1184.72,No
CUST-102808,Female,0,Yes,No,62,Yes,Yes,No,No internet service,No internet service,No internet service,No internet service,No internet service,No internet service,One year,No,Credit card (automatic),25.38,1584.55,No
CUST-105050,Male,0,No,No,23,Yes,No,DSL,Yes,Yes,Yes,No,No,Yes,Month-to-month,Yes,Mailed check,70.76,1655.54,Yes
CUST-103518,Female,0,Yes,Yes,67,Yes,No,No,No internet service,No internet service,No internet service,No internet service,No internet service,No internet service,Two year,Yes,Electronic check,21.48,1469.22,No
CUST-104746,Female,0,No,No,34,Yes,No,DSL,Yes,No,No,No,No,No,One year,Yes,Bank transfer (automatic),49.02,1669.8,No
CUST-100733,Female,0,No,No,18,Yes,No,Fiber optic,Yes,Yes,No,No,No,No,Month-to-month,No,Credit card (automatic),73.38,1299.33,Yes
CUST-106783,Female,1,Yes,Yes,47,No,No phone service,DSL,No,Yes,Yes,No,Yes,No,Two year,No,Credit card (automatic),58.01,2710.21,No
CUST-104475,Male,1,No,No,54,Yes,Yes,Fiber optic,No,No,No,No,No,Yes,Month-to-month,Yes,Electronic check,82.36,4461.49,Yes
CUST-103958,Male,0,No,No,44,Yes,No,DSL,No,Yes,No,No,No,No,One year,Yes,Bank transfer (automatic),45.88,1994.39,No
CUST-102133,Male,0,Yes,Yes,47,No,No phone service,No,No internet service,No internet service,No internet service,No internet service,No internet service,No internet service,One year,No,Bank transfer (automatic),18.0,859.91,No
CUST-105052,Female,0,No,No,23,Yes,No,Fiber optic,Yes,No,Yes,Yes,Yes,Yes,Month-to-month,Yes,Credit card (automatic),98.66,2272.7,No
CUST-104267,Female,0,No,No,30,Yes,No,DSL,No,No,Yes,No,No,Yes,One year,Yes,Electronic check,56.81,1704.92,No
CUST-101944,Male,1,No,No,59,No,No phone service,No,No internet service,No internet service,No internet service,No internet service,No internet service,No internet service,One year,No,Electronic check,20.81,1232.0,No
CUST-102279,Female,0,No,Yes,65,Yes,Yes,DSL,No,Yes,Yes,No,No,No,Month-to-month,Yes,Credit card (automatic),58.11,3768.96,No
CUST-100659,Male,0,Yes,Yes,44,Yes,No,DSL,No,Yes,No,Yes,Yes,Yes,Month-to-month,No,Credit card (automatic),73.44,3227.47,No
CUST-102430,Male,1,No,No,19,Yes,Yes,No,No internet service,No internet service,No internet service,No internet service,No internet service,No internet service,Two year,Yes,Mailed check,25.91,486.73,No
CUST-103751,Female,0,Yes,Yes,52,Yes,Yes,Fiber optic,Yes,No,No,Yes,No,No,Two year,Yes,Mailed check,77.6,4024.76,Yes
CUST-102528,Male,1,Yes,No,2,Yes,Yes,DSL,No,Yes,No,No,No,No,One year,No,Mailed check,52.03,108.1,No
CUST-105190,Female,0,Yes,No,5,Yes,Yes,DSL,No,Yes,No,Yes,No,No,One year,No,Mailed check,56.42,248.27,No
CUST-106085,Female,1,Yes,No,68,Yes,No,Fiber optic,Yes,Yes,No,No,No,Yes,One year,Yes,Electronic check,83.77,5711.95,No
CUST-100642,Female,0,No,No,1,Yes,Yes,Fiber optic,Yes,Yes,Yes,No,Yes,No,Two year,Yes,Electronic check,95.47,83.46,Yes
CUST-100168,Male,0,Yes,Yes,19,No,No phone service,DSL,Yes,Yes,Yes,No,No,Yes,Month-to-month,Yes,Electronic check,58.89,1102.63,Yes
CUST-101517,Male,0,No,No,42,No,No phone service,DSL,No,Yes,Yes,No,Yes,Yes,One year,Yes,Electronic check,67.66,2854.77,No
CUST-101800,Male,0,Yes,No,54,Yes,No,Fiber optic,No,No,No,No,Yes,No,Two year,Yes,Credit card (automatic),76.36,4100.72,No
CUST-103394,Male,0,Yes,Yes,37,Yes,No,DSL,No,No,Yes,No,Yes,Yes,Month-to-month,Yes,Electronic check,67.51,2495.06,No
CUST-101917,Male,1,Yes,Yes,38,Yes,No,Fiber optic,No,No,No,Yes,Yes,No,One year,Yes,Credit card (automatic),74.76,2844.03,Yes
CUST-100272,Male,0,Yes,No,4,Yes,Yes,DSL,No,Yes,No,Yes,No,Yes,Month-to-month,Yes,Bank transfer (automatic),63.12,240.71,Yes
CUST-105311,Female,1,No,No,60,Yes,No,Fiber optic,Yes,Yes,No,No,No,No,Month-to-month,Yes,Electronic check,67.46,4040.8,No
CUST-102468,Male,0,Yes,No,36,Yes,No,No,No internet service,No internet service,No internet service,No internet service,No internet service,No internet service,Month-to-month,Yes,Mailed check,22.53,805.64,No
CUST-105214,Female,0,No,No,52,Yes,No,DSL,No,No,No,Yes,No,Yes,One year,No,Bank transfer (automatic),55.62,2913.99,No
CUST-106723,Male,0,Yes,No,65,No,No phone service,DSL,No,Yes,Yes,No,Yes,Yes,Two year,No,Bank transfer (automatic),63.85,4152.24,No
CUST-106606,Female,0,No,No,6,Yes,Yes,Fiber optic,No,Yes,Yes,No,Yes,No,Month-to-month,No,Bank transfer (automatic),89.54,543.7,Yes
CUST-101066,Female,0,Yes,No,66,Yes,Yes,Fiber optic,No,No,Yes,No,Yes,Yes,Month-to-month,Yes,Bank transfer (automatic),91.07,6006.19,Yes
CUST-100494,Male,0,No,No,3,Yes,No,DSL,Yes,No,No,No,No,No,Month-to-month,Yes,Bank transfer (automatic),51.84,134.84,No
CUST-104911,Female,0,No,No,54,Yes,Yes,Fiber optic,Yes,Yes,Yes,No,Yes,No,Month-to-month,Yes,Bank transfer (automatic),96.32,5186.55,No
CUST-101912,Male,0,No,No,23,No,No phone service,Fiber optic,Yes,No,No,No,No,No,Month-to-month,Yes,Mailed check,65.56,1509.44,No
CUST-103646,Female,0,Yes,Yes,21,Yes,No,DSL,Yes,No,No,No,No,Yes,Two year,No,Credit card (automatic),60.12,1251.63,No
CUST-100038,Male,0,No,No,52,Yes,No,No,No internet service,No internet service,No internet service,No internet service,No internet service,No internet service,Month-to-month,Yes,Bank transfer (automatic),23.42,1224.06,No
CUST-100306,Male,0,Yes,Yes,44,No,No phone service,No,No internet service,No internet service,No internet service,No internet service,No internet service,No internet service,Month-to-month,Yes,Electronic check,18.0,802.25,No
CUST-103740,Male,0,Yes,Yes,54,Yes,Yes,No,No internet service,No internet service,No internet service,No internet service,No internet service,No internet service,Month-to-month,Yes,Electronic check,28.82,1575.48,No
CUST-104102,Male,0,No,No,41,Yes,No,No,No internet service,No internet service,No internet service,No internet service,No internet service,No internet service,One year,No,Bank transfer (automatic),19.58,797.79,No
CUST-103152,Male,0,Yes,No,13,Yes,No,Fiber optic,No,Yes,No,No,No,No,One year,Yes,Credit card (automatic),71.25,915.94,No
CUST-102829,Male,0,No,No,56,Yes,No,Fiber optic,Yes,No,Yes,No,No,Yes,Month-to-month,Yes,Mailed check,83.41,4661.27,No
CUST-100781,Female,0,No,No,28,No,No phone service,No,No internet service,No internet service,No internet service,No internet service,No internet service,No internet service,One year,No,Bank transfer (automatic),18.91,547.86,No
CUST-105286,Male,0,No,No,33,Yes,No,DSL,No,No,Yes,Yes,Yes,Yes,One year,Yes,Mailed check,73.02,2409.12,No
CUST-100534,Female,0,No,Yes,58,Yes,No,Fiber optic,No,No,No,No,No,Yes,Month-to-month,Yes,Electronic check,72.67,4214.61,No
CUST-100583,Male,0,No,No,27,Yes,Yes,DSL,Yes,Yes,No,No,No,Yes,One year,Yes,Bank transfer (automatic),68.16,1836.13,Yes
CUST-106224,Male,0,No,No,49,Yes,Yes,DSL,No,Yes,No,No,Yes,Yes,Month-to-month,Yes,Mailed check,76.61,3775.14,Yes
CUST-104143,Male,0,No,No,51,Yes,Yes,Fiber optic,No,Yes,Yes,No,Yes,Yes,Two year,Yes,Electronic check,89.91,4559.52,No
CUST-104418,Female,1,No,No,13,Yes,No,DSL,No,No,No,No,Yes,Yes,Two year,No,Credit card (automatic),57.42,720.57,No
CUST-103796,Female,0,Yes,Yes,24,Yes,Yes,No,No internet service,No internet service,No internet service,No internet service,No internet service,No internet service,Two year,Yes,Credit card (automatic),26.5,667.93,No
CUST-106695,Female,1,No,No,39,Yes,No,DSL,No,Yes,No,Yes,Yes,No,Two year,No,Mailed check,60.41,2368.8,No
CUST-106854,Female,0,No,No,49,Yes,No,No,No internet service,No internet service,No internet service,No internet service,No internet service,No internet service,One year,Yes,Electronic check,21.22,1034.76,No
CUST-102861,Female,0,Yes,Yes,51,Yes,Yes,Fiber optic,No,No,Yes,Yes,Yes,No,Two year,No,Credit card (automatic),84.81,4299.17,No
CUST-100316,Female,0,No,No,54,No,No phone service,Fiber optic,Yes,Yes,Yes,Yes,Yes,Yes,One year,Yes,Credit card (automatic),96.78,5244.45,No
CUST-102197,Female,1,No,No,15,Yes,No,Fiber optic,No,No,Yes,No,No,No,Two year,Yes,Credit card (automatic),71.54,1062.09,Yes
CUST-102564,Male,0,Yes,Yes,4,Yes,No,DSL,Yes,Yes,No,No,Yes,Yes,Month-to-month,No,Electronic check,69.08,314.93,Yes
CUST-106302,Male,0,Yes,No,10,Yes,No,DSL,Yes,Yes,No,Yes,Yes,Yes,Two year,No,Bank transfer (automatic),77.98,800.21,No
CUST-106690,Male,1,No,No,18,Yes,Yes,Fiber optic,No,Yes,Yes,No,Yes,Yes,One year,No,Electronic check,92.66,1678.81,No
CUST-101794,Male,0,No,No,40,Yes,No,Fiber optic,No,Yes,Yes,Yes,No,No,Two year,No,Mailed check,77.64,3085.65,No
CUST-106502,Female,0,Yes,Yes,30,Yes,No,No,No internet service,No internet service,No internet service,No internet service,No internet service,No internet service,Month-to-month,Yes,Mailed check,23.83,733.22,No
CUST-105925,Male,0,Yes,Yes,67,Yes,No,DSL,Yes,No,No,Yes,No,No,Month-to-month,Yes,Bank transfer (automatic),56.83,3783.11,No
CUST-100271,Male,1,Yes,Yes,43,Yes,Yes,Fiber optic,No,No,No,No,No,Yes,Two year,Yes,Electronic check,77.06,3301.68,No
CUST-100548,Female,0,Yes,No,20,No,No phone service,Fiber optic,Yes,Yes,No,No,No,No,Month-to-month,No,Credit card (automatic),69.17,1338.04,No
CUST-101692,Female,0,Yes,Yes,32,No,No phone service,Fiber optic,No,Yes,Yes,Yes,No,Yes,Month-to-month,Yes,Credit card (automatic),79.95,2532.72,Yes
CUST-105815,Male,1,No,No,43,Yes,Yes,DSL,Yes,No,No,No,No,No,Month-to-month,Yes,Credit card (automatic),57.15,2450.82,No
CUST-103525,Male,0,Yes,Yes,15,Yes,No,Fiber optic,No,No,No,No,Yes,Yes,Two year,Yes,Bank transfer (automatic),83.39,1282.36,No
CUST-103012,Male,0,No,No,45,Yes,Yes,No,No internet service,No internet service,No internet service,No internet service,No internet service,No internet service,One year,Yes,Mailed check,27.13,1199.5,No
CUST-106705,Male,0,No,Yes,44,No,No phone service,Fiber optic,No,Yes,No,No,No,Yes,Month-to-month,No,Electronic check,76.18,3353.95,Yes
CUST-106721,Male,0,Yes,No,6,Yes,Yes,DSL,No,No,Yes,Yes,Yes,No,One year,Yes,Bank transfer (automatic),66.03,412.75,Yes
CUST-102390,Male,1,No,No,64,Yes,Yes,No,No internet service,No internet service,No internet service,No internet service,No internet service,No internet service,One year,Yes,Electronic check,22.26,1448.49,No
CUST-103876,Female,0,Yes,No,57,Yes,No,No,No internet service,No internet service,No internet service,No internet service,No internet service,No internet service,One year,No,Bank transfer (automatic),22.94,1290.28,No
CUST-104694,Female,1,No,No,69,Yes,Yes,Fiber optic,No,Yes,Yes,Yes,Yes,Yes,One year,No,Credit card (automatic),99.41,6859.62,No
CUST-105785,Female,0,No,No,63,Yes,Yes,DSL,No,No,Yes,Yes,Yes,No,Month-to-month,Yes,Credit card (automatic),68.45,4280.07,No
CUST-100894,Female,0,No,No,63,Yes,No,DSL,No,No,No,No,No,Yes,Two year,Yes,Electronic check,52.35,3316.24,No
CUST-105663,Male,0,Yes,No,70,Yes,No,DSL,Yes,No,Yes,No,Yes,No,Month-to-month,No,Electronic check,59.32,4127.08,No
CUST-105871,Male,0,No,Yes,38,Yes,Yes,DSL,No,No,Yes,Yes,Yes,No,Two year,Yes,Mailed check,68.4,2629.4,No
CUST-104666,Male,0,Yes,No,56,Yes,Yes,DSL,No,No,Yes,No,No,Yes,One year,Yes,Credit card (automatic),61.92,3480.68,No
CUST-101999,Male,0,Yes,No,62,Yes,Yes,Fiber optic,Yes,No,No,Yes,No,Yes,Month-to-month,Yes,Mailed check,92.46,5727.24,No
CUST-102122,Female,0,No,No,11,Yes,No,Fiber optic,No,No,No,No,No,Yes,Month-to-month,Yes,Electronic check,67.17,738.33,Yes
CUST-104157,Male,0,Yes,Yes,20,Yes,No,Fiber optic,No,Yes,Yes,No,No,Yes,One year,Yes,Electronic check,84.59,1682.14,Yes
CUST-101247,Male,0,Yes,Yes,71,Yes,Yes,Fiber optic,No,Yes,No,No,Yes,Yes,Month-to-month,Yes,Credit card (automatic),93.52,6625.55,No
CUST-104487,male ,1,Yes,Yes,69,Yes,No,Fiber optic,No,No,No,No,No,No,One year,Yes,Credit card (automatic),68.22,4699.07,No
CUST-101259,Female,1,No,No,33,Yes,Yes,No,No internet service,No internet service,No internet service,No internet service,No internet service,No internet service,Month-to-month,Yes,Credit card (automatic),28.88,950.62,No
CUST-100809,Female,0,Yes,Yes,40,Yes,Yes,DSL,No,No,No,No,No,Yes,Month-to-month,No,Mailed check,55.95,2284.49,No
CUST-101049,Male,0,No,No,32,Yes,Yes,No,No internet service,No internet service,No internet service,No internet service,No internet service,No internet service,One year,No,Bank transfer (automatic),29.74,942.82,No
CUST-101878,Female,0,No,No,27,Yes,Yes,Fiber optic,Yes,Yes,No,Yes,Yes,Yes,Month-to-month,Yes,Mailed check,98.75,2644.37,No
CUST-102879,Female,0,No,No,55,Yes,Yes,Fiber optic,No,Yes,Yes,No,No,No,Month-to-month,No,Mailed check,83.22,4571.04,No
CUST-100107,Female,0,No,No,66,Yes,No,DSL,No,Yes,No,No,Yes,Yes,One year,No,Mailed check,68.78,4573.5,No
CUST-100673,Male,0,No,No,22,Yes,Yes,Fiber optic,No,No,Yes,Yes,No,Yes,Month-to-month,Yes,Bank transfer (automatic),91.15,2005.85,Yes
CUST-106241,Male,0,No,Yes,40,Yes,No,Fiber optic,Yes,No,No,No,No,Yes,Two year,No,Electronic check,76.3,3040.35,No
CUST-104761,Female,0,No,No,38,No,No phone service,DSL,Yes,No,Yes,Yes,Yes,Yes,Month-to-month,No,Bank transfer (automatic),71.88,2721.69,No
CUST-104605,Male,0,No,No,36,Yes,Yes,DSL,Yes,Yes,No,No,No,No,Two year,No,Mailed check,62.17,2217.34,No
CUST-106373,Female,0,No,No,36,Yes,No,Fiber optic,No,No,No,Yes,No,No,Two year,Yes,Electronic check,73.61,2659.36,Yes
CUST-105736,Male,0,No,No,61,Yes,No,DSL,Yes,No,Yes,No,Yes,Yes,One year,No,Electronic check,73.95,4505.52,No
CUST-105455,Male,0,No,No,1,Yes,No,No,No internet service,No internet service,No internet service,No internet service,No internet service,No internet service,Month-to-month,Yes,Credit card (automatic),25.19,12.13,No
CUST-101532,Female,0,No,No,12,Yes,No,Fiber optic,No,No,No,Yes,Yes,No,One year,Yes,Mailed check,75.49,880.29,No
CUST-104962,Female,0,No,No,4,Yes,Yes,Fiber optic,No,Yes,No,No,Yes,No,Month-to-month,No,Credit card (automatic),81.1,308.09,No
CUST-101855,Female,1,Yes,Yes,13,Yes,No,DSL,Yes,No,Yes,No,Yes,No,Month-to-month,No,Mailed check,66.33,901.11,Yes
CUST-105832,Female,0,No,No,13,Yes,No,No,No internet service,No internet service,No internet service,No internet service,No internet service,No internet service,One year,Yes,Electronic check,27.28,322.27,No
CUST-100211,Female,0,Yes,Yes,43,Yes,No,DSL,No,No,Yes,No,Yes,No,One year,Yes,Electronic check,61.82,2698.48,No
CUST-103147,Female,0,No,No,71,Yes,No,No,No internet service,No internet service,No internet service,No internet service,No internet service,No internet service,One year,No,Mailed check,23.73,1711.84,No
CUST-105156,Female,0,Yes,Yes,34,Yes,Yes,No,No internet service,No internet service,No internet service,No internet service,No internet service,No internet service,Month-to-month,No,Mailed check,26.1,900.7,No
CUST-102256,Female,0,Yes,Yes,63,Yes,No,Fiber optic,No,No,No,Yes,No,No,One year,No,Credit card (automatic),67.05,4221.22,No
CUST-102105,Male,0,No,No,25,Yes,Yes,Fiber optic,Yes,No,Yes,No,No,No,Month-to-month,No,Mailed check,80.25,2004.15,No
CUST-103268,Male,0,Yes,Yes,50,Yes,Yes,Fiber optic,Yes,Yes,Yes,No,No,No,Month-to-month,Yes,Mailed check,84.88,4273.83,Yes
CUST-106672,Male,1,Yes,No,27,Yes,No,No,No internet service,No internet service,No internet service,No internet service,No internet service,No internet service,One year,Yes,Mailed check,20.74,554.62,No
CUST-101973,Male,0,Yes,Yes,54,No,No phone service,Fiber optic,No,No,No,Yes,No,Yes,Two year,Yes,Bank transfer (automatic),71.46,3888.68,No
CUST-104685,Female,1,Yes,Yes,4,Yes,Yes,DSL,No,Yes,No,No,No,Yes,One year,Yes,Mailed check,67.11,256.46,Yes
CUST-106823,Male,0,Yes,Yes,17,Yes,No,DSL,No,Yes,No,Yes,Yes,No,Two year,No,Credit card (automatic),61.43,1024.68,No
CUST-101501,Male,0,Yes,No,3,Yes,Yes,Fiber optic,No,Yes,No,No,Yes,Yes,Month-to-month,No,Bank transfer (automatic),89.83,244.31,Yes
CUST-104182,Male,0,No,Yes,40,Yes,Yes,Fiber optic,No,No,No,Yes,Yes,No,Two year,Yes,Electronic check,84.72,3401.2,Yes
CUST-100646,Male,0,Yes,No,54,Yes,Yes,Fiber optic,No,Yes,No,No,Yes,Yes,Month-to-month,No,Electronic check,92.14,4967.34,No
CUST-103633,Female,0,No,No,71,Yes,Yes,DSL,Yes,Yes,Yes,No,No,No,Month-to-month,Yes,Bank transfer (automatic),63.81,4549.8,No
CUST-100771,Female,0,Yes,No,55,Yes,Yes,Fiber optic,No,Yes,No,Yes,No,No,One year,Yes,Mailed check,79.85,4394.01,No
CUST-100703,Male,0,Yes,Yes,16,Yes,No,No,No internet service,No internet service,No internet service,No internet service,No internet service,No internet service,Month-to-month,Yes,Credit card (automatic),25.06,382.46,No
CUST-103587,Female,0,Yes,Yes,22,Yes,No,No,No internet service,No internet service,No internet service,No internet service,No internet service,No internet service,Two year,Yes,Credit card (automatic),26.07,572.46,No
CUST-101249,Female,0,No,No,64,No,No phone service,Fiber optic,Yes,No,No,No,Yes,No,Two year,Yes,Electronic check,70.49,4522.62,No
CUST-104804,Female,0,Yes,No,26,Yes,Yes,Fiber optic,No,No,No,No,No,No,One year,No,Electronic check,64.73,1657.95,No
CUST-102472,Male,0,No,No,23,Yes,Yes,No,No internet service,No internet service,No internet service,No internet service,No internet service,No internet service,One year,No,Electronic check,30.1,702.93,No
CUST-106232,Male,1,No,Yes,5,Yes,No,Fiber optic,No,No,No,Yes,Yes,No,Two year,No,Electronic check,82.07,373.15,Yes
CUST-101860,Female,0,Yes,No,46,Yes,No,DSL,Yes,Yes,No,No,No,Yes,Month-to-month,Yes,Electronic check,64.85,2984.0,No
CUST-100709,Male,0,Yes,Yes,0,Yes,Yes,Fiber optic,Yes,Yes,No,Yes,Yes,No,Month-to-month,Yes,Mailed check,88.04,88.04,No
CUST-102672,Female,0,No,No,62,Yes,No,DSL,Yes,No,No,No,No,Yes,Month-to-month,Yes,Mailed check,54.9,3380.9,No
CUST-104514,Female,0,Yes,Yes,46,Yes,No,No,No internet service,No internet service,No internet service,No internet service,No internet service,No internet service,Month-to-month,Yes,Electronic check,21.13,991.16,No
CUST-101461,Male,0,Yes,Yes,9,Yes,No,No,No internet service,No internet service,No internet service,No internet service,No internet service,No internet service,Month-to-month,Yes,Electronic check,22.93,210.89,No
CUST-101484,Male,0,Yes,No,15,Yes,Yes,Fiber optic,Yes,Yes,Yes,No,No,Yes,Two year,Yes,Mailed check,91.84,1387.78,Yes
CUST-102545,Male,0,No,No,50,Yes,Yes,No,No internet service,No internet service,No internet service,No internet service,No internet service,No internet service,Two year,No,Electronic check,31.24,1568.8,No
CUST-100230,Male,1,No,No,62,Yes,No,DSL,No,No,No,Yes,Yes,Yes,Month-to-month,Yes,Bank transfer (automatic),68.11,4224.68,No
CUST-101356,Male,0,Yes,No,41,Yes,No,Fiber optic,No,No,Yes,No,No,No,Month-to-month,Yes,Bank transfer (automatic),71.38,2945.84,Yes
CUST-103011,Female,0,Yes,Yes,2,Yes,Yes,No,No internet service,No internet service,No internet service,No internet service,No internet service,No internet service,Month-to-month,No,Mailed check,26.18,64.05,No
CUST-100851,Female,0,Yes,No,18,Yes,No,DSL,No,Yes,No,Yes,Yes,No,One year,Yes,Bank transfer (automatic),64.09,1182.64,No
CUST-101004,Male,0,No,No,38,Yes,Yes,No,No internet service,No internet service,No internet service,No internet service,No internet service,No internet service,Month-to-month,Yes,Mailed check,23.4,902.95,No
CUST-101996,female ,1,Yes,Yes,33,Yes,Yes,DSL,Yes,No,No,Yes,No,Yes,Two year,Yes,Mailed check,72.99,2411.47,No
CUST-101834,Male,0,Yes,No,55,Yes,No,DSL,Yes,No,Yes,Yes,Yes,Yes,Two year,No,Mailed check,70.92,3904.45,No
CUST-103973,Male,0,Yes,Yes,11,Yes,Yes,Fiber optic,Yes,No,Yes,No,Yes,No,Month-to-month,No,Mailed check,88.87,977.56,No
CUST-106678,Female,0,No,No,35,Yes,Yes,Fiber optic,No,No,Yes,No,No,No,Two year,Yes,Credit card (automatic),73.44,2583.79,Yes
CUST-104532,Female,0,Yes,No,69,Yes,Yes,DSL,No,No,No,No,Yes,No,Two year,No,Bank transfer (automatic),67.35,4665.28,No
CUST-101316,Female,0,No,No,15,Yes,Yes,No,No internet service,No internet service,No internet service,No internet service,No internet service,No internet service,Two year,Yes,Credit card (automatic),25.27,396.5,No
CUST-103327,Male,1,No,No,22,Yes,Yes,DSL,No,No,No,Yes,Yes,Yes,Month-to-month,No,Mailed check,73.31,1591.39,Yes
CUST-101623,Male,0,No,No,63,Yes,Yes,No,No internet service,No internet service,No internet service,No internet service,No internet service,No internet service,Two year,No,Electronic check,25.6,1592.68,No
CUST-101480,Male,1,No,No,21,Yes,No,No,No internet service,No internet service,No internet service,No internet service,No internet service,No internet service,Two year,No,Mailed check,21.56,429.97,No
CUST-103833,Female,0,Yes,No,58,Yes,Yes,Fiber optic,No,Yes,Yes,No,Yes,Yes,Month-to-month,Yes,Electronic check,97.88,5663.56,No
CUST-105744,Male,0,Yes,Yes,10,Yes,No,Fiber optic,No,No,No,No,Yes,Yes,Month-to-month,Yes,Electronic check,80.88,845.54,No
CUST-105099,Male,0,No,No,0,Yes,Yes,Fiber optic,Yes,No,Yes,No,No,No,Two year,Yes,Electronic check,83.16,83.16,No
CUST-101278,Male,0,Yes,Yes,34,Yes,Yes,No,No internet service,No internet service,No internet service,No internet service,No internet service,No internet service,Two year,Yes,Electronic check,27.57,911.44,No
CUST-103080,Male,0,Yes,Yes,53,Yes,Yes,Fiber optic,No,No,No,No,No,Yes,Month-to-month,Yes,Bank transfer (automatic),74.82,3956.19,No
CUST-101823,Female,0,Yes,Yes,5,Yes,No,No,No internet service,No internet service,No internet service,No internet service,No internet service,No internet service,Month-to-month,Yes,Mailed check,18.63,130.15,No
CUST-101053,Female,0,Yes,No,15,Yes,No,Fiber optic,Yes,No,No,No,No,No,One year,Yes,Credit card (automatic),69.83,1074.28,No
CUST-104145,Male,0,No,No,59,Yes,Yes,Fiber optic,No,No,No,No,No,No,Month-to-month,No,Mailed check,72.19,4241.97,Yes
CUST-105932,Male,0,No,No,53,Yes,Yes,Fiber optic,Yes,Yes,No,No,Yes,Yes,Two year,Yes,Bank transfer (automatic),96.51,5124.02,No
CUST-100475,Female,0,Yes,No,31,Yes,Yes,Fiber optic,No,No,No,No,No,Yes,Month-to-month,Yes,Credit card (automatic),78.2,2439.47,No
CUST-102282,Male,0,No,No,42,Yes,No,No,No internet service,No internet service,No internet service,No internet service,No internet service,No internet service,Month-to-month,No,Bank transfer (automatic),24.15,965.55,Yes
CUST-103711,Female,0,No,Yes,69,Yes,Yes,No,No internet service,No internet service,No internet service,No internet service,No internet service,No internet service,Two year,No,Electronic check,25.24,1738.32,No
CUST-103146,Female,0,No,No,67,Yes,Yes,DSL,Yes,Yes,No,Yes,No,Yes,Two year,No,Electronic check,74.77,4999.6,No
CUST-105642,Female,0,Yes,Yes,69,Yes,No,Fiber optic,No,No,Yes,No,No,Yes,Month-to-month,No,Electronic check,81.03,5579.78,Yes
CUST-100335,Female,0,Yes,No,64,Yes,No,No,No internet service,No internet service,No internet service,No internet service,No internet service,No internet service,Two year,Yes,Bank transfer (automatic),23.55,1522.77,No
CUST-102617,Male,0,No,No,14,Yes,Yes,DSL,No,Yes,Yes,No,Yes,No,One year,Yes,Electronic check,67.4,912.64,Yes
CUST-103662,Female,0,No,No,7,Yes,Yes,DSL,No,No,No,Yes,Yes,Yes,Month-to-month,Yes,Mailed check,72.38,499.35,No
CUST-100088,Female,0,Yes,No,18,Yes,No,Fiber optic,No,Yes,Yes,Yes,No,Yes,One year,No,Credit card (automatic),84.98,1495.48,No
CUST-100874,Female,0,Yes,Yes,66,Yes,No,Fiber optic,No,Yes,Yes,Yes,Yes,No,One year,Yes,Mailed check,85.51,5637.2,No
CUST-106545,Female,0,No,No,32,Yes,No,DSL,No,No,No,Yes,Yes,Yes,Two year,Yes,Electronic check,69.61,2215.6,No
CUST-100543,Male,1,Yes,Yes,1,Yes,No,DSL,No,No,Yes,Yes,No,No,Month-to-month,Yes,Bank transfer (automatic),51.19,61.59,Yes
CUST-105337,Female,0,No,No,1,Yes,No,No,No internet service,No internet service,No internet service,No internet service,No internet service,No internet service,One year,Yes,Electronic check,26.35,0.0,No
CUST-103000,Female,1,No,No,69,Yes,No,Fiber optic,Yes,Yes,No,Yes,No,Yes,Month-to-month,No,Electronic check,85.7,5912.12,No
CUST-102760,Male,1,Yes,No,56,Yes,No,No,No internet service,No internet service,No internet service,No internet service,No internet service,No internet service,Two year,No,Electronic check,23.68,1306.49,No
CUST-106987,Female,0,Yes,No,23,Yes,Yes,Fiber optic,No,No,No,No,No,Yes,Month-to-month,Yes,Credit card (automatic),75.1,1715.06,Yes
CUST-101880,Male,0,No,No,3,Yes,No,No,No internet service,No internet service,No internet service,No internet service,No internet service,No internet service,Month-to-month,Yes,Mailed check,18.55,34.11,Yes
CUST-106862,Male,0,Yes,No,9,Yes,No,Fiber optic,No,No,No,Yes,No,No,Month-to-month,No,Credit card (automatic),75.44,686.45,No
CUST-100926,Female,0,No,No,2,Yes,Yes,Fiber optic,No,No,Yes,Yes,Yes,Yes,Month-to-month,No,Electronic check,100.84,204.63,Yes
CUST-100319,Female,1,Yes,Yes,6,Yes,No,DSL,Yes,Yes,Yes,Yes,Yes,Yes,Month-to-month,No,Credit card (automatic),81.53,471.13,No
CUST-104615,Male,1,No,No,40,Yes,No,No,No internet service,No internet service,No internet service,No internet service,No internet service,No internet service,Month-to-month,Yes,Mailed check,22.23,934.09,No
CUST-100878,Female,1,No,No,34,Yes,Yes,Fiber optic,Yes,Yes,No,No,No,Yes,Two year,Yes,Credit card (automatic),87.78,2979.51,No
CUST-103994,Female,1,Yes,Yes,22,Yes,Yes,Fiber optic,Yes,Yes,Yes,Yes,Yes,Yes,One year,No,Bank transfer (automatic),103.84,2302.31,No
CUST-104921,Female,1,Yes,Yes,0,Yes,Yes,Fiber optic,Yes,No,No,Yes,No,Yes,Two year,Yes,Mailed check,86.5,86.5,No
CUST-103246,Female,0,No,No,23,No,No phone service,Fiber optic,No,Yes,No,Yes,No,No,Month-to-month,Yes,Mailed check,67.63,1524.62,No
CUST-105386,Male,0,No,Yes,32,Yes,Yes,DSL,No,Yes,No,No,Yes,No,Month-to-month,No,Mailed check,60.85,1950.93,No
CUST-103078,Male,1,No,No,44,No,No phone service,No,No internet service,No internet service,No internet service,No internet service,No internet service,No internet service,Two year,No,Mailed check,22.92,1019.59,No
CUST-103761,Female,0,No,No,3,Yes,No,Fiber optic,No,No,Yes,No,No,Yes,Month-to-month,Yes,Electronic check,76.18,232.39,No
CUST-104730,Female,0,No,No,12,Yes,No,Fiber optic,No,No,No,Yes,Yes,Yes,Two year,Yes,Electronic check,86.91,1069.94,No
CUST-106442,Female,0,Yes,Yes,3,Yes,Yes,Fiber optic,No,Yes,No,Yes,No,Yes,One year,Yes,Electronic check,85.82,270.71,No
CUST-104234,Male,0,No,No,46,Yes,Yes,DSL,No,Yes,Yes,No,Yes,Yes,Month-to-month,No,Credit card (automatic),76.7,3546.09,Yes
CUST-104259,Male,0,Yes,No,6,Yes,No,No,No internet service,No internet service,No internet service,No internet service,No internet service,No internet service,Two year,Yes,Bank transfer (automatic),25.74,136.99,No
CUST-101618,Male,0,Yes,No,65,No,No phone service,Fiber optic,No,No,No,Yes,Yes,No,One year,Yes,Electronic check,66.88,4349.5,No
CUST-103726,Male,0,Yes,Yes,1,No,No phone service,Fiber optic,No,Yes,Yes,No,No,Yes,Month-to-month,No,Mailed check,81.64,60.65,Yes
CUST-106791,Female,0,Yes,Yes,52,Yes,Yes,DSL,Yes,Yes,Yes,Yes,Yes,No,One year,Yes,Electronic check,75.44,3911.67,No
CUST-105887,Male,0,Yes,Yes,54,No,No phone service,Fiber optic,No,No,Yes,No,No,No,Month-to-month,Yes,Electronic check,65.41,3531.48,Yes
CUST-101045,Male,0,No,No,68,Yes,No,Fiber optic,No,No,No,No,No,Yes,Two year,Yes,Mailed check,76.43,5193.59,No
CUST-105056,Female,0,No,No,11,Yes,Yes,Fiber optic,Yes,No,Yes,No,Yes,Yes,One year,No,Bank transfer (automatic),93.0,1036.92,No
CUST-101750,Female,0,Yes,Yes,32,No,No phone service,Fiber optic,No,No,No,No,Yes,No,Month-to-month,Yes,Bank transfer (automatic),64.2,2045.05,Yes
CUST-105151,Female,1,No,No,25,Yes,Yes,No,No internet service,No internet service,No internet service,No internet service,No internet service,No internet service,One year,No,Mailed check,26.8,656.82,No
CUST-103878,Male,0,No,No,14,Yes,Yes,No,No internet service,No internet service,No internet service,No internet service,No internet service,No internet service,Month-to-month,No,Electronic check,29.58,447.26,No
CUST-105864,Female,0,Yes,No,30,Yes,Yes,DSL,No,Yes,No,Yes,Yes,Yes,Two year,Yes,Mailed check,77.73,2352.05,No
CUST-105600,Male,0,No,No,50,Yes,No,No,No internet service,No internet service,No internet service,No internet service,No internet service,No internet service,One year,Yes,Electronic check,23.24,1177.93,No
CUST-103917,Female,1,No,No,1,Yes,No,No,No internet service,No internet service,No internet service,No internet service,No internet service,No internet service,Month-to-month,No,Credit card (automatic),24.32,23.78,Yes
CUST-105189,Male,0,No,No,41,Yes,No,DSL,No,No,Yes,No,No,No,One year,Yes,Electronic check,54.98,2243.08,No
CUST-101043,Male,0,No,No,58,No,No phone service,DSL,No,Yes,Yes,No,No,Yes,Month-to-month,No,Electronic check,61.95,3570.21,Yes
CUST-103010,Male,0,Yes,Yes,21,Yes,No,No,No internet service,No internet service,No internet service,No internet service,No internet service,No internet service,Two year,No,Credit card (automatic),27.59,570.92,No
CUST-105155,Female,0,No,No,25,Yes,No,Fiber optic,No,No,Yes,No,No,No,One year,Yes,Electronic check,70.49,1747.2,No
CUST-103290,Male,0,Yes,No,2,Yes,No,Fiber optic,Yes,No,No,No,Yes,Yes,Month-to-month,Yes,Electronic check,83.11,151.95,No
CUST-106662,Male,0,Yes,Yes,25,Yes,No,Fiber optic,No,Yes,Yes,No,Yes,No,Two year,Yes,Electronic check,82.51,2047.61,No
CUST-104751,Male,0,Yes,No,54,Yes,No,Fiber optic,No,No,No,No,No,Yes,Month-to-month,Yes,Electronic check,72.07,3886.34,No
CUST-102064,Female,1,Yes,Yes,37,Yes,No,Fiber optic,No,No,Yes,No,Yes,Yes,One year,Yes,Bank transfer (automatic),83.58,3071.75,No
CUST-102964,Female,0,No,No,43,Yes,No,No,No internet service,No internet service,No internet service,No internet service,No internet service,No internet service,Month-to-month,Yes,Mailed check,20.76,906.39,No
CUST-100641,Female,0,Yes,Yes,39,Yes,No,No,No internet service,No internet service,No internet service,No internet service,No internet service,No internet service,Two year,Yes,Bank transfer (automatic),26.25,1034.33,No
CUST-100137,Male,0,No,No,11,Yes,No,No,No internet service,No internet service,No internet service,No internet service,No internet service,No internet service,Month-to-month,Yes,Mailed check,23.49,275.41,No
CUST-100880,Male,0,No,No,35,Yes,Yes,DSL,No,Yes,No,Yes,Yes,Yes,One year,Yes,Electronic check,74.66,2645.61,Yes
CUST-101976,Female,0,No,No,30,Yes,No,Fiber optic,Yes,No,No,Yes,No,Yes,Month-to-month,No,Credit card (automatic),82.6,,No
CUST-101581,Male,0,No,No,5,Yes,Yes,Fiber optic,No,Yes,No,Yes,No,No,Month-to-month,Yes,Bank transfer (automatic),73.97,364.84,Yes
CUST-104793,Male,0,No,Yes,2,Yes,Yes,No,No internet service,No internet service,No internet service,No internet service,No internet service,No internet service,Month-to-month,Yes,Electronic check,31.46,51.82,No
CUST-101097,Female,0,Yes,Yes,14,Yes,No,No,No internet service,No internet service,No internet service,No internet service,No internet service,No internet service,Month-to-month,Yes,Bank transfer (automatic),25.17,338.51,No
CUST-106067,Male,0,No,No,65,No,No phone service,Fiber optic,Yes,Yes,No,No,Yes,Yes,Month-to-month,Yes,Mailed check,86.59,5670.62,Yes
CUST-106528,Female,1,No,Yes,13,Yes,No,DSL,No,No,Yes,No,No,Yes,Two year,Yes,Electronic check,58.65,756.03,No
CUST-101392,Female,0,No,No,59,Yes,Yes,Fiber optic,Yes,No,No,Yes,Yes,No,One year,Yes,Credit card (automatic),86.01,5053.42,No
CUST-102083,Female,0,No,Yes,3,Yes,Yes,Fiber optic,No,Yes,No,No,Yes,No,One year,No,Electronic check,87.89,242.5,Yes
CUST-101266,Male,0,No,No,59,Yes,No,Fiber optic,No,No,Yes,Yes,Yes,No,One year,No,Credit card (automatic),74.81,4432.78,No
CUST-104231,Female,0,Yes,No,54,Yes,Yes,No,No internet service,No internet service,No internet service,No internet service,No internet service,No internet service,Two year,Yes,Bank transfer (automatic),32.97,1773.66,No
CUST-105265,Female,0,Yes,No,27,Yes,No,DSL,No,Yes,No,Yes,Yes,No,Month-to-month,No,Bank transfer (automatic),63.38,1682.17,No
CUST-102574,Female,0,Yes,Yes,50,Yes,No,DSL,No,No,Yes,Yes,Yes,Yes,Month-to-month,No,Mailed check,68.61,3413.95,No
CUST-102135,Female,0,No,No,48,Yes,No,DSL,No,No,No,No,Yes,No,Month-to-month,Yes,Credit card (automatic),57.03,2727.36,No
CUST-101503,Male,0,No,No,45,Yes,Yes,Fiber optic,No,No,No,No,Yes,No,Month-to-month,Yes,Credit card (automatic),73.47,3333.06,Yes
CUST-105458,Female,0,Yes,Yes,1,Yes,No,DSL,No,No,No,Yes,No,No,Two year,Yes,Mailed check,54.89,31.29,No
CUST-106245,Male,0,No,No,23,Yes,Yes,No,No internet service,No internet service,No internet service,No internet service,No internet service,No internet service,Two year,Yes,Mailed check,20.97,483.01,Yes
CUST-103367,Male,0,No,No,45,No,No phone service,No,No internet service,No internet service,No internet service,No internet service,No internet service,No internet service,Two year,No,Electronic check,18.9,848.94,No
CUST-103729,Female,1,Yes,Yes,23,Yes,No,Fiber optic,No,No,No,No,Yes,No,Month-to-month,Yes,Electronic check,74.75,1727.15,Yes
CUST-100148,Female,0,Yes,Yes,42,No,No phone service,Fiber optic,Yes,No,No,No,Yes,No,Month-to-month,No,Mailed check,73.77,3100.81,No
CUST-100303,Female,0,Yes,No,60,Yes,No,DSL,Yes,Yes,No,Yes,Yes,Yes,Month-to-month,No,Credit card (automatic),73.37,4443.52,No
CUST-105113,Male,0,Yes,No,30,Yes,Yes,DSL,No,No,No,Yes,Yes,Yes,Two year,Yes,Electronic check,71.19,2140.02,No
CUST-101924,Male,1,Yes,Yes,37,Yes,Yes,No,No internet service,No internet service,No internet service,No internet service,No internet service,No internet service,Month-to-month,No,Bank transfer (automatic),28.49,1068.58,Yes
CUST-105148,Male,0,No,Yes,59,Yes,No,No,No internet service,No internet service,No internet service,No internet service,No internet service,No internet service,Month-to-month,Yes,Electronic check,24.9,1500.78,No
CUST-106676,Female,0,No,No,44,Yes,Yes,Fiber optic,No,No,Yes,No,Yes,No,Two year,No,Mailed check,81.33,,No
CUST-102637,Female,0,Yes,Yes,18,Yes,No,DSL,No,No,No,Yes,No,Yes,Month-to-month,No,Mailed check,55.58,982.66,No
CUST-106607,Female,1,Yes,Yes,64,Yes,No,No,No internet service,No internet service,No internet service,No internet service,No internet service,No internet service,Two year,Yes,Bank transfer (automatic),20.67,1338.59,No
CUST-101904,Male,0,No,No,68,Yes,No,DSL,No,Yes,No,Yes,No,Yes,Month-to-month,Yes,Mailed check,62.27,4224.58,No
CUST-106514,Female,1,No,No,31,Yes,No,No,No internet service,No internet service,No internet service,No internet service,No internet service,No internet service,Month-to-month,No,Electronic check,24.2,722.23,No
CUST-104294,Female,0,Yes,Yes,70,Yes,No,DSL,No,No,Yes,Yes,No,Yes,Month-to-month,No,Electronic check,66.2,4644.39,No
CUST-103842,Female,1,Yes,No,25,No,No phone service,DSL,No,Yes,Yes,Yes,No,Yes,Month-to-month,Yes,Electronic check,60.79,1503.71,No
CUST-106191,Male,0,No,No,34,Yes,No,Fiber optic,No,No,Yes,No,No,No,Month-to-month,Yes,Electronic check,76.89,2612.4,No
CUST-101768,Male,1,Yes,No,1,Yes,Yes,DSL,Yes,No,Yes,Yes,Yes,No,Month-to-month,No,Electronic check,77.13,78.75,No
CUST-102875,Female,0,No,Yes,33,Yes,Yes,Fiber optic,No,No,No,Yes,Yes,No,Month-to-month,Yes,Electronic check,82.86,2754.07,No
CUST-102240,Male,0,No,No,10,Yes,Yes,DSL,No,Yes,No,No,Yes,No,Month-to-month,Yes,Bank transfer (automatic),61.62,610.01,No
CUST-104500,Female,0,Yes,Yes,32,Yes,Yes,DSL,Yes,Yes,No,Yes,No,Yes,One year,No,Bank transfer (automatic),73.09,2365.07,No
CUST-106969,Female,0,Yes,No,64,Yes,No,DSL,No,Yes,No,No,Yes,Yes,Month-to-month,Yes,Mailed check,66.05,4187.14,Yes
CUST-106989,Male,0,No,No,35,Yes,Yes,DSL,Yes,No,No,No,No,No,Month-to-month,No,Electronic check,55.98,1950.14,No
CUST-100483,Female,0,Yes,No,72,Yes,No,Fiber optic,Yes,No,Yes,Yes,No,No,One year,Yes,Bank transfer (automatic),80.48,5813.14,No
CUST-105278,Male,1,No,No,55,Yes,Yes,Fiber optic,No,Yes,No,Yes,No,Yes,Month-to-month,Yes,Electronic check,87.48,4821.24,No
CUST-105435,Female,1,Yes,Yes,17,Yes,No,No,No internet service,No internet service,No internet service,No internet service,No internet service,No internet service,Two year,Yes,Credit card (automatic),25.36,431.48,No
CUST-101280,Female,0,Yes,No,64,Yes,Yes,Fiber optic,No,No,Yes,No,Yes,No,Month-to-month,No,Bank transfer (automatic),81.93,5220.62,No
CUST-105127,Female,1,No,Yes,6,Yes,No,No,No internet service,No internet service,No internet service,No internet service,No internet service,No internet service,Two year,Yes,Electronic check,24.51,140.65,No
CUST-103680,Female,0,No,No,36,Yes,No,Fiber optic,No,Yes,No,No,No,Yes,Month-to-month,Yes,Credit card (automatic),80.91,2904.94,No
CUST-100791,Male,0,Yes,Yes,2,Yes,Yes,DSL,Yes,Yes,Yes,No,No,No,One year,No,Electronic check,64.68,161.08,No
CUST-104895,Male,0,No,No,11,Yes,No,No,No internet service,No internet service,No internet service,No internet service,No internet service,No internet service,One year,No,Bank transfer (automatic),23.43,240.04,No
CUST-101201,Male,0,No,Yes,11,Yes,No,Fiber optic,Yes,No,Yes,No,No,No,Month-to-month,Yes,Credit card (automatic),76.06,852.9,No
CUST-104518,Female,0,Yes,No,34,Yes,No,No,No internet service,No internet service,No internet service,No internet service,No internet service,No internet service,Month-to-month,Yes,Mailed check,27.25,928.98,Yes
CUST-103912,Male,0,Yes,No,55,Yes,No,No,No internet service,No internet service,No internet service,No internet service,No internet service,No internet service,Two year,No,Credit card (automatic),26.1,1425.62,No
CUST-102362,Female,0,Yes,No,68,Yes,Yes,Fiber optic,Yes,Yes,No,No,No,No,One year,Yes,Mailed check,81.96,5560.02,No
CUST-106965,Female,1,No,No,69,Yes,Yes,Fiber optic,No,No,No,Yes,No,No,One year,No,Electronic check,73.85,5090.19,No
CUST-103069,Male,1,No,No,6,Yes,Yes,DSL,No,Yes,Yes,Yes,No,Yes,Two year,Yes,Electronic check,68.09,402.18,Yes
CUST-103429,Male,1,No,No,35,Yes,No,DSL,No,Yes,Yes,No,Yes,Yes,Month-to-month,Yes,Mailed check,76.14,2667.43,Yes
CUST-105979,Female,0,Yes,No,23,Yes,No,DSL,Yes,No,Yes,No,No,No,Two year,Yes,Credit card (automatic),51.89,1213.26,Yes
CUST-106936,Male,0,No,No,15,Yes,No,DSL,No,Yes,Yes,Yes,Yes,Yes,One year,Yes,Electronic check,75.91,1142.79,Yes
CUST-106768,Female,0,No,No,9,Yes,Yes,No,No internet service,No internet service,No internet service,No internet service,No internet service,No internet service,Month-to-month,No,Mailed check,25.33,228.67,No
CUST-105575,Female,0,No,No,28,Yes,No,Fiber optic,Yes,No,No,Yes,No,Yes,Two year,No,Bank transfer (automatic),79.78,2211.88,No
CUST-102591,Male,0,No,No,0,Yes,Yes,DSL,Yes,Yes,No,No,No,Yes,Month-to-month,No,Bank transfer (automatic),70.78,70.78,No
CUST-106024,Male,0,No,No,64,Yes,No,Fiber optic,Yes,No,No,Yes,Yes,Yes,One year,No,Bank transfer (automatic),93.99,6024.49,No
CUST-102710,Male,0,No,No,8,Yes,Yes,Fiber optic,No,Yes,Yes,Yes,Yes,No,Two year,No,Credit card (automatic),89.1,708.92,No
CUST-105716,Male,1,No,No,64,Yes,No,Fiber optic,No,Yes,Yes,No,Yes,Yes,Month-to-month,Yes,Mailed check,88.34,5617.83,No
CUST-101529,Female,0,No,Yes,13,Yes,No,Fiber optic,No,No,No,No,No,Yes,Month-to-month,No,Electronic check,71.82,948.72,Yes
CUST-104998,Female,0,Yes,No,48,Yes,No,DSL,No,Yes,Yes,Yes,Yes,Yes,Month-to-month,Yes,Bank transfer (automatic),75.05,3611.28,No
CUST-102809,Male,0,Yes,Yes,4,Yes,Yes,DSL,No,Yes,No,No,Yes,Yes,Month-to-month,Yes,Electronic check,67.82,240.08,No
CUST-100685,Female,0,Yes,Yes,46,Yes,Yes,DSL,No,Yes,No,Yes,Yes,No,Month-to-month,Yes,Bank transfer (automatic),66.64,3047.39,No
CUST-101551,Female,0,Yes,Yes,37,Yes,No,DSL,Yes,Yes,Yes,No,No,No,Two year,Yes,Bank transfer (automatic),60.57,2242.99,No
CUST-104255,Male,1,No,No,65,Yes,Yes,DSL,Yes,No,Yes,No,Yes,Yes,Month-to-month,No,Electronic check,76.28,4969.31,No
CUST-105095,Male,0,Yes,Yes,44,Yes,Yes,Fiber optic,Yes,No,Yes,No,No,Yes,Two year,Yes,Electronic check,91.07,3993.54,No
CUST-103871,Male,1,Yes,Yes,42,Yes,No,Fiber optic,No,No,No,No,Yes,Yes,Month-to-month,Yes,Mailed check,83.21,3492.36,Yes
CUST-105122,Female,0,Yes,Yes,27,Yes,Yes,No,No internet service,No internet service,No internet service,No internet service,No internet service,No internet service,One year,No,Electronic check,27.3,724.94,No
CUST-100560,Female,1,Yes,No,2,Yes,Yes,Fiber optic,No,No,Yes,Yes,No,Yes,Month-to-month,No,Electronic check,82.49,182.77,Yes
CUST-102250,Female,0,No,No,34,Yes,Yes,DSL,No,No,Yes,No,Yes,No,Month-to-month,Yes,Electronic check,61.51,2070.48,No
CUST-106540,Female,0,Yes,Yes,72,Yes,Yes,DSL,No,Yes,No,Yes,No,Yes,Month-to-month,Yes,Electronic check,59.43,4285.45,No
CUST-103500,Male,0,No,No,5,No,No phone service,Fiber optic,Yes,Yes,No,Yes,No,Yes,Month-to-month,Yes,Mailed check,85.86,425.49,Yes
CUST-102689,Female,0,No,No,11,Yes,No,Fiber optic,No,Yes,Yes,Yes,Yes,No,Two year,Yes,Credit card (automatic),90.21,978.85,No
CUST-104208,Male,0,No,No,57,Yes,Yes,DSL,Yes,Yes,No,Yes,Yes,Yes,Two year,Yes,Bank transfer (automatic),73.84,4214.71,No
CUST-106816,Female,0,No,No,43,Yes,No,No,No internet service,No internet service,No internet service,No internet service,No internet service,No internet service,Month-to-month,Yes,Bank transfer (automatic),25.04,1063.0,Yes
CUST-103379,Male,0,Yes,Yes,18,Yes,No,No,No internet service,No internet service,No internet service,No internet service,No internet service,No internet service,Month-to-month,No,Electronic check,31.8,551.24,Yes
CUST-103193,Male,0,Yes,No,25,No,No phone service,Fiber optic,No,No,Yes,No,Yes,Yes,Two year,Yes,Electronic check,84.79,2121.74,No
CUST-101446,Female,0,Yes,No,8,Yes,Yes,Fiber optic,No,No,No,No,No,No,Month-to-month,Yes,Bank transfer (automatic),74.2,589.05,Yes
CUST-101952,Male,0,No,No,41,No,No phone service,Fiber optic,Yes,No,Yes,Yes,Yes,Yes,Month-to-month,Yes,Electronic check,91.76,3745.96,No
CUST-100922,Male,0,No,No,35,Yes,No,DSL,No,Yes,No,Yes,No,Yes,One year,No,Bank transfer (automatic),60.48,2157.05,No
CUST-101624,Female,0,No,No,8,Yes,No,Fiber optic,Yes,No,Yes,No,Yes,Yes,Month-to-month,Yes,Credit card (automatic),91.27,714.4,Yes
CUST-100310,Female,0,Yes,No,21,Yes,No,Fiber optic,No,Yes,Yes,No,No,No,Month-to-month,Yes,Mailed check,77.68,1639.32,Yes
CUST-101319,Male,0,Yes,No,13,Yes,Yes,No,No internet service,No internet service,No internet service,No internet service,No internet service,No internet service,Month-to-month,Yes,Mailed check,29.37,364.1,Yes
CUST-103531,Male,0,No,No,36,Yes,Yes,Fiber optic,No,Yes,No,Yes,No,No,Month-to-month,Yes,Electronic check,78.77,2814.85,Yes
CUST-101663,Female,0,No,No,40,Yes,No,No,No internet service,No internet service,No internet service,No internet service,No internet service,No internet service,Two year,Yes,Mailed check,19.89,803.27,No
CUST-100815,Female,0,Yes,No,67,Yes,No,Fiber optic,No,Yes,No,Yes,Yes,Yes,Month-to-month,No,Mailed check,91.4,6131.76,No
CUST-106343,Female,0,No,No,57,Yes,Yes,No,No internet service,No internet service,No internet service,No internet service,No internet service,No internet service,Two year,No,Electronic check,30.61,1750.34,No
CUST-102266,Female,0,Yes,Yes,14,Yes,Yes,DSL,No,Yes,Yes,No,Yes,No,Month-to-month,Yes,Credit card (automatic),69.93,941.0,No
CUST-101473,Male,1,Yes,Yes,53,Yes,Yes,DSL,No,No,Yes,Yes,Yes,Yes,Two year,Yes,Bank transfer (automatic),73.2,3918.96,No
CUST-101773,Male,1,Yes,Yes,32,Yes,No,DSL,No,Yes,Yes,No,Yes,Yes,Month-to-month,No,Mailed check,69.99,2219.82,No
CUST-104775,Male,0,No,No,27,Yes,No,DSL,No,No,No,No,No,No,Month-to-month,Yes,Electronic check,46.43,1235.84,Yes
CUST-106459,Male,0,Yes,Yes,15,Yes,No,No,No internet service,No internet service,No internet service,No internet service,No internet service,No internet service,Month-to-month,Yes,Electronic check,20.03,272.15,No
CUST-101093,Male,0,No,No,5,Yes,No,Fiber optic,Yes,Yes,No,No,No,No,Two year,Yes,Mailed check,72.12,344.7,No
CUST-104176,Male,0,No,No,42,Yes,No,No,No internet service,No internet service,No internet service,No internet service,No internet service,No internet service,Month-to-month,Yes,Mailed check,26.07,1129.03,No
CUST-101950,Female,0,Yes,No,49,Yes,Yes,DSL,Yes,Yes,Yes,No,No,Yes,Month-to-month,No,Electronic check,71.37,3519.03,No
CUST-103884,Male,0,Yes,Yes,38,Yes,Yes,Fiber optic,Yes,Yes,No,Yes,No,No,Two year,No,Electronic check,82.08,3129.34,No
CUST-106319,Male,1,No,No,44,Yes,No,Fiber optic,No,Yes,Yes,No,Yes,No,Month-to-month,Yes,Bank transfer (automatic),82.66,3624.04,Yes
CUST-106539,Male,0,No,Yes,51,Yes,No,Fiber optic,Yes,No,Yes,No,No,No,Two year,Yes,Electronic check,74.58,3859.59,No
CUST-102800,Female,0,No,No,20,Yes,Yes,Fiber optic,No,Yes,Yes,No,No,Yes,Two year,Yes,Credit card (automatic),90.19,1812.49,Yes
CUST-101239,Male,0,No,Yes,55,Yes,No,No,No internet service,No internet service,No internet service,No internet service,No internet service,No internet service,Month-to-month,Yes,Bank transfer (automatic),22.95,1235.9,Yes
CUST-100329,Female,0,Yes,Yes,15,Yes,No,Fiber optic,No,No,No,No,Yes,Yes,Month-to-month,No,Electronic check,82.84,1217.21,Yes
CUST-103102,Male,0,Yes,Yes,25,Yes,Yes,DSL,Yes,No,Yes,No,Yes,Yes,Month-to-month,Yes,Bank transfer (automatic),70.52,1750.63,No
CUST-100242,Male,1,Yes,Yes,2,Yes,No,Fiber optic,Yes,No,Yes,No,No,Yes,Month-to-month,No,Electronic check,81.94,163.58,No
CUST-106553,Male,0,Yes,Yes,43,Yes,Yes,DSL,Yes,No,No,No,Yes,No,Two year,No,Credit card (automatic),65.42,2760.04,No
CUST-104737,Male,0,No,No,53,No,No phone service,DSL,Yes,Yes,Yes,No,No,No,Month-to-month,No,Mailed check,50.27,2652.09,No
CUST-104792,Female,0,No,No,37,Yes,No,DSL,No,No,Yes,No,Yes,Yes,Month-to-month,No,Credit card (automatic),63.23,2335.1,Yes
CUST-102257,Female,0,Yes,Yes,59,No,No phone service,DSL,Yes,No,No,No,No,No,Month-to-month,Yes,Credit card (automatic),47.8,2814.99,Yes
CUST-102818,Male,0,No,No,27,Yes,No,Fiber optic,Yes,No,No,Yes,No,No,Month-to-month,No,Bank transfer (automatic),77.65,2113.16,No
CUST-103824,Female,0,Yes,Yes,72,Yes,Yes,No,No internet service,No internet service,No internet service,No internet service,No internet service,No internet service,Month-to-month,No,Electronic check,28.95,2064.71,No
CUST-100753,Female,0,Yes,Yes,71,Yes,Yes,Fiber optic,No,Yes,Yes,Yes,No,No,Two year,No,Mailed check,84.82,6042.21,No
CUST-104531,Male,0,Yes,Yes,58,Yes,No,No,No internet service,No internet service,No internet service,No internet service,No internet service,No internet service,Month-to-month,Yes,Mailed check,26.68,1555.82,Yes
CUST-101563,Female,0,No,No,56,Yes,No,DSL,No,Yes,Yes,No,Yes,No,Month-to-month,No,Bank transfer (automatic),63.35,3553.33,No
CUST-101934,Male,0,No,No,63,Yes,No,No,No internet service,No internet service,No internet service,No internet service,No internet service,No internet service,Two year,Yes,Credit card (automatic),21.46,1377.88,No
CUST-106712,Female,0,No,No,0,Yes,Yes,Fiber optic,No,Yes,No,No,Yes,No,One year,Yes,Electronic check,87.95,87.95,Yes
CUST-103493,Female,0,Yes,No,39,Yes,No,Fiber optic,No,Yes,No,Yes,Yes,Yes,One year,No,Electronic check,84.05,3249.03,No
CUST-103022,Male,0,No,Yes,45,Yes,Yes,DSL,No,Yes,No,No,Yes,No,Month-to-month,Yes,Mailed check,62.07,2813.88,No
CUST-105808,Male,0,No,No,28,Yes,Yes,No,No internet service,No internet service,No internet service,No internet service,No internet service,No internet service,Two year,Yes,Bank transfer (automatic),32.39,913.39,Yes
CUST-104647,Male,0,No,Yes,38,Yes,No,Fiber optic,Yes,No,No,No,No,No,Two year,No,Credit card (automatic),69.01,2598.23,No
CUST-102648,Female,1,No,No,64,Yes,No,No,No internet service,No internet service,No internet service,No internet service,No internet service,No internet service,Month-to-month,Yes,Mailed check,25.73,1652.39,No
CUST-101856,Male,0,No,No,10,No,No phone service,DSL,No,No,No,Yes,Yes,No,One year,No,Credit card (automatic),52.91,518.33,No
CUST-104697,Male,0,Yes,Yes,10,Yes,Yes,No,No internet service,No internet service,No internet service,No internet service,No internet service,No internet service,Two year,No,Mailed check,28.07,284.88,No
CUST-103563,Female,0,Yes,No,24,Yes,No,DSL,Yes,Yes,Yes,No,Yes,No,One year,No,Mailed check,74.45,1781.35,No
CUST-101964,Female,0,No,No,9,Yes,No,Fiber optic,No,No,No,Yes,Yes,Yes,Month-to-month,No,Electronic check,80.55,760.23,Yes
CUST-101013,Male,0,Yes,Yes,72,Yes,No,Fiber optic,No,No,Yes,Yes,Yes,Yes,Month-to-month,No,Mailed check,94.78,6838.62,No
CUST-105834,Male,0,No,No,40,Yes,No,DSL,No,Yes,No,No,No,No,Month-to-month,Yes,Bank transfer (automatic),45.05,1796.3,No
CUST-101427,Female,0,No,No,5,No,No phone service,DSL,No,No,No,No,No,No,Month-to-month,No,Mailed check,39.45,203.81,No
CUST-106108,Female,1,Yes,No,69,Yes,Yes,Fiber optic,No,Yes,No,Yes,No,Yes,One year,Yes,Credit card (automatic),88.92,6110.77,No
CUST-103322,Female,0,Yes,No,19,Yes,No,Fiber optic,No,Yes,No,Yes,Yes,Yes,Month-to-month,Yes,Bank transfer (automatic),89.31,1698.62,No
CUST-105482,Male,0,No,No,53,Yes,Yes,Fiber optic,No,No,No,Yes,Yes,Yes,Month-to-month,No,Bank transfer (automatic),87.75,4649.65,Yes
CUST-101295,Female,0,No,No,19,Yes,No,No,No internet service,No internet service,No internet service,No internet service,No internet service,No internet service,Two year,No,Credit card (automatic),18.4,337.36,No
CUST-100466,Male,0,No,Yes,13,Yes,No,Fiber optic,Yes,No,No,No,No,Yes,One year,Yes,Electronic check,77.88,993.87,Yes
CUST-104028,Female,0,Yes,No,34,Yes,Yes,Fiber optic,Yes,Yes,Yes,No,Yes,No,Two year,No,Bank transfer (automatic),91.23,3070.51,No
CUST-105595,Male,0,Yes,No,69,Yes,Yes,No,No internet service,No internet service,No internet service,No internet service,No internet service,No internet service,One year,No,Credit card (automatic),30.5,2077.82,No
CUST-100174,Female,0,No,No,64,Yes,No,Fiber optic,Yes,Yes,No,No,No,No,Two year,No,Bank transfer (automatic),75.53,4839.64,No
CUST-104880,Male,0,Yes,Yes,38,Yes,No,No,No internet service,No internet service,No internet service,No internet service,No internet service,No internet service,One year,Yes,Electronic check,22.35,858.34,No
CUST-100277,Female,0,Yes,Yes,37,Yes,Yes,DSL,No,Yes,No,Yes,No,Yes,Month-to-month,Yes,Credit card (automatic),71.36,2667.98,No
CUST-101069,Male,0,No,No,44,Yes,Yes,DSL,No,Yes,Yes,Yes,No,No,Month-to-month,No,Electronic check,60.67,2641.1,No
CUST-101548,Male,0,No,No,28,Yes,No,Fiber optic,Yes,Yes,No,No,Yes,No,One year,No,Mailed check,79.61,2202.73,No
CUST-101024,Female,0,No,Yes,57,Yes,Yes,DSL,No,No,Yes,No,Yes,No,Month-to-month,Yes,Bank transfer (automatic),64.64,3698.99,No
CUST-105561,Male,1,Yes,No,66,Yes,No,No,No internet service,No internet service,No internet service,No internet service,No internet service,No internet service,Month-to-month,No,Bank transfer (automatic),24.48,1592.3,Yes
CUST-105036,Female,0,No,No,40,Yes,Yes,DSL,No,Yes,No,Yes,No,Yes,Month-to-month,No,Mailed check,64.69,2598.83,No
CUST-102834,Male,0,No,No,59,Yes,No,DSL,No,Yes,Yes,No,Yes,No,Month-to-month,Yes,Electronic check,64.64,3820.13,No
CUST-101466,Female,0,No,No,0,Yes,No,DSL,Yes,Yes,No,Yes,Yes,No,Month-to-month,No,Credit card (automatic),65.5,65.5,No
CUST-105419,Female,0,No,No,28,No,No phone service,DSL,Yes,No,No,Yes,No,No,Month-to-month,Yes,Bank transfer (automatic),47.76,1332.42,Yes
CUST-105495,Male,1,No,No,33,Yes,No,No,No internet service,No internet service,No internet service,No internet service,No internet service,No internet service,Month-to-month,Yes,Electronic check,21.4,683.31,No
CUST-106924,Male,0,No,No,44,Yes,No,DSL,No,No,No,No,No,No,Two year,No,Electronic check,43.98,1907.11,No
CUST-105545,Female,0,No,No,72,Yes,Yes,Fiber optic,No,No,No,No,Yes,Yes,Month-to-month,No,Credit card (automatic),86.92,6244.67,No
CUST-105002,Female,0,Yes,Yes,40,Yes,No,No,No internet service,No internet service,No internet service,No internet service,No internet service,No internet service,Month-to-month,Yes,Electronic check,24.47,959.95,No
CUST-101713,Female,1,No,No,14,Yes,Yes,No,No internet service,No internet service,No internet service,No internet service,No internet service,No internet service,Two year,No,Mailed check,26.36,339.47,No
CUST-103424,Female,0,No,No,53,Yes,Yes,DSL,Yes,No,Yes,No,No,Yes,Month-to-month,Yes,Credit card (automatic),68.43,3617.59,No
CUST-102611,Female,0,Yes,Yes,22,Yes,No,DSL,Yes,No,No,No,Yes,No,Month-to-month,No,Electronic check,58.3,1278.62,No
CUST-105991,Male,1,Yes,Yes,46,Yes,No,DSL,No,No,Yes,Yes,No,Yes,Month-to-month,Yes,Electronic check,63.74,2964.92,No
CUST-100388,Female,1,Yes,No,49,Yes,Yes,No,No internet service,No internet service,No internet service,No internet service,No internet service,No internet service,Month-to-month,Yes,Credit card (automatic),33.45,1631.27,No
CUST-102070,Male,0,No,No,60,Yes,No,Fiber optic,No,No,Yes,Yes,Yes,No,One year,No,Electronic check,84.37,5049.87,Yes
CUST-103970,Male,0,Yes,Yes,47,Yes,No,No,No internet service,No internet service,No internet service,No internet service,No internet service,No internet service,One year,Yes,Mailed check,23.17,1089.08,No
CUST-103495,Female,0,Yes,No,67,Yes,No,DSL,No,Yes,Yes,No,No,Yes,Month-to-month,Yes,Credit card (automatic),63.22,4215.18,Yes
CUST-102821,Female,0,Yes,No,43,Yes,Yes,No,No internet service,No internet service,No internet service,No internet service,No internet service,No internet service,Month-to-month,Yes,Electronic check,21.95,943.79,Yes
CUST-104976,Female,0,Yes,No,57,Yes,Yes,Fiber optic,No,Yes,No,No,Yes,No,Month-to-month,No,Credit card (automatic),85.41,4876.18,No
CUST-101424,Male,0,Yes,Yes,9,Yes,No,No,No internet service,No internet service,No internet service,No internet service,No internet service,No internet service,Month-to-month,No,Mailed check,20.58,231.54,Yes
CUST-103542,Male,0,No,No,43,No,No phone service,DSL,Yes,No,Yes,No,No,No,One year,Yes,Electronic check,47.63,2064.11,No
CUST-106879,Female,0,No,No,39,Yes,No,No,No internet service,No internet service,No internet service,No internet service,No internet service,No internet service,Two year,Yes,Mailed check,18.36,681.92,No
CUST-103574,Female,0,Yes,Yes,29,Yes,No,DSL,Yes,No,No,No,Yes,Yes,Two year,Yes,Credit card (automatic),67.67,1950.61,No
CUST-100050,Female,1,No,Yes,25,Yes,No,No,No internet service,No internet service,No internet service,No internet service,No internet service,No internet service,Month-to-month,No,Credit card (automatic),19.2,494.24,No
CUST-101887,Male,0,No,No,15,Yes,Yes,Fiber optic,No,Yes,Yes,Yes,No,Yes,Month-to-month,Yes,Electronic check,94.66,1428.57,Yes
CUST-105798,Female,0,Yes,Yes,44,Yes,No,Fiber optic,No,No,Yes,Yes,No,No,One year,Yes,Electronic check,72.84,3206.05,No
CUST-103695,Female,1,No,No,39,Yes,No,DSL,No,No,Yes,No,No,No,Month-to-month,No,Mailed check,51.11,2035.1,No
CUST-104229,Male,0,No,No,47,Yes,Yes,No,No internet service,No internet service,No internet service,No internet service,No internet service,No internet service,Month-to-month,No,Mailed check,25.37,1179.55,No
CUST-105201,Male,0,No,No,16,Yes,Yes,Fiber optic,Yes,No,Yes,No,Yes,Yes,Month-to-month,No,Bank transfer (automatic),99.05,1557.05,Yes
CUST-104799,Female,0,No,No,69,Yes,Yes,Fiber optic,No,No,Yes,No,No,No,Month-to-month,No,Bank transfer (automatic),70.35,4843.68,No
CUST-100482,Male,0,Yes,No,58,Yes,No,Fiber optic,No,Yes,No,No,Yes,No,Month-to-month,Yes,Credit card (automatic),71.31,4150.99,No
CUST-103393,Male,0,Yes,No,38,No,No phone service,Fiber optic,Yes,No,No,No,No,Yes,Month-to-month,No,Bank transfer (automatic),71.72,2763.71,No
CUST-105241,Female,0,No,No,35,Yes,Yes,Fiber optic,No,No,No,No,Yes,No,One year,Yes,Bank transfer (automatic),79.12,2740.12,No
CUST-106134,Female,0,No,No,33,Yes,No,Fiber optic,No,No,Yes,Yes,No,No,Two year,Yes,Credit card (automatic),75.86,2528.07,Yes
CUST-102251,Female,0,Yes,No,12,Yes,Yes,Fiber optic,No,No,Yes,Yes,No,No,Month-to-month,Yes,Bank transfer (automatic),82.76,1012.89,No
CUST-104162,Female,0,No,No,71,Yes,Yes,DSL,No,No,No,Yes,Yes,Yes,Two year,Yes,Credit card (automatic),70.56,4984.17,No
CUST-102313,Male,0,Yes,Yes,60,Yes,No,DSL,No,Yes,No,No,Yes,Yes,One year,No,Mailed check,68.87,4153.06,No
CUST-102849,Male,0,No,No,66,Yes,Yes,Fiber optic,No,No,No,Yes,No,No,One year,Yes,Mailed check,70.49,4666.93,No
CUST-106559,Male,1,Yes,No,0,Yes,No,DSL,No,No,Yes,No,No,Yes,Two year,Yes,Mailed check,61.38,61.38,No
CUST-103103,Male,0,Yes,No,39,Yes,Yes,Fiber optic,Yes,Yes,No,No,No,No,One year,Yes,Bank transfer (automatic),80.56,3170.6,No
CUST-105003,Female,0,No,No,58,Yes,No,No,No internet service,No internet service,No internet service,No internet service,No internet service,No internet service,Month-to-month,No,Electronic check,21.29,1220.28,No
CUST-104127,Male,1,No,No,37,Yes,No,No,No internet service,No internet service,No internet service,No internet service,No internet service,No internet service,Month-to-month,No,Mailed check,20.04,756.79,No
CUST-103867,Female,0,No,No,26,Yes,No,DSL,Yes,Yes,No,No,Yes,Yes,Month-to-month,Yes,Electronic check,72.32,1882.84,Yes
CUST-102465,Male,0,No,No,34,Yes,No,Fiber optic,Yes,No,Yes,Yes,Yes,Yes,Month-to-month,Yes,Mailed check,94.15,3171.38,No
CUST-102929,Female,0,No,No,11,Yes,No,Fiber optic,No,No,Yes,Yes,No,Yes,Two year,Yes,Credit card (automatic),76.58,831.02,No
CUST-106801,Male,0,Yes,Yes,33,Yes,No,Fiber optic,No,No,Yes,Yes,No,No,Two year,Yes,Electronic check,80.85,2677.51,No
CUST-104106,Male,0,Yes,No,57,Yes,Yes,DSL,Yes,Yes,No,No,Yes,No,Month-to-month,No,Bank transfer (automatic),61.27,3450.92,No
CUST-100064,Male,1,No,No,48,Yes,Yes,Fiber optic,No,No,Yes,No,Yes,Yes,One year,Yes,Credit card (automatic),92.74,4479.64,No
CUST-106632,Male,0,No,No,59,Yes,No,DSL,No,Yes,Yes,Yes,No,No,One year,No,Mailed check,59.38,3521.39,No
CUST-100776,Male,0,Yes,Yes,17,Yes,No,No,No internet service,No internet service,No internet service,No internet service,No internet service,No internet service,Two year,Yes,Credit card (automatic),24.73,440.87,No
CUST-104173,Male,0,Yes,Yes,65,Yes,Yes,DSL,Yes,No,No,No,No,Yes,Month-to-month,Yes,Mailed check,66.84,4339.28,No
CUST-104587,Male,0,No,Yes,8,Yes,No,Fiber optic,Yes,No,Yes,Yes,Yes,No,One year,Yes,Electronic check,82.45,658.03,No
CUST-102734,Male,0,No,No,71,Yes,Yes,Fiber optic,Yes,Yes,No,Yes,No,No,Month-to-month,No,Credit card (automatic),84.61,6039.78,No
CUST-102580,Male,0,Yes,No,71,Yes,No,DSL,No,Yes,Yes,Yes,Yes,Yes,Month-to-month,No,Electronic check,75.05,5339.17,No
CUST-106209,Female,0,No,No,10,Yes,Yes,No,No internet service,No internet service,No internet service,No internet service,No internet service,No internet service,Month-to-month,Yes,Electronic check,26.27,253.63,No
CUST-104616,Male,0,Yes,Yes,22,Yes,No,Fiber optic,No,Yes,No,No,No,No,Two year,Yes,Bank transfer (automatic),70.16,1548.55,No
CUST-103483,Male,0,No,No,38,Yes,No,Fiber optic,Yes,No,No,Yes,No,Yes,Month-to-month,Yes,Electronic check,81.86,3116.32,No
CUST-106842,Male,0,Yes,No,36,No,No phone service,DSL,No,No,Yes,No,No,Yes,Month-to-month,No,Credit card (automatic),56.93,2040.31,No
CUST-102344,Female,0,Yes,No,12,Yes,No,Fiber optic,Yes,Yes,No,No,No,No,Month-to-month,Yes,Credit card (automatic),78.21,974.28,Yes
CUST-104687,male ,0,No,Yes,41,Yes,No,DSL,No,Yes,Yes,Yes,No,Yes,Month-to-month,No,Mailed check,65.91,2713.59,No
CUST-102815,Male,0,Yes,Yes,44,Yes,No,DSL,No,No,Yes,No,Yes,No,Month-to-month,No,Mailed check,58.15,2568.28,No
CUST-106581,Male,0,Yes,No,21,Yes,No,DSL,No,No,No,No,No,No,Two year,No,Bank transfer (automatic),43.93,910.41,No
CUST-105381,Female,1,Yes,No,39,Yes,No,No,No internet service,No internet service,No internet service,No internet service,No internet service,No internet service,One year,Yes,Mailed check,30.26,1200.0,No
CUST-105939,Male,0,Yes,No,36,Yes,No,No,No internet service,No internet service,No internet service,No internet service,No internet service,No internet service,One year,Yes,Credit card (automatic),19.36,709.46,No
CUST-104026,Male,0,No,Yes,72,Yes,Yes,Fiber optic,No,No,No,Yes,Yes,No,Month-to-month,Yes,Credit card (automatic),82.35,5909.0,No
CUST-100724,Female,0,Yes,Yes,16,Yes,Yes,DSL,Yes,Yes,No,Yes,No,No,Month-to-month,Yes,Credit card (automatic),64.27,1027.46,No
CUST-106419,Male,1,Yes,Yes,64,Yes,No,DSL,Yes,No,No,Yes,No,Yes,Month-to-month,Yes,Credit card (automatic),62.03,3982.9,No
CUST-106395,Male,0,No,No,55,Yes,Yes,Fiber optic,Yes,Yes,Yes,No,No,No,Two year,No,Mailed check,85.07,4641.09,No
CUST-106958,Male,0,No,Yes,48,Yes,No,DSL,Yes,Yes,Yes,Yes,Yes,No,Two year,Yes,Bank transfer (automatic),73.28,3556.22,No
CUST-105308,Male,1,Yes,Yes,60,Yes,No,DSL,No,No,Yes,No,No,No,Month-to-month,Yes,Credit card (automatic),50.39,3018.17,No
CUST-106960,Male,1,No,No,3,No,No phone service,DSL,No,No,No,No,No,No,One year,No,Credit card (automatic),40.95,103.89,No
CUST-105733,Male,1,Yes,Yes,59,Yes,Yes,DSL,No,No,No,Yes,Yes,Yes,Two year,No,Electronic check,71.67,4251.32,No
CUST-106831,Male,1,Yes,No,29,Yes,No,No,No internet service,No internet service,No internet service,No internet service,No internet service,No internet service,Month-to-month,Yes,Bank transfer (automatic),22.99,658.08,No
CUST-101735,Female,0,No,No,0,Yes,No,Fiber optic,No,Yes,Yes,Yes,No,Yes,One year,No,Credit card (automatic),85.26,85.26,No
CUST-103124,Male,0,Yes,Yes,38,Yes,Yes,DSL,No,Yes,No,Yes,No,No,Month-to-month,Yes,Electronic check,58.34,2200.15,No
CUST-104940,Female,0,Yes,Yes,17,Yes,Yes,No,No internet service,No internet service,No internet service,No internet service,No internet service,No internet service,Month-to-month,No,Mailed check,27.63,533.37,No
CUST-105078,Female,0,No,Yes,3,Yes,No,DSL,No,No,Yes,No,Yes,No,Month-to-month,Yes,Electronic check,56.78,151.02,No
CUST-104802,Male,0,No,No,42,Yes,Yes,DSL,Yes,Yes,No,Yes,No,No,Month-to-month,Yes,Mailed check,67.14,2775.5,Yes
CUST-105783,Female,0,Yes,No,1,Yes,No,No,No internet service,No internet service,No internet service,No internet service,No internet service,No internet service,Two year,Yes,Bank transfer (automatic),22.48,6.95,No
CUST-105962,Female,0,Yes,Yes,19,Yes,Yes,Fiber optic,No,No,Yes,No,No,No,One year,Yes,Bank transfer (automatic),73.78,1414.3,Yes
CUST-100273,Female,0,No,Yes,15,Yes,No,No,No internet service,No internet service,No internet service,No internet service,No internet service,No internet service,Month-to-month,Yes,Electronic check,27.07,405.98,No
CUST-105805,Male,0,No,Yes,12,Yes,No,No,No internet service,No internet service,No internet service,No internet service,No internet service,No internet service,Month-to-month,Yes,Credit card (automatic),30.66,357.44,No
CUST-102944,Female,0,Yes,Yes,34,Yes,Yes,No,No internet service,No internet service,No internet service,No internet service,No internet service,No internet service,Two year,Yes,Bank transfer (automatic),26.07,885.68,No
CUST-106773,Female,0,No,No,6,No,No phone service,DSL,No,No,Yes,No,Yes,Yes,Two year,Yes,Electronic check,66.18, ,No
CUST-105059,Female,1,No,No,29,Yes,Yes,DSL,Yes,No,No,No,Yes,No,Month-to-month,No,Electronic check,68.82,2004.32,Yes
CUST-106388,Male,0,Yes,No,5,Yes,No,No,No internet service,No internet service,No internet service,No internet service,No internet service,No internet service,Month-to-month,Yes,Electronic check,21.65,115.24,No
CUST-106822,Female,0,No,No,2,Yes,Yes,Fiber optic,No,No,No,No,No,No,Month-to-month,No,Electronic check,71.59,140.48,No
CUST-106956,Male,0,No,No,53,Yes,No,DSL,No,No,Yes,No,No,Yes,Month-to-month,Yes,Mailed check,60.04,3199.66,Yes
CUST-105578,Male,0,Yes,Yes,65,Yes,Yes,Fiber optic,Yes,Yes,No,Yes,Yes,Yes,One year,Yes,Electronic check,104.11,6748.65,No
CUST-105496,Female,0,No,No,21,Yes,Yes,Fiber optic,Yes,Yes,Yes,No,Yes,No,One year,Yes,Credit card (automatic),94.9,1989.4,No
CUST-101452,Male,0,Yes,No,4,Yes,No,No,No internet service,No internet service,No internet service,No internet service,No internet service,No internet service,Month-to-month,Yes,Credit card (automatic),24.8,110.75,No
CUST-102715,Male,0,Yes,Yes,63,Yes,No,No,No internet service,No internet service,No internet service,No internet service,No internet service,No internet service,Month-to-month,No,Electronic check,26.85,1663.71,No
CUST-104245,Male,0,No,Yes,51,Yes,No,Fiber optic,No,No,No,No,No,No,Month-to-month,No,Electronic check,70.75,3609.73,No
CUST-102692,Female,0,Yes,No,53,Yes,No,No,No internet service,No internet service,No internet service,No internet service,No internet service,No internet service,Month-to-month,Yes,Electronic check,24.07,1261.84,No
CUST-102767,Female,0,Yes,No,29,Yes,Yes,DSL,No,No,No,No,No,Yes,One year,Yes,Credit card (automatic),57.72,1653.84,No
CUST-105853,Female,0,No,No,19,Yes,No,Fiber optic,Yes,Yes,No,No,No,No,Two year,Yes,Electronic check,77.85,1487.33,No
CUST-100218,Male,1,Yes,Yes,62,Yes,Yes,Fiber optic,No,No,Yes,Yes,Yes,Yes,Month-to-month,Yes,Electronic check,94.48,5855.47,No
CUST-100239,Female,0,Yes,Yes,52,Yes,No,Fiber optic,Yes,Yes,No,Yes,No,No,One year,Yes,Electronic check,76.33,4004.93,No
CUST-101131,Female,0,No,No,2,Yes,Yes,Fiber optic,No,No,Yes,No,Yes,No,One year,Yes,Bank transfer (automatic),83.05,143.94,Yes
CUST-106643,Male,0,Yes,Yes,55,Yes,No,Fiber optic,No,No,Yes,No,No,No,Month-to-month,Yes,Electronic check,67.42,3706.23,No
CUST-103264,Female,0,No,No,42,Yes,Yes,No,No internet service,No internet service,No internet service,No internet service,No internet service,No internet service,One year,No,Credit card (automatic),27.11,1140.89,No
CUST-102239,Female,0,No,Yes,43,Yes,No,No,No internet service,No internet service,No internet service,No internet service,No internet service,No internet service,Month-to-month,No,Credit card (automatic),26.76,1135.55,No
CUST-105349,Female,1,No,No,62,Yes,No,Fiber optic,Yes,No,Yes,No,No,Yes,Two year,Yes,Bank transfer (automatic),81.67,5012.73,No
CUST-105149,Female,0,Yes,Yes,66,Yes,No,No,No internet service,No internet service,No internet service,No internet service,No internet service,No internet service,Month-to-month,No,Credit card (automatic),24.09,1599.93,No
CUST-105764,Male,0,No,No,69,Yes,No,Fiber optic,No,No,No,No,No,No,One year,Yes,Electronic check,65.17,4511.06,No
CUST-101383,Female,0,No,No,66,Yes,Yes,DSL,Yes,No,No,No,Yes,No,Month-to-month,Yes,Credit card (automatic),58.99,3879.11,No
CUST-103074,Female,0,No,No,14,Yes,No,Fiber optic,No,No,No,No,Yes,No,One year,Yes,Mailed check,71.75,1025.63,Yes
CUST-104860,Male,0,No,No,51,No,No phone service,No,No internet service,No internet service,No internet service,No internet service,No internet service,No internet service,Month-to-month,Yes,Mailed check,19.76,1031.44,No
CUST-101357,Male,0,No,Yes,14,Yes,No,DSL,No,No,Yes,No,No,Yes,Month-to-month,No,Electronic check,60.85,848.47,No
CUST-104871,Female,0,Yes,Yes,5,Yes,No,DSL,No,No,No,No,Yes,Yes,Month-to-month,No,Electronic check,57.79,292.7,No
CUST-102630,Female,0,No,No,14,Yes,Yes,DSL,Yes,Yes,No,No,No,Yes,Two year,No,Electronic check,65.94,967.13,Yes
CUST-102832,Male,0,Yes,Yes,66,Yes,No,DSL,No,Yes,Yes,No,No,Yes,Month-to-month,No,Bank transfer (automatic),63.63,4205.27,No
CUST-100624,Female,1,No,No,42,Yes,Yes,Fiber optic,No,No,No,Yes,Yes,No,Month-to-month,Yes,Mailed check,77.77,3267.92,No
CUST-100839,Female,0,Yes,Yes,60,Yes,Yes,Fiber optic,No,No,No,No,Yes,Yes,Month-to-month,Yes,Electronic check,82.06,4910.62,No
CUST-104723,Male,1,No,No,33,Yes,No,DSL,Yes,No,Yes,No,No,No,One year,No,Electronic check,53.95,1823.98,No
CUST-100323,Female,0,Yes,No,64,Yes,No,Fiber optic,Yes,Yes,No,Yes,Yes,Yes,Month-to-month,Yes,Credit card (automatic),95.52,6117.03,No
CUST-106984,Female,0,No,No,49,Yes,No,Fiber optic,No,Yes,Yes,No,No,No,Month-to-month,No,Electronic check,75.15,3696.6,No
CUST-106926,Male,0,No,No,37,Yes,Yes,No,No internet service,No internet service,No internet service,No internet service,No internet service,No internet service,One year,Yes,Electronic check,28.97,1083.73,No
CUST-101867,Female,0,Yes,No,31,Yes,Yes,DSL,Yes,No,No,No,No,No,Month-to-month,Yes,Electronic check,52.57,1615.9,Yes
CUST-105256,Male,0,Yes,Yes,54,Yes,Yes,Fiber optic,Yes,No,No,Yes,No,Yes,One year,Yes,Bank transfer (automatic),80.15,4288.49,No
CUST-102826,Male,1,No,No,14,Yes,No,DSL,No,No,No,No,No,No,Month-to-month,Yes,Electronic check,44.59,612.23,Yes
CUST-105172,Female,1,No,No,34,Yes,No,No,No internet service,No internet service,No internet service,No internet service,No internet service,No internet service,Month-to-month,Yes,Bank transfer (automatic),21.78,721.27,No
CUST-106382,Female,0,No,No,40,Yes,Yes,DSL,No,No,Yes,No,Yes,No,Two year,No,Bank transfer (automatic),61.75,2486.27,No
CUST-100437,Female,0,No,No,48,Yes,No,No,No internet service,No internet service,No internet service,No internet service,No internet service,No internet service,Month-to-month,No,Credit card (automatic),28.49,1350.01,No
CUST-100119,Male,1,No,No,8,No,No phone service,Fiber optic,Yes,No,No,No,Yes,No,Month-to-month,No,Credit card (automatic),73.8,580.76,Yes
CUST-106567,Male,1,Yes,Yes,64,No,No phone service,DSL,No,Yes,Yes,Yes,No,Yes,Month-to-month,No,Credit card (automatic),64.67,4162.57,No
CUST-106337,Male,0,Yes,No,8,Yes,No,DSL,No,No,No,No,Yes,Yes,Month-to-month,Yes,Bank transfer (automatic),62.8,491.12,Yes
CUST-106575,Male,0,No,No,39,Yes,Yes,Fiber optic,No,No,No,Yes,Yes,Yes,Month-to-month,No,Credit card (automatic),90.84,3578.56,No
CUST-105910,Male,0,Yes,No,0,Yes,No,DSL,No,Yes,No,Yes,Yes,Yes,Month-to-month,Yes,Mailed check,71.43,71.43,Yes
CUST-101839,Female,0,No,No,66,Yes,No,No,No internet service,No internet service,No internet service,No internet service,No internet service,No internet service,Month-to-month,Yes,Bank transfer (automatic),19.47,1310.8,No
CUST-101026,Male,0,Yes,Yes,6,Yes,No,DSL,No,No,Yes,Yes,No,No,Month-to-month,Yes,Electronic check,55.02,335.61,No
CUST-103301,Male,0,No,No,29,Yes,No,Fiber optic,No,No,No,No,Yes,Yes,Month-to-month,Yes,Electronic check,84.67,2508.1,No
CUST-104172,Female,1,No,No,26,Yes,Yes,DSL,No,No,Yes,Yes,No,No,Month-to-month,Yes,Electronic check,62.76,1623.4,Yes
CUST-103101,Male,0,Yes,No,13,No,No phone service,DSL,Yes,No,No,No,Yes,Yes,Month-to-month,Yes,Credit card (automatic),64.85,838.39,No
CUST-100900,Male,0,No,No,68,Yes,No,Fiber optic,No,No,Yes,No,Yes,No,Month-to-month,No,Bank transfer (automatic),81.64,5587.5,No
CUST-104467,Female,1,Yes,Yes,29,Yes,Yes,No,No internet service,No internet service,No internet service,No internet service,No internet service,No internet service,Month-to-month,No,Mailed check,29.2,880.98,No
CUST-101204,Female,0,Yes,Yes,58,Yes,No,Fiber optic,No,Yes,Yes,No,No,No,Two year,No,Mailed check,74.72,4313.48,No
CUST-106445,Female,0,No,Yes,23,Yes,No,Fiber optic,No,Yes,No,No,Yes,Yes,One year,Yes,Mailed check,80.5,1837.19,No
CUST-106981,Female,0,Yes,Yes,47,Yes,No,No,No internet service,No internet service,No internet service,No internet service,No internet service,No internet service,Two year,Yes,Mailed check,20.06,936.05,No
CUST-105037,Female,1,Yes,Yes,45,No,No phone service,Fiber optic,Yes,No,Yes,No,No,No,Month-to-month,No,Electronic check,71.66,3244.9,Yes
CUST-104050,Male,1,Yes,Yes,5,Yes,Yes,Fiber optic,No,Yes,Yes,No,No,Yes,One year,Yes,Mailed check,89.71,418.04,Yes
CUST-100552,Female,0,No,No,11,Yes,Yes,No,No internet service,No internet service,No internet service,No internet service,No internet service,No internet service,Two year,No,Mailed check,26.88,323.08,Yes
CUST-100406,Male,0,No,No,2,Yes,No,Fiber optic,No,Yes,Yes,No,Yes,Yes,One year,No,Credit card (automatic),88.43,184.63,No
CUST-106213,Male,0,No,No,26,Yes,Yes,Fiber optic,No,Yes,Yes,No,No,Yes,Month-to-month,Yes,Bank transfer (automatic),85.17,2227.02,No
CUST-106358,Male,0,Yes,No,2,Yes,No,No,No internet service,No internet service,No internet service,No internet service,No internet service,No internet service,Two year,Yes,Mailed check,19.98,64.19,No
CUST-101613,Female,1,Yes,Yes,63,Yes,Yes,DSL,No,No,Yes,Yes,Yes,No,Month-to-month,No,Electronic check,69.92,4382.92,No
CUST-102934,Female,0,No,No,72,Yes,No,Fiber optic,No,No,No,No,No,Yes,Month-to-month,No,Mailed check,73.02,5235.65,Yes
CUST-105064,Female,0,No,Yes,60,Yes,No,Fiber optic,No,Yes,No,No,No,No,One year,Yes,Electronic check,73.08,4391.9,No
CUST-103298,Female,0,Yes,Yes,51,Yes,Yes,DSL,No,No,No,Yes,No,Yes,One year,Yes,Electronic check,57.88,2920.11,No
CUST-102833,Female,0,Yes,Yes,63,Yes,Yes,No,No internet service,No internet service,No internet service,No internet service,No internet service,No internet service,Month-to-month,Yes,Mailed check,26.24,1665.98,No
CUST-102349,Female,0,No,No,11,Yes,Yes,Fiber optic,No,Yes,Yes,No,No,No,Month-to-month,No,Credit card (automatic),83.76,922.05,Yes
CUST-105842,Female,0,Yes,No,60,Yes,No,Fiber optic,No,No,No,Yes,Yes,No,Month-to-month,Yes,Bank transfer (automatic),80.23,4805.67,No
CUST-104785,Male,0,Yes,Yes,55,Yes,No,Fiber optic,No,No,No,No,No,Yes,One year,Yes,Electronic check,76.18,4190.73,No
CUST-103109,Male,0,Yes,No,52,Yes,No,DSL,No,No,Yes,Yes,Yes,No,Month-to-month,Yes,Credit card (automatic),63.18,3301.85,Yes
CUST-101738,Male,0,No,No,55,No,No phone service,DSL,Yes,Yes,Yes,No,Yes,No,Two year,No,Credit card (automatic),64.42,3513.96,No
CUST-100236,Female,0,Yes,Yes,4,No,No phone service,Fiber optic,No,No,No,No,No,Yes,Month-to-month,No,Electronic check,70.79,291.62,Yes
CUST-106843,Male,1,No,No,53,Yes,No,Fiber optic,Yes,Yes,Yes,No,No,No,One year,No,Electronic check,81.62,4351.04,No
CUST-106082,Male,0,Yes,Yes,58,Yes,Yes,No,No internet service,No internet service,No internet service,No internet service,No internet service,No internet service,Month-to-month,No,Electronic check,31.23,1814.88,No
CUST-106079,Female,0,Yes,Yes,3,Yes,Yes,DSL,No,Yes,No,No,No,Yes,One year,No,Credit card (automatic),63.43,201.39,No
CUST-103163,Male,1,Yes,Yes,10,Yes,Yes,Fiber optic,No,No,No,Yes,No,No,Two year,No,Bank transfer (automatic),76.65,779.94,No
CUST-100499,Male,0,No,No,31,Yes,Yes,Fiber optic,Yes,No,No,No,No,Yes,Month-to-month,Yes,Bank transfer (automatic),86.95,2683.67,No
CUST-104918,Female,0,Yes,Yes,34,Yes,No,Fiber optic,No,Yes,No,Yes,No,Yes,One year,No,Electronic check,79.16,2685.5,No
CUST-103625,Female,1,No,No,60,No,No phone service,DSL,Yes,No,No,Yes,Yes,Yes,Month-to-month,Yes,Mailed check,73.5,4443.91,Yes
CUST-103127,Female,0,Yes,No,41,Yes,No,No,No internet service,No internet service,No internet service,No internet service,No internet service,No internet service,Month-to-month,No,Electronic check,22.05,907.57,No
CUST-100794,Male,0,No,No,0,Yes,Yes,Fiber optic,No,Yes,Yes,No,No,No,One year,Yes,Credit card (automatic),79.4,79.4,No
CUST-103358,Male,0,No,Yes,50,Yes,No,DSL,No,Yes,No,No,Yes,No,Month-to-month,No,Credit card (automatic),53.51,2674.88,Yes
CUST-103291,Male,0,No,No,36,Yes,No,DSL,Yes,No,No,Yes,No,Yes,One year,Yes,Mailed check,64.05,2297.37,No
CUST-103972,Male,0,Yes,No,11,Yes,Yes,Fiber optic,No,No,No,No,Yes,No,One year,Yes,Electronic check,82.6,933.82,No
CUST-100990,Male,0,Yes,Yes,72,Yes,Yes,DSL,No,Yes,Yes,No,No,Yes,Month-to-month,Yes,Mailed check,67.25,4861.51,No
CUST-104663,Male,0,Yes,No,24,Yes,No,Fiber optic,No,Yes,Yes,No,No,No,Month-to-month,Yes,Electronic check,73.13,1776.76,Yes
CUST-102435,Female,0,Yes,No,64,Yes,No,DSL,No,No,Yes,No,Yes,Yes,Month-to-month,No,Credit card (automatic),64.95,4127.18,No
CUST-103376,Female,0,Yes,No,55,Yes,Yes,Fiber optic,Yes,No,No,No,Yes,No,Two year,No,Electronic check,82.71,4558.13,No
CUST-100390,Female,0,Yes,Yes,41,Yes,No,No,No internet service,No internet service,No internet service,No internet service,No internet service,No internet service,Month-to-month,Yes,Electronic check,27.42,1109.72,No
CUST-104839,Female,0,No,No,38,Yes,Yes,Fiber optic,Yes,No,Yes,Yes,No,No,Month-to-month,No,Bank transfer (automatic),83.51,3169.27,Yes
CUST-102400,Male,0,Yes,Yes,41,Yes,No,Fiber optic,No,Yes,Yes,Yes,No,Yes,Month-to-month,No,Credit card (automatic),90.3,3686.04,Yes
CUST-101217,Female,0,No,No,45,Yes,Yes,DSL,No,No,Yes,No,Yes,Yes,Month-to-month,Yes,Bank transfer (automatic),72.57,3275.66,Yes
CUST-100235,Female,1,Yes,No,42,Yes,Yes,Fiber optic,Yes,Yes,No,No,No,No,Month-to-month,Yes,Electronic check,75.07,3133.81,Yes
CUST-100331,Male,0,Yes,Yes,24,Yes,No,DSL,Yes,No,No,No,Yes,No,Two year,No,Mailed check,58.21,1386.39,No
CUST-104576,Male,0,No,Yes,21,Yes,No,DSL,Yes,No,No,No,Yes,No,Month-to-month,Yes,Credit card (automatic),55.06,1132.52,No
CUST-106138,Male,0,Yes,No,46,Yes,Yes,DSL,Yes,Yes,Yes,Yes,No,Yes,One year,No,Bank transfer (automatic),80.42,3695.8,No
CUST-103188,Male,0,Yes,No,30,Yes,Yes,Fiber optic,Yes,Yes,Yes,Yes,Yes,Yes,Month-to-month,Yes,Bank transfer (automatic),103.61,3105.03,Yes
CUST-105773,Male,0,No,No,3,Yes,Yes,Fiber optic,No,No,Yes,No,No,No,Month-to-month,Yes,Electronic check,77.54,215.15,No
CUST-100044,Male,0,Yes,No,46,Yes,No,DSL,No,Yes,Yes,No,Yes,Yes,Month-to-month,No,Mailed check,66.91,3099.56,No
CUST-106244,Female,0,Yes,Yes,9,Yes,No,DSL,No,Yes,No,No,Yes,No,Month-to-month,Yes,Mailed check,54.27,495.27,No
CUST-105564,Male,0,Yes,Yes,32,Yes,Yes,Fiber optic,No,No,Yes,No,Yes,No,Month-to-month,No,Credit card (automatic),79.35,2520.11,No
CUST-106693,Female,0,Yes,No,64,Yes,Yes,Fiber optic,No,No,Yes,Yes,Yes,No,One year,Yes,Bank transfer (automatic),87.46,5616.37,Yes
CUST-104216,Male,0,No,No,4,Yes,Yes,Fiber optic,No,No,Yes,Yes,No,Yes,Two year,Yes,Credit card (automatic),86.82,362.75,No
CUST-103436,Male,1,No,No,14,Yes,No,Fiber optic,Yes,No,Yes,No,Yes,Yes,Month-to-month,No,Credit card (automatic),86.56,1179.94,Yes
CUST-103072,Male,0,No,No,63,Yes,No,Fiber optic,Yes,Yes,No,Yes,No,No,Month-to-month,Yes,Bank transfer (automatic),77.13,4853.14,No
CUST-103134,Female,0,No,No,61,Yes,No,Fiber optic,No,Yes,Yes,No,No,Yes,Month-to-month,No,Bank transfer (automatic),82.48,5067.41,Yes
CUST-105368,Female,0,Yes,No,5,No,No phone service,Fiber optic,Yes,No,Yes,No,No,Yes,One year,Yes,Electronic check,81.0,434.81,Yes
CUST-104045,Male,0,No,No,15,Yes,Yes,Fiber optic,No,No,Yes,No,No,No,Month-to-month,No,Electronic check,74.35,1155.68,Yes
CUST-105022,Female,1,Yes,No,47,Yes,No,Fiber optic,Yes,No,Yes,No,No,No,Month-to-month,No,Electronic check,73.12,3452.59,Yes
CUST-101594,Female,1,No,No,37,Yes,No,Fiber optic,No,Yes,Yes,No,Yes,Yes,Two year,Yes,Mailed check,88.57,3272.47,No
CUST-100223,Male,0,Yes,Yes,53,Yes,No,Fiber optic,No,Yes,No,Yes,No,Yes,Month-to-month,Yes,Credit card (automatic),88.67,4705.98,No
CUST-104862,Female,0,No,No,14,Yes,No,DSL,Yes,Yes,No,No,Yes,No,One year,Yes,Credit card (automatic),59.72,851.13,No
CUST-104709,Male,1,No,No,52,Yes,No,DSL,No,No,Yes,No,Yes,Yes,Two year,Yes,Bank transfer (automatic),65.07,3412.31,No
CUST-102891,Female,0,No,No,9,Yes,Yes,DSL,No,No,No,Yes,No,Yes,Month-to-month,No,Credit card (automatic),64.77,624.23,No
CUST-101245,Female,0,No,No,59,Yes,No,Fiber optic,Yes,No,Yes,No,No,No,One year,Yes,Credit card (automatic),69.51,4078.48,No
CUST-101540,Male,0,Yes,No,44,Yes,Yes,Fiber optic,Yes,Yes,Yes,No,No,Yes,Month-to-month,No,Bank transfer (automatic),100.74,4450.6,No
CUST-103537,Male,0,Yes,No,59,Yes,No,DSL,Yes,No,No,No,Yes,No,Two year,Yes,Bank transfer (automatic),57.32,3429.99,No
CUST-104148,Female,0,No,No,25,Yes,Yes,Fiber optic,Yes,No,Yes,Yes,No,No,Month-to-month,No,Credit card (automatic),83.8,2063.64,Yes
CUST-104625,Male,0,No,No,71,Yes,Yes,No,No internet service,No internet service,No internet service,No internet service,No internet service,No internet service,One year,Yes,Electronic check,30.52,2158.08,No
CUST-102533,Male,0,Yes,Yes,18,Yes,Yes,No,No internet service,No internet service,No internet service,No internet service,No internet service,No internet service,Month-to-month,No,Mailed check,27.13,483.95,No
CUST-105995,Male,0,Yes,Yes,1,Yes,No,No,No internet service,No internet service,No internet service,No internet service,No internet service,No internet service,Two year,Yes,Mailed check,26.62,52.56,No
CUST-106928,Female,0,No,No,32,Yes,Yes,DSL,No,No,No,No,Yes,Yes,Month-to-month,No,Electronic check,65.92,2092.97,No
CUST-100818,Female,1,No,No,58,Yes,No,Fiber optic,Yes,Yes,No,Yes,Yes,Yes,One year,No,Bank transfer (automatic),97.24,5656.18,No
CUST-103458,Female,0,No,Yes,21,No,No phone service,Fiber optic,Yes,Yes,Yes,Yes,Yes,No,Month-to-month,Yes,Bank transfer (automatic),83.97,1773.56,No
CUST-100155,Female,0,Yes,No,0,Yes,No,No,No internet service,No internet service,No internet service,No internet service,No internet service,No internet service,One year,No,Bank transfer (automatic),19.57,19.57,No
CUST-106863,Female,0,Yes,Yes,57,Yes,No,DSL,Yes,No,No,No,No,No,Month-to-month,No,Electronic check,50.65,2893.34,No
CUST-100248,Female,0,Yes,Yes,43,Yes,No,No,No internet service,No internet service,No internet service,No internet service,No internet service,No internet service,Month-to-month,No,Mailed check,23.33,1007.72,No
CUST-104857,Female,0,Yes,Yes,28,Yes,Yes,Fiber optic,No,No,No,No,No,No,One year,No,Mailed check,65.38,1854.11,No
CUST-105990,Male,0,Yes,No,59,No,No phone service,DSL,Yes,No,No,No,Yes,No,One year,No,Electronic check,50.48,2980.67,No
CUST-103927,Male,0,Yes,No,18,Yes,No,DSL,No,Yes,No,No,Yes,Yes,Month-to-month,Yes,Electronic check,60.18,1101.44,No
CUST-106125,Male,0,No,No,52,Yes,No,Fiber optic,Yes,No,No,Yes,No,No,Month-to-month,Yes,Credit card (automatic),72.95,3779.18,Yes
CUST-104014,Male,0,No,No,15,Yes,Yes,DSL,No,No,No,No,No,No,Month-to-month,Yes,Credit card (automatic),46.7,651.92,No
CUST-102636,Male,1,Yes,Yes,24,Yes,No,Fiber optic,Yes,No,Yes,No,Yes,Yes,Two year,Yes,Mailed check,87.21,2095.33,Yes
CUST-105226,Male,1,Yes,Yes,15,Yes,No,DSL,Yes,Yes,No,Yes,Yes,Yes,Month-to-month,No,Electronic check,78.99,1178.05,No
CUST-104638,Female,0,No,No,38,Yes,No,Fiber optic,No,No,No,No,Yes,No,Month-to-month,No,Bank transfer (automatic),70.01,2668.88,No
CUST-100793,Female,0,No,No,30,Yes,No,Fiber optic,No,No,No,No,Yes,Yes,Month-to-month,Yes,Mailed check,83.33,2496.51,No
CUST-101725,Female,0,Yes,No,40,Yes,No,DSL,Yes,No,Yes,Yes,Yes,Yes,Month-to-month,Yes,Electronic check,80.63,3238.97,No
CUST-103189,Female,0,Yes,Yes,0,Yes,Yes,No,No internet service,No internet service,No internet service,No internet service,No internet service,No internet service,Two year,Yes,Mailed check,25.2,25.2,No
CUST-102649,Male,0,Yes,No,19,Yes,No,DSL,No,No,No,Yes,Yes,Yes,Month-to-month,Yes,Credit card (automatic),63.95,1200.24,No
CUST-100628,Female,0,Yes,No,36,Yes,No,Fiber optic,No,Yes,Yes,No,No,Yes,Two year,No,Credit card (automatic),83.73,3007.12,No
CUST-106294,Male,0,No,No,7,Yes,No,Fiber optic,No,No,No,Yes,No,Yes,Month-to-month,No,Credit card (automatic),80.0,549.09,Yes
CUST-106654,Male,0,No,No,31,No,No phone service,No,No internet service,No internet service,No internet service,No internet service,No internet service,No internet service,Two year,No,Credit card (automatic),19.77,586.59,No
CUST-102339,Male,0,No,No,23,Yes,No,Fiber optic,Yes,Yes,No,No,Yes,No,Month-to-month,No,Credit card (automatic),84.69,1945.94,No
CUST-106829,Male,1,Yes,No,8,Yes,No,Fiber optic,Yes,Yes,Yes,Yes,No,Yes,Two year,No,Credit card (automatic),94.81,722.05,No
CUST-105463,Male,0,No,Yes,46,Yes,Yes,Fiber optic,Yes,Yes,No,No,No,Yes,One year,Yes,Credit card (automatic),89.56,4104.64,Yes
CUST-101620,Male,0,Yes,Yes,0,Yes,Yes,Fiber optic,Yes,No,Yes,Yes,Yes,No,Two year,Yes,Credit card (automatic),92.22,92.22,No
CUST-101451,Male,0,Yes,Yes,1,Yes,Yes,No,No internet service,No internet service,No internet service,No internet service,No internet service,No internet service,One year,No,Mailed check,28.43,56.04,No
CUST-102902,Female,0,Yes,Yes,65,Yes,No,Fiber optic,No,Yes,Yes,No,No,Yes,Month-to-month,No,Electronic check,83.6,5409.85,No
CUST-105167,Male,0,No,No,12,Yes,No,DSL,Yes,No,No,No,No,Yes,One year,Yes,Credit card (automatic),56.28,672.92,No
CUST-104650,Male,0,Yes,No,13,Yes,No,DSL,Yes,Yes,Yes,No,Yes,No,One year,Yes,Electronic check,63.37,785.74,No
CUST-101828,Female,0,Yes,Yes,37,Yes,Yes,No,No internet service,No internet service,No internet service,No internet service,No internet service,No internet service,Two year,Yes,Mailed check,29.27,1091.16,No
CUST-100826,Female,0,No,No,32,Yes,No,Fiber optic,No,No,Yes,No,No,No,Two year,No,Credit card (automatic),67.82,2161.78,No
CUST-101639,Male,1,No,No,33,Yes,No,DSL,Yes,Yes,Yes,No,Yes,No,Two year,No,Electronic check,67.82,2284.62,No
CUST-103864,Female,0,Yes,No,1,Yes,No,DSL,Yes,Yes,Yes,No,No,Yes,Month-to-month,No,Electronic check,65.26,52.44,No
CUST-106080,Female,0,No,No,51,Yes,Yes,No,No internet service,No internet service,No internet service,No internet service,No internet service,No internet service,One year,No,Electronic check,25.41,1298.42,No
CUST-102913,Male,1,Yes,No,47,Yes,No,Fiber optic,No,Yes,Yes,Yes,No,No,One year,No,Bank transfer (automatic),75.72,3545.06,No
CUST-105933,Male,0,No,No,13,Yes,No,Fiber optic,No,No,No,No,Yes,No,Two year,No,Electronic check,69.66,870.66,No
CUST-103791,Male,0,Yes,Yes,16,Yes,No,Fiber optic,Yes,Yes,No,No,Yes,No,One year,Yes,Bank transfer (automatic),87.41,1386.78,No
CUST-102939,Male,0,Yes,Yes,58,Yes,No,Fiber optic,Yes,Yes,No,Yes,Yes,Yes,Month-to-month,No,Bank transfer (automatic),95.54,5481.2,No
CUST-103420,Female,0,No,No,48,Yes,Yes,Fiber optic,Yes,No,Yes,No,Yes,No,Month-to-month,No,Electronic check,88.8,4248.36,Yes
CUST-103996,Male,0,No,No,17,Yes,Yes,Fiber optic,No,No,No,Yes,No,No,Two year,Yes,Credit card (automatic),78.01,1340.81,Yes
CUST-103767,Female,0,No,Yes,8,Yes,No,DSL,Yes,Yes,No,No,No,No,One year,Yes,Credit card (automatic),53.98,441.12,No
CUST-100535,Male,0,No,No,27,Yes,Yes,Fiber optic,Yes,No,Yes,No,No,No,Month-to-month,Yes,Mailed check,85.62,2324.15,Yes
CUST-105906,Male,0,Yes,No,60,No,No phone service,Fiber optic,Yes,Yes,Yes,No,No,No,Two year,Yes,Bank transfer (automatic),74.73,4476.44,No
CUST-102663,Male,0,Yes,No,70,Yes,No,No,No internet service,No internet service,No internet service,No internet service,No internet service,No internet service,One year,Yes,Bank transfer (automatic),18.0,1274.04,No
CUST-100154,Male,0,Yes,Yes,44,Yes,No,DSL,No,No,No,Yes,Yes,Yes,Month-to-month,Yes,Electronic check,69.61,3063.11,No
CUST-103241,Male,0,No,No,23,Yes,Yes,No,No internet service,No internet service,No internet service,No internet service,No internet service,No internet service,Month-to-month,Yes,Mailed check,28.28,646.91,Yes
CUST-105596,Female,0,Yes,No,39,Yes,Yes,DSL,No,Yes,No,Yes,Yes,No,One year,Yes,Mailed check,66.88,2592.71,No
CUST-103149,Male,0,Yes,Yes,70,Yes,No,Fiber optic,No,No,Yes,No,No,Yes,One year,Yes,Bank transfer (automatic),82.67,5761.52,No
CUST-102952,Female,0,Yes,Yes,28,Yes,No,Fiber optic,Yes,No,No,No,No,No,Two year,Yes,Bank transfer (automatic),70.43,1965.07,No
CUST-101311,Male,0,Yes,No,44,Yes,No,No,No internet service,No internet service,No internet service,No internet service,No internet service,No internet service,Two year,Yes,Electronic check,18.77,804.8,No
CUST-100322,Female,0,Yes,Yes,35,Yes,Yes,Fiber optic,No,Yes,Yes,Yes,Yes,Yes,Two year,No,Mailed check,97.17,3424.1,No
CUST-105806,Male,1,No,No,4,Yes,Yes,DSL,No,No,No,No,Yes,Yes,Month-to-month,No,Mailed check,62.61,264.48,Yes
CUST-104110,Male,0,Yes,Yes,17,Yes,Yes,DSL,No,No,Yes,Yes,Yes,No,Month-to-month,Yes,Bank transfer (automatic),73.05,1227.5,No
CUST-103330,Female,0,Yes,Yes,35,Yes,No,DSL,No,No,No,Yes,Yes,No,Month-to-month,Yes,Electronic check,61.22,2150.44,Yes
CUST-103985,Male,0,No,No,19,Yes,No,No,No internet service,No internet service,No internet service,No internet service,No internet service,No internet service,Month-to-month,Yes,Mailed check,23.04,454.18,No
CUST-101798,Male,0,Yes,Yes,62,Yes,Yes,Fiber optic,Yes,No,No,No,No,No,Month-to-month,No,Electronic check,71.57,4435.1,No
CUST-106089,Female,0,No,No,25,Yes,No,DSL,No,Yes,No,No,Yes,No,Month-to-month,Yes,Electronic check,50.92,1295.35,Yes
CUST-100082,Male,0,No,No,37,Yes,No,No,No internet service,No internet service,No internet service,No internet service,No internet service,No internet service,One year,No,Electronic check,22.62,811.61,No
CUST-102560,Female,0,Yes,No,1,Yes,No,Fiber optic,No,Yes,No,Yes,Yes,No,Month-to-month,No,Mailed check,82.33,77.84,Yes
CUST-101943,Male,0,Yes,Yes,23,Yes,No,DSL,No,No,Yes,No,Yes,Yes,Month-to-month,Yes,Mailed check,62.92,1421.73,No
CUST-101988,Male,0,No,No,24,Yes,Yes,DSL,No,No,Yes,No,Yes,No,Two year,No,Credit card (automatic),59.6,1402.85,No
CUST-103536,Male,0,No,No,24,Yes,No,No,No internet service,No internet service,No internet service,No internet service,No internet service,No internet service,Month-to-month,Yes,Credit card (automatic),22.19,498.05,No
CUST-105479,Female,0,No,Yes,10,Yes,Yes,No,No internet service,No internet service,No internet service,No internet service,No internet service,No internet service,Month-to-month,Yes,Bank transfer (automatic),31.95,352.69,No
CUST-101574,Male,1,No,No,16,Yes,No,Fiber optic,No,Yes,Yes,Yes,No,No,Month-to-month,No,Credit card (automatic),81.89,1301.72,No
CUST-102977,Female,0,No,No,60,Yes,No,No,No internet service,No internet service,No internet service,No internet service,No internet service,No internet service,Month-to-month,No,Credit card (automatic),20.38,1195.67,No
CUST-102723,Male,0,Yes,No,33,Yes,No,Fiber optic,No,No,No,No,Yes,Yes,Month-to-month,Yes,Electronic check,79.99,2580.87,Yes
CUST-103405,Male,0,No,Yes,29,Yes,No,Fiber optic,No,Yes,No,Yes,Yes,No,Two year,Yes,Mailed check,82.41,2364.37,No
CUST-102058,Male,0,No,No,16,Yes,No,Fiber optic,No,No,No,Yes,No,No,Month-to-month,Yes,Mailed check,66.97,1097.49,Yes
CUST-101762,Male,0,Yes,No,48,Yes,Yes,No,No internet service,No internet service,No internet service,No internet service,No internet service,No internet service,Month-to-month,No,Mailed check,29.61,1373.77,No
CUST-101494,Male,0,Yes,Yes,55,Yes,Yes,Fiber optic,Yes,Yes,No,No,Yes,Yes,Month-to-month,Yes,Electronic check,99.54,5462.23,Yes
CUST-104927,Female,0,No,No,52,Yes,No,Fiber optic,No,No,Yes,No,Yes,Yes,One year,Yes,Bank transfer (automatic),84.49,4364.7,No
CUST-102080,Female,0,Yes,Yes,23,Yes,Yes,DSL,No,Yes,Yes,Yes,No,No,One year,Yes,Mailed check,60.48,1383.29,Yes
CUST-101174,Male,0,Yes,No,52,Yes,No,Fiber optic,No,Yes,No,No,Yes,Yes,Two year,Yes,Electronic check,81.68,4232.44,No
CUST-104509,Female,0,Yes,No,56,Yes,No,DSL,Yes,No,No,Yes,Yes,Yes,Month-to-month,No,Electronic check,72.33,4047.52,No
CUST-102628,Female,0,No,No,52,Yes,Yes,Fiber optic,No,Yes,Yes,Yes,Yes,Yes,Two year,Yes,Mailed check,103.35,5365.31,No
CUST-105913,Male,1,No,No,28,Yes,No,Fiber optic,No,No,Yes,Yes,Yes,No,Month-to-month,No,Electronic check,86.87,2438.72,Yes
CUST-104261,Male,1,No,No,61,Yes,Yes,Fiber optic,No,No,Yes,No,Yes,Yes,Month-to-month,Yes,Credit card (automatic),87.25,5311.34,Yes
CUST-106495,Female,0,Yes,Yes,33,Yes,Yes,No,No internet service,No internet service,No internet service,No internet service,No internet service,No internet service,One year,No,Credit card (automatic),25.61,842.64,No
CUST-106251,Male,1,No,No,33,Yes,Yes,DSL,No,No,No,No,No,Yes,Two year,No,Credit card (automatic),54.96,1810.16,No
CUST-100614,Female,0,No,No,7,Yes,No,No,No internet service,No internet service,No internet service,No internet service,No internet service,No internet service,Two year,Yes,Bank transfer (automatic),18.61,161.0,No
CUST-103093,Male,0,Yes,No,1,Yes,No,DSL,Yes,No,Yes,No,Yes,Yes,Month-to-month,No,Electronic check,73.92,26.2,No
CUST-103450,Male,0,No,No,1,Yes,Yes,Fiber optic,No,No,No,Yes,Yes,No,Month-to-month,Yes,Bank transfer (automatic),78.18,77.36,No
CUST-101014,Female,0,Yes,Yes,22,No,No phone service,DSL,No,No,Yes,No,No,Yes,Month-to-month,Yes,Bank transfer (automatic),53.74,1189.15,Yes
CUST-106233,Male,0,No,No,6,Yes,Yes,DSL,No,No,Yes,Yes,Yes,No,One year,No,Electronic check,65.42,401.88,No
CUST-103057,Male,0,No,No,67,Yes,No,DSL,No,Yes,No,No,No,Yes,Month-to-month,Yes,Electronic check,54.54,3678.01,No
CUST-106706,Male,0,No,Yes,62,No,No phone service,DSL,No,Yes,No,No,Yes,No,Month-to-month,Yes,Electronic check,53.56,3298.12,No
CUST-105333,Female,0,No,No,60,Yes,Yes,Fiber optic,No,Yes,No,No,Yes,Yes,Two year,No,Electronic check,87.17,5239.34,No
CUST-103905,Female,0,No,No,30,No,No phone service,Fiber optic,No,Yes,Yes,No,Yes,No,Month-to-month,No,Bank transfer (automatic),80.99,2444.64,No
CUST-102181,Male,0,Yes,No,29,Yes,No,Fiber optic,No,Yes,Yes,No,Yes,Yes,Month-to-month,Yes,Credit card (automatic),89.13,2570.65,No
CUST-103418,Male,0,Yes,Yes,66,Yes,No,No,No internet service,No internet service,No internet service,No internet service,No internet service,No internet service,One year,Yes,Electronic check,22.8,1508.79,No
CUST-104651,Female,0,No,No,33,Yes,No,Fiber optic,No,Yes,No,No,No,No,Month-to-month,Yes,Bank transfer (automatic),67.82,2244.46,Yes
CUST-103100,Male,0,No,No,62,Yes,Yes,DSL,No,Yes,Yes,Yes,Yes,No,One year,Yes,Bank transfer (automatic),80.77,5004.83,No
CUST-106464,Male,0,No,No,59,Yes,No,No,No internet service,No internet service,No internet service,No internet service,No internet service,No internet service,Two year,Yes,Electronic check,23.93,1408.99,No
CUST-106781,Male,1,No,No,8,Yes,Yes,Fiber optic,Yes,No,Yes,No,Yes,Yes,Month-to-month,No,Bank transfer (automatic),101.15,808.96,No
CUST-101211,Female,0,Yes,Yes,42,No,No phone service,DSL,No,Yes,Yes,No,Yes,No,Two year,No,Credit card (automatic),57.55,2408.93,No
CUST-106753,Male,0,Yes,Yes,32,Yes,Yes,Fiber optic,No,Yes,Yes,Yes,Yes,No,One year,Yes,Electronic check,95.27,3006.55,No
CUST-100634,Male,0,No,No,26,Yes,No,DSL,No,No,No,No,No,Yes,Two year,Yes,Credit card (automatic),51.38,1312.98,No
CUST-101055,Female,0,Yes,No,32,Yes,Yes,Fiber optic,No,No,No,No,No,No,Month-to-month,No,Mailed check,65.23,2079.05,No
CUST-102340,Male,0,No,No,39,No,No phone service,No,No internet service,No internet service,No internet service,No internet service,No internet service,No internet service,One year,No,Electronic check,18.0,691.3,No
CUST-105804,Male,0,No,No,61,Yes,Yes,DSL,No,No,No,No,Yes,Yes,One year,No,Mailed check,65.66,3986.5,No
CUST-100796,female ,0,No,No,48,Yes,No,DSL,Yes,No,No,No,No,No,One year,Yes,Bank transfer (automatic),53.84,2553.61,No
CUST-105187,Male,0,Yes,No,32,Yes,Yes,DSL,No,No,No,No,Yes,No,Month-to-month,No,Electronic check,61.82,1981.36,No
CUST-104270,Female,0,Yes,No,6,Yes,Yes,No,No internet service,No internet service,No internet service,No internet service,No internet service,No internet service,One year,No,Electronic check,25.61,154.17,No
CUST-102814,Male,0,Yes,No,11,No,No phone service,No,No internet service,No internet service,No internet service,No internet service,No internet service,No internet service,Two year,Yes,Credit card (automatic),18.0,224.54,No
CUST-104341,Male,0,Yes,No,43,Yes,No,Fiber optic,Yes,No,Yes,Yes,No,No,Two year,No,Electronic check,84.12,3620.5,No
CUST-101080,Female,0,No,No,11,Yes,No,DSL,No,Yes,Yes,Yes,No,No,Two year,Yes,Bank transfer (automatic),61.28,657.29,No
CUST-101654,Male,0,No,No,43,Yes,No,Fiber optic,Yes,No,Yes,Yes,Yes,Yes,One year,No,Mailed check,97.59,4170.32,No
CUST-101607,Female,0,Yes,Yes,58,Yes,Yes,Fiber optic,No,Yes,No,No,Yes,No,Month-to-month,No,Electronic check,83.69,4837.34,Yes
CUST-100144,Female,0,No,No,57,Yes,No,Fiber optic,No,Yes,No,No,No,Yes,Month-to-month,No,Bank transfer (automatic),78.0,4473.69,No
CUST-104241,Male,0,No,Yes,8,Yes,Yes,Fiber optic,No,Yes,Yes,No,No,Yes,Month-to-month,Yes,Credit card (automatic),88.82,705.08,Yes
CUST-100090,Male,0,Yes,No,33,Yes,No,DSL,No,Yes,Yes,Yes,Yes,No,Month-to-month,Yes,Bank transfer (automatic),65.82,2155.32,No
CUST-100682,Female,0,No,Yes,54,Yes,Yes,DSL,No,Yes,No,Yes,Yes,Yes,Month-to-month,Yes,Credit card (automatic),77.33,4194.87,Yes
CUST-104406,Male,0,No,No,23,Yes,Yes,Fiber optic,Yes,No,No,No,No,No,Month-to-month,Yes,Electronic check,75.76,1751.53,No
CUST-103431,Female,0,No,No,51,Yes,Yes,DSL,Yes,No,Yes,No,No,Yes,Two year,No,Mailed check,64.68,3262.5,No
CUST-100093,Male,0,Yes,No,17,Yes,No,DSL,No,Yes,No,No,No,No,One year,No,Bank transfer (automatic),49.33,866.27,Yes
CUST-100834,Female,1,Yes,Yes,68,No,No phone service,Fiber optic,No,No,No,No,No,No,Two year,Yes,Electronic check,60.49,4114.88,No
CUST-106052,Male,0,No,No,4,Yes,No,Fiber optic,No,Yes,Yes,No,No,No,Two year,No,Credit card (automatic),72.03,307.9,No
CUST-105020,Female,0,Yes,Yes,66,No,No phone service,Fiber optic,Yes,Yes,Yes,No,Yes,No,Month-to-month,No,Credit card (automatic),81.8,5408.94,No
CUST-106703,Male,0,Yes,Yes,27,Yes,No,Fiber optic,No,No,No,No,Yes,No,Month-to-month,Yes,Bank transfer (automatic),72.6,1962.74,No
CUST-106005,Male,0,No,Yes,9,Yes,No,DSL,No,Yes,No,Yes,No,No,Month-to-month,Yes,Mailed check,55.29,491.27,No
CUST-105131,Male,0,No,No,4,Yes,No,No,No internet service,No internet service,No internet service,No internet service,No internet service,No internet service,Two year,No,Electronic check,18.0,69.4,No
CUST-101400,Female,0,Yes,No,15,Yes,No,Fiber optic,No,No,Yes,No,No,No,Month-to-month,Yes,Credit card (automatic),70.21,1043.03,No
CUST-103979,Male,1,Yes,Yes,45,Yes,No,DSL,Yes,No,Yes,Yes,Yes,No,One year,Yes,Mailed check,70.54,3178.53,No
CUST-102291,Male,0,Yes,No,69,Yes,Yes,Fiber optic,Yes,Yes,No,No,No,Yes,One year,Yes,Mailed check,88.09,6073.83,No
CUST-101500,Female,0,No,No,55,No,No phone service,Fiber optic,No,No,No,No,Yes,No,Month-to-month,Yes,Electronic check,71.96,3946.25,Yes
CUST-102262,Male,0,Yes,No,42,Yes,Yes,DSL,Yes,No,No,Yes,No,No,Month-to-month,No,Credit card (automatic),61.32,2598.94,No
CUST-101468,Female,0,No,No,39,No,No phone service,DSL,No,No,Yes,Yes,Yes,Yes,Month-to-month,Yes,Bank transfer (automatic),62.92,2448.46,No
CUST-103928,Female,0,Yes,No,48,Yes,No,DSL,No,No,No,No,No,No,Month-to-month,No,Credit card (automatic),44.1,2105.13,No
CUST-103245,female ,0,No,No,11,Yes,No,Fiber optic,Yes,No,No,No,No,Yes,Month-to-month,No,Mailed check,77.1,870.87,No
CUST-100998,Female,1,No,No,38,No,No phone service,Fiber optic,No,No,No,No,Yes,No,Two year,No,Bank transfer (automatic),69.62,2635.72,No
CUST-100853,Male,0,Yes,Yes,42,Yes,No,DSL,No,Yes,No,Yes,Yes,No,Two year,No,Bank transfer (automatic),66.61,2790.2,No
CUST-103875,Female,0,Yes,No,8,Yes,No,DSL,No,Yes,No,No,Yes,No,Month-to-month,Yes,Electronic check,61.87,516.98,No
CUST-106300,Male,0,Yes,No,55,Yes,No,No,No internet service,No internet service,No internet service,No internet service,No internet service,No internet service,Month-to-month,Yes,Electronic check,18.0,969.72,No
CUST-101142,Female,0,Yes,No,10,Yes,Yes,No,No internet service,No internet service,No internet service,No internet service,No internet service,No internet service,Month-to-month,No,Mailed check,18.72,204.45,No
CUST-105239,Female,0,No,No,28,Yes,Yes,No,No internet service,No internet service,No internet service,No internet service,No internet service,No internet service,Month-to-month,Yes,Electronic check,26.59,746.05,Yes
CUST-102274,Male,0,Yes,Yes,10,Yes,No,Fiber optic,No,Yes,Yes,No,Yes,No,Month-to-month,Yes,Electronic check,84.1,859.4,Yes
CUST-106144,Male,1,No,Yes,53,Yes,No,DSL,Yes,No,No,No,Yes,Yes,Month-to-month,Yes,Bank transfer (automatic),66.42,3540.29,No
CUST-104497,Male,0,Yes,Yes,40,Yes,No,Fiber optic,Yes,No,No,No,Yes,Yes,Month-to-month,No,Mailed check,89.9,3595.62,No
CUST-101103,Male,0,No,No,12,No,No phone service,DSL,No,Yes,No,No,Yes,Yes,Month-to-month,Yes,Bank transfer (automatic),60.95,740.83,No
CUST-100084,Female,1,Yes,Yes,11,Yes,Yes,Fiber optic,Yes,No,No,No,Yes,No,Month-to-month,Yes,Electronic check,80.39,943.08,No
CUST-102210,Female,0,No,No,69,Yes,Yes,No,No internet service,No internet service,No internet service,No internet service,No internet service,No internet service,Two year,No,Mailed check,24.34,1669.94,No
CUST-106869,Male,1,Yes,No,22,No,No phone service,DSL,No,No,Yes,Yes,Yes,Yes,Month-to-month,Yes,Bank transfer (automatic),61.94,1382.98,Yes
CUST-104210,Male,0,Yes,No,35,Yes,Yes,No,No internet service,No internet service,No internet service,No internet service,No internet service,No internet service,Month-to-month,Yes,Mailed check,26.81,929.19,No
CUST-106535,Female,1,No,No,71,Yes,No,DSL,No,Yes,Yes,No,No,No,Month-to-month,Yes,Bank transfer (automatic),56.71,4044.22,Yes
CUST-105681,Female,0,No,No,18,Yes,Yes,Fiber optic,No,Yes,Yes,No,No,No,Month-to-month,Yes,Electronic check,79.39,1451.22,Yes
CUST-103440,Female,0,No,No,28,Yes,Yes,No,No internet service,No internet service,No internet service,No internet service,No internet service,No internet service,Month-to-month,Yes,Electronic check,26.95,734.55,No
CUST-101567,Female,0,No,No,28,Yes,Yes,Fiber optic,No,No,Yes,No,No,No,Month-to-month,Yes,Electronic check,77.21,2191.43,No
CUST-105597,Female,0,Yes,Yes,5,Yes,Yes,Fiber optic,No,Yes,No,Yes,Yes,Yes,Two year,Yes,Credit card (automatic),92.69,441.44,No
CUST-101660,Female,1,Yes,Yes,54,Yes,No,DSL,No,No,Yes,No,No,No,Month-to-month,Yes,Mailed check,46.15,2491.03,No
CUST-101556,Female,0,Yes,No,51,Yes,No,Fiber optic,Yes,Yes,Yes,Yes,Yes,No,Month-to-month,No,Bank transfer (automatic),92.31,4703.12,No
CUST-106103,Male,0,Yes,Yes,44,Yes,No,DSL,Yes,No,No,Yes,No,No,One year,Yes,Mailed check,54.29,2397.27,No
CUST-104721,Female,0,No,No,8,Yes,Yes,DSL,No,Yes,Yes,No,No,No,Two year,Yes,Mailed check,58.86,464.94,No
CUST-103764,Male,0,No,Yes,16,Yes,No,Fiber optic,Yes,No,No,Yes,No,No,Month-to-month,Yes,Bank transfer (automatic),77.23,1193.04,No
CUST-103584,Female,0,No,No,65,Yes,Yes,Fiber optic,No,No,Yes,No,Yes,No,Two year,Yes,Electronic check,85.64,5526.32,No
CUST-101885,Male,0,Yes,No,11,Yes,No,No,No internet service,No internet service,No internet service,No internet service,No internet service,No internet service,Two year,Yes,Bank transfer (automatic),24.5,255.93,No
CUST-103144,Female,0,Yes,No,16,Yes,No,Fiber optic,No,No,No,No,No,No,Month-to-month,No,Mailed check,68.17,1097.55,No
CUST-101866,Male,0,No,No,68,Yes,Yes,Fiber optic,Yes,Yes,No,No,Yes,No,Month-to-month,No,Electronic check,88.69,6052.11,No
CUST-105048,Male,0,No,Yes,6,Yes,No,DSL,Yes,No,Yes,Yes,No,No,Month-to-month,Yes,Electronic check,61.37,380.5,Yes
CUST-106402,Male,0,No,No,7,Yes,No,DSL,Yes,No,No,Yes,Yes,No,Two year,Yes,Electronic check,66.29,437.66,No
CUST-104720,Female,0,Yes,Yes,15,Yes,Yes,DSL,No,No,Yes,No,Yes,No,One year,Yes,Electronic check,61.58,933.13,Yes
CUST-102874,Male,0,No,No,66,Yes,No,Fiber optic,Yes,No,No,No,No,Yes,Two year,No,Bank transfer (automatic),80.78,5327.15,No
CUST-104330,Male,1,Yes,Yes,23,Yes,No,DSL,No,Yes,Yes,Yes,Yes,Yes,Month-to-month,Yes,Electronic check,75.61,1713.21,Yes
CUST-106279,Male,0,Yes,Yes,55,Yes,Yes,Fiber optic,No,No,Yes,Yes,No,Yes,Month-to-month,Yes,Credit card (automatic),88.85,4877.41,No
CUST-103588,Female,0,No,No,43,Yes,No,DSL,No,No,No,No,Yes,Yes,Month-to-month,No,Credit card (automatic),57.67,2476.26,No
CUST-103267,Female,0,Yes,Yes,62,Yes,Yes,Fiber optic,No,Yes,No,Yes,Yes,Yes,Month-to-month,Yes,Bank transfer (automatic),95.07,5882.34,No
CUST-102884,Male,0,No,No,13,Yes,Yes,No,No internet service,No internet service,No internet service,No internet service,No internet service,No internet service,One year,No,Credit card (automatic),25.02,313.58,No
CUST-102890,Male,0,No,No,9,Yes,Yes,Fiber optic,Yes,No,Yes,Yes,Yes,No,Month-to-month,No,Bank transfer (automatic),93.69,826.32,No
CUST-106130,Male,0,Yes,Yes,26,Yes,No,Fiber optic,No,No,Yes,No,No,Yes,Month-to-month,No,Bank transfer (automatic),86.42,2219.29,Yes
CUST-103007,Male,0,No,No,31,Yes,Yes,No,No internet service,No internet service,No internet service,No internet service,No internet service,No internet service,Two year,Yes,Bank transfer (automatic),26.44,836.81,No
CUST-101826,Male,0,No,Yes,35,Yes,Yes,DSL,No,Yes,Yes,No,Yes,No,One year,Yes,Mailed check,63.75,2240.34,Yes
CUST-103923,Male,0,No,No,15,No,No phone service,Fiber optic,Yes,Yes,No,No,No,No,One year,No,Credit card (automatic),67.02,1000.35,No
CUST-106820,Female,0,Yes,Yes,49,Yes,Yes,Fiber optic,No,Yes,No,No,No,No,Month-to-month,Yes,Electronic check,77.04,3785.06,No
CUST-102640,Male,0,No,No,16,Yes,No,DSL,No,No,Yes,No,No,No,Two year,No,Mailed check,52.04,828.93,No
CUST-105410,male ,0,No,No,19,Yes,No,Fiber optic,No,Yes,No,Yes,Yes,No,Month-to-month,Yes,Bank transfer (automatic),85.49,1608.03,Yes
CUST-101525,Male,0,No,No,53,Yes,Yes,DSL,Yes,Yes,No,No,No,Yes,Month-to-month,Yes,Electronic check,68.3,3629.22,No
CUST-101562,Male,0,No,No,69,Yes,Yes,Fiber optic,No,Yes,No,No,Yes,No,One year,Yes,Bank transfer (automatic),80.92,5559.09,Yes
CUST-105848,Female,0,No,No,22,Yes,Yes,DSL,Yes,No,Yes,Yes,Yes,No,Month-to-month,Yes,Bank transfer (automatic),75.06,1653.97,No
CUST-105701,Male,1,No,No,50,Yes,Yes,Fiber optic,No,No,Yes,No,No,Yes,One year,Yes,Mailed check,84.08,4172.44,No
CUST-100343,Female,0,No,No,24,Yes,Yes,Fiber optic,No,No,No,No,No,No,Two year,Yes,Credit card (automatic),67.56,1633.7,Yes
CUST-102542,Female,0,Yes,No,10,Yes,No,No,No internet service,No internet service,No internet service,No internet service,No internet service,No internet service,Month-to-month,Yes,Mailed check,25.84,301.2,No
CUST-103385,Male,1,No,No,14,Yes,Yes,DSL,No,No,No,No,Yes,Yes,Month-to-month,Yes,Mailed check,67.58,967.21,Yes
CUST-106437,Male,0,No,No,47,Yes,Yes,DSL,No,No,No,Yes,Yes,No,Two year,Yes,Credit card (automatic),62.36,2934.28,Yes
CUST-102412,Female,0,Yes,Yes,6,Yes,Yes,No,No internet service,No internet service,No internet service,No internet service,No internet service,No internet service,One year,No,Electronic check,26.22,143.77,Yes
CUST-106322,Male,0,No,No,53,Yes,No,DSL,Yes,No,Yes,Yes,Yes,No,Month-to-month,No,Mailed check,68.07,3607.43,No
CUST-102707,Male,0,No,No,7,Yes,Yes,DSL,Yes,No,No,Yes,Yes,Yes,Month-to-month,No,Credit card (automatic),76.81,562.21,No
CUST-105092,Male,1,No,No,62,Yes,No,Fiber optic,No,No,Yes,Yes,Yes,Yes,Two year,Yes,Electronic check,89.68,5576.78,No
CUST-106158,Female,1,No,No,6,Yes,No,No,No internet service,No internet service,No internet service,No internet service,No internet service,No internet service,One year,Yes,Mailed check,20.0,102.71,No
CUST-101110,Female,1,Yes,No,34,No,No phone service,Fiber optic,Yes,No,No,No,No,No,Month-to-month,Yes,Electronic check,69.07,2343.3,Yes
CUST-103442,Male,0,No,No,39,Yes,Yes,DSL,Yes,Yes,No,Yes,No,Yes,One year,Yes,Bank transfer (automatic),74.68,2922.77,No
CUST-102213,Male,0,No,No,24,Yes,No,DSL,No,No,Yes,Yes,Yes,Yes,Month-to-month,Yes,Bank transfer (automatic),68.19,1649.93,No
CUST-101359,Male,0,No,No,70,Yes,No,Fiber optic,No,Yes,No,No,No,No,Month-to-month,Yes,Bank transfer (automatic),72.01,5051.11,No
CUST-102107,Male,0,No,No,16,Yes,No,Fiber optic,Yes,Yes,No,No,Yes,No,Month-to-month,Yes,Electronic check,83.45,1330.23,Yes
CUST-104805,Female,0,No,No,41,Yes,Yes,Fiber optic,Yes,No,Yes,No,No,Yes,Month-to-month,No,Electronic check,82.44,3370.63,Yes
CUST-105974,Female,0,No,No,12,Yes,Yes,Fiber optic,No,No,No,Yes,No,Yes,One year,Yes,Mailed check,85.29,1052.73,Yes
CUST-101378,Female,0,Yes,Yes,59,Yes,Yes,Fiber optic,No,Yes,Yes,No,No,No,One year,No,Bank transfer (automatic),79.09,4673.55,No
CUST-102828,Female,0,Yes,No,68,Yes,Yes,DSL,No,Yes,Yes,No,Yes,No,One year,Yes,Mailed check,70.72,4832.41,Yes
CUST-100424,Male,0,Yes,No,55,Yes,Yes,Fiber optic,No,Yes,No,No,No,No,Month-to-month,No,Credit card (automatic),73.34,4030.17,No
CUST-100292,Female,0,No,No,47,Yes,Yes,Fiber optic,No,No,Yes,Yes,No,No,Two year,No,Credit card (automatic),83.8,3925.17,No
CUST-101065,Male,0,Yes,No,25,Yes,Yes,No,No internet service,No internet service,No internet service,No internet service,No internet service,No internet service,One year,Yes,Electronic check,31.23,749.51,No
CUST-102377,Male,0,Yes,No,54,Yes,No,DSL,Yes,No,Yes,Yes,No,No,Month-to-month,Yes,Credit card (automatic),58.53,3160.3,No
CUST-105734,Female,0,No,No,52,Yes,No,Fiber optic,Yes,Yes,Yes,No,Yes,Yes,One year,Yes,Mailed check,101.4,5283.7,No
CUST-106573,Female,0,Yes,No,46,Yes,No,Fiber optic,No,No,No,Yes,Yes,Yes,Two year,Yes,Bank transfer (automatic),74.56,3403.32,No
CUST-105108,Male,0,Yes,Yes,52,No,No phone service,DSL,Yes,No,No,Yes,Yes,Yes,One year,Yes,Mailed check,66.49,3480.05,No
CUST-102127,Female,0,Yes,No,17,Yes,No,No,No internet service,No internet service,No internet service,No internet service,No internet service,No internet service,Two year,No,Bank transfer (automatic),29.41,515.49,No
CUST-101717,Male,0,Yes,No,14,Yes,Yes,Fiber optic,No,No,No,No,No,No,Two year,Yes,Credit card (automatic),64.07,887.23,No
CUST-100937,Male,0,Yes,No,53,Yes,Yes,Fiber optic,No,No,No,No,Yes,No,One year,Yes,Electronic check,76.39,4060.02,No
CUST-103779,Male,0,Yes,No,67,No,No phone service,DSL,No,No,Yes,No,No,Yes,Two year,Yes,Bank transfer (automatic),56.09,3773.49,No
CUST-103964,Male,1,No,No,62,Yes,Yes,Fiber optic,Yes,Yes,Yes,Yes,Yes,No,Month-to-month,No,Electronic check,100.01,6231.3,Yes
CUST-103990,Female,1,No,No,34,Yes,No,Fiber optic,No,Yes,Yes,No,Yes,No,Month-to-month,No,Electronic check,81.28,2801.45,No
CUST-104930,Male,0,No,No,35,Yes,Yes,No,No internet service,No internet service,No internet service,No internet service,No internet service,No internet service,Month-to-month,Yes,Electronic check,21.78,774.29,No
CUST-100254,Female,0,No,Yes,61,Yes,No,Fiber optic,No,No,No,Yes,Yes,No,Month-to-month,Yes,Electronic check,75.49,4617.26,Yes
CUST-106962,Male,0,No,No,31,Yes,Yes,DSL,No,Yes,No,Yes,Yes,Yes,Month-to-month,No,Mailed check,71.89,2229.5,No
CUST-101482,Male,0,Yes,Yes,67,Yes,Yes,Fiber optic,No,No,Yes,Yes,No,No,One year,No,Bank transfer (automatic),77.08,5145.92,No
CUST-100944,Male,0,Yes,No,19,Yes,Yes,No,No internet service,No internet service,No internet service,No internet service,No internet service,No internet service,Two year,Yes,Credit card (automatic),24.85,479.26,No
CUST-105503,Female,0,Yes,Yes,10,Yes,Yes,DSL,Yes,No,No,Yes,No,Yes,One year,Yes,Mailed check,71.83,694.87,No
CUST-106900,Male,1,No,No,11,Yes,No,Fiber optic,No,Yes,Yes,No,Yes,No,Two year,No,Bank transfer (automatic),79.24,875.36,Yes
CUST-106280,Male,0,No,No,2,Yes,Yes,Fiber optic,No,Yes,No,No,Yes,No,Two year,Yes,Mailed check,86.25,158.05,No
CUST-103183,Male,0,No,No,2,No,No phone service,DSL,Yes,Yes,Yes,No,Yes,Yes,Month-to-month,Yes,Credit card (automatic),77.87,124.7,Yes
CUST-103266,Female,0,No,No,49,Yes,No,DSL,No,Yes,No,No,No,No,One year,No,Bank transfer (automatic),42.55,2083.92,No
CUST-104819,Female,0,Yes,No,42,Yes,No,No,No internet service,No internet service,No internet service,No internet service,No internet service,No internet service,One year,Yes,Electronic check,26.12,1070.95,No
CUST-102907,Female,0,No,Yes,60,Yes,No,Fiber optic,No,Yes,No,No,Yes,Yes,Month-to-month,Yes,Mailed check,84.53,5061.45,No
CUST-100969,Male,0,No,No,22,Yes,Yes,Fiber optic,No,Yes,No,No,No,Yes,Two year,Yes,Credit card (automatic),78.65,1730.86,Yes
CUST-100496,Male,0,Yes,No,39,Yes,No,Fiber optic,Yes,Yes,No,No,No,Yes,Month-to-month,Yes,Credit card (automatic),82.17,3214.09,No
CUST-105046,Female,0,No,No,18,Yes,Yes,Fiber optic,No,Yes,No,No,Yes,Yes,Two year,Yes,Credit card (automatic),84.15,1493.48,No
CUST-104901,Female,0,Yes,Yes,3,Yes,Yes,Fiber optic,No,Yes,No,No,Yes,No,Two year,Yes,Credit card (automatic),83.01,233.09,No
CUST-101829,Female,0,No,No,70,Yes,No,Fiber optic,No,Yes,Yes,No,Yes,Yes,Month-to-month,Yes,Electronic check,87.66,6108.84,No
CUST-102177,Male,0,No,No,0,Yes,No,No,No internet service,No internet service,No internet service,No internet service,No internet service,No internet service,One year,No,Electronic check,18.47,18.47,No
CUST-105835,Female,0,Yes,Yes,16,Yes,Yes,Fiber optic,No,Yes,No,Yes,No,Yes,Two year,Yes,Electronic check,87.03,1404.97,No
CUST-100337,Male,0,No,No,56,Yes,No,No,No internet service,No internet service,No internet service,No internet service,No internet service,No internet service,Month-to-month,Yes,Electronic check,23.95,1335.42,No
CUST-104826,Male,0,Yes,No,15,Yes,Yes,DSL,Yes,Yes,Yes,No,No,No,One year,No,Credit card (automatic),64.09,994.03,No
CUST-104704,Female,0,Yes,Yes,50,Yes,Yes,No,No internet service,No internet service,No internet service,No internet service,No internet service,No internet service,Month-to-month,Yes,Credit card (automatic),23.53,1141.69,No
CUST-101148,Female,0,Yes,Yes,5,Yes,No,No,No internet service,No internet service,No internet service,No internet service,No internet service,No internet service,One year,No,Electronic check,28.5,126.05,No
CUST-102243,Male,1,No,No,14,Yes,No,Fiber optic,No,Yes,No,No,Yes,No,Month-to-month,Yes,Bank transfer (automatic),80.4,1122.66,Yes
CUST-105809,Male,0,No,No,58,No,No phone service,No,No internet service,No internet service,No internet service,No internet service,No internet service,No internet service,One year,No,Electronic check,20.74,1211.55,No
CUST-106983,Male,0,No,No,43,Yes,Yes,DSL,Yes,No,No,No,Yes,Yes,Month-to-month,No,Bank transfer (automatic),68.46,2948.91,Yes
CUST-105005,Female,0,No,No,17,Yes,No,DSL,No,No,No,No,No,No,One year,Yes,Bank transfer (automatic),42.51,728.42,No
CUST-103968,Female,0,Yes,No,50,Yes,Yes,DSL,Yes,Yes,Yes,No,No,No,Month-to-month,Yes,Electronic check,60.61,3057.09,No
CUST-102151,Male,0,No,No,49,Yes,No,No,No internet service,No internet service,No internet service,No internet service,No internet service,No internet service,Month-to-month,No,Bank transfer (automatic),19.69,966.8,No
CUST-102010,Male,0,Yes,Yes,33,Yes,No,DSL,Yes,No,No,Yes,Yes,Yes,Month-to-month,Yes,Credit card (automatic),70.63,2311.3,No
CUST-102491,Male,0,Yes,Yes,30,Yes,No,Fiber optic,No,Yes,Yes,Yes,Yes,No,Month-to-month,No,Electronic check,91.18,2755.22,Yes
CUST-106881,Male,0,No,No,40,Yes,Yes,DSL,No,Yes,No,No,No,No,One year,No,Mailed check,54.11,2155.07,No
CUST-101810,Male,0,No,No,14,Yes,Yes,Fiber optic,No,No,No,Yes,No,Yes,Month-to-month,Yes,Electronic check,80.5,1091.71,Yes
CUST-101994,Female,1,No,No,69,Yes,Yes,DSL,No,No,No,Yes,No,No,Month-to-month,No,Bank transfer (automatic),55.86,3868.27,No
CUST-104815,Male,0,No,Yes,21,Yes,Yes,No,No internet service,No internet service,No internet service,No internet service,No internet service,No internet service,Month-to-month,Yes,Electronic check,32.34,668.95,Yes
CUST-102932,Male,0,Yes,No,46,Yes,Yes,No,No internet service,No internet service,No internet service,No internet service,No internet service,No internet service,Month-to-month,No,Mailed check,29.42,1377.4,No
CUST-102824,Female,0,No,No,28,Yes,Yes,Fiber optic,No,Yes,Yes,No,Yes,Yes,Two year,Yes,Credit card (automatic),93.08,2545.5,No
CUST-105665,Male,0,Yes,Yes,53,Yes,Yes,No,No internet service,No internet service,No internet service,No internet service,No internet service,No internet service,Month-to-month,Yes,Credit card (automatic),30.52,1617.01,No
CUST-102897,Female,0,Yes,No,60,Yes,No,DSL,No,No,No,Yes,Yes,Yes,Month-to-month,Yes,Mailed check,68.22,4106.0,No
CUST-102275,Male,0,Yes,Yes,42,Yes,No,No,No internet service,No internet service,No internet service,No internet service,No internet service,No internet service,Month-to-month,No,Bank transfer (automatic),27.45,1193.66,No
CUST-100434,Male,0,Yes,Yes,59,Yes,No,DSL,Yes,No,Yes,No,No,No,One year,Yes,Electronic check,54.9,3258.35,No
CUST-105395,Male,0,No,No,11,Yes,No,Fiber optic,No,No,No,Yes,Yes,Yes,Month-to-month,No,Credit card (automatic),85.25,918.15,Yes
CUST-106270,Female,0,No,No,5,Yes,No,No,No internet service,No internet service,No internet service,No internet service,No internet service,No internet service,One year,No,Electronic check,22.03,100.78,No
CUST-104501,Female,1,Yes,Yes,44,Yes,No,Fiber optic,No,Yes,No,No,No,No,Month-to-month,Yes,Bank transfer (automatic),71.36,3169.73,No
CUST-102823,Female,0,No,No,41,Yes,No,No,No internet service,No internet service,No internet service,No internet service,No internet service,No internet service,Two year,Yes,Mailed check,27.06,1122.25,Yes
CUST-104917,Male,1,No,No,41,Yes,Yes,Fiber optic,Yes,No,No,Yes,Yes,Yes,Two year,Yes,Electronic check,105.97,4339.3,No
CUST-105885,Female,0,Yes,Yes,10,Yes,Yes,Fiber optic,No,No,No,No,No,No,One year,No,Mailed check,74.6,730.61,No
CUST-103755,Male,0,No,No,40,Yes,No,Fiber optic,No,Yes,No,Yes,No,Yes,Month-to-month,Yes,Credit card (automatic),83.9,3365.9,Yes
CUST-102504,Male,0,Yes,No,54,Yes,Yes,No,No internet service,No internet service,No internet service,No internet service,No internet service,No internet service,One year,No,Credit card (automatic),28.83,1554.51,No
CUST-103211,Male,1,No,No,55,Yes,No,DSL,Yes,Yes,No,No,Yes,No,One year,No,Credit card (automatic),60.41,3344.57,No
CUST-106447,Female,0,Yes,No,24,Yes,No,DSL,No,Yes,No,Yes,Yes,No,One year,Yes,Bank transfer (automatic),63.93,1556.48,No
CUST-106411,Male,0,Yes,No,34,Yes,No,DSL,Yes,No,No,No,Yes,No,Month-to-month,Yes,Mailed check,53.29,1777.68,No
CUST-105954,Female,0,Yes,Yes,55,Yes,Yes,Fiber optic,No,No,No,No,No,Yes,One year,Yes,Mailed check,77.82,4257.98,No
CUST-105653,Male,1,No,No,59,Yes,No,Fiber optic,No,Yes,Yes,No,No,No,Month-to-month,Yes,Electronic check,75.9,4477.13,Yes
CUST-104641,Male,0,No,No,40,Yes,Yes,DSL,No,Yes,No,Yes,No,Yes,Month-to-month,Yes,Bank transfer (automatic),68.42,2693.01,No
CUST-104308,Female,1,No,No,49,Yes,No,Fiber optic,No,No,Yes,No,Yes,Yes,Month-to-month,No,Credit card (automatic),85.26,4167.39,Yes
CUST-104992,Female,0,No,No,10,Yes,Yes,No,No internet service,No internet service,No internet service,No internet service,No internet service,No internet service,Month-to-month,Yes,Mailed check,33.09,332.67,No
CUST-103540,Female,0,No,No,1,Yes,Yes,Fiber optic,Yes,Yes,No,No,No,No,Two year,Yes,Electronic check,74.57,46.25,Yes
CUST-103270,Male,0,No,No,33,Yes,Yes,No,No internet service,No internet service,No internet service,No internet service,No internet service,No internet service,One year,Yes,Electronic check,30.2,964.17,No
CUST-101941,Male,0,No,No,59,Yes,No,Fiber optic,Yes,No,No,Yes,Yes,Yes,Month-to-month,No,Electronic check,93.59,5486.22,No
CUST-101891,Male,0,No,No,9,Yes,No,DSL,Yes,Yes,No,Yes,Yes,Yes,Month-to-month,No,Electronic check,75.8,689.19,No
CUST-105012,Female,0,No,No,68,Yes,Yes,No,No internet service,No internet service,No internet service,No internet service,No internet service,No internet service,Two year,No,Mailed check,31.28,2147.29,No
CUST-103599,Female,0,No,No,16,Yes,No,DSL,No,No,Yes,Yes,No,Yes,One year,No,Electronic check,57.84,930.44,No
CUST-105385,Female,0,No,No,32,No,No phone service,Fiber optic,No,Yes,No,Yes,Yes,Yes,Month-to-month,Yes,Electronic check,82.82,2621.02,Yes
CUST-104910,Female,0,No,Yes,60,Yes,Yes,Fiber optic,No,Yes,No,Yes,No,No,Month-to-month,Yes,Credit card (automatic),74.74,4515.04,No
CUST-101265,Male,0,Yes,Yes,6,No,No phone service,Fiber optic,No,No,No,Yes,Yes,No,Month-to-month,No,Credit card (automatic),73.41,440.13,No
CUST-104438,Male,0,No,No,9,Yes,No,Fiber optic,No,No,No,No,Yes,No,Month-to-month,Yes,Electronic check,71.71,652.76,No
CUST-102597,Female,0,Yes,Yes,50,Yes,No,Fiber optic,No,No,Yes,Yes,No,Yes,One year,Yes,Bank transfer (automatic),79.67,3959.39,No
CUST-101410,Male,0,No,No,35,Yes,No,Fiber optic,No,No,Yes,No,No,Yes,Month-to-month,Yes,Credit card (automatic),80.53,2819.74,Yes
CUST-101214,Male,0,No,No,45,Yes,No,Fiber optic,Yes,No,Yes,No,Yes,Yes,One year,No,Bank transfer (automatic),94.59,4240.99,No
CUST-100966,Female,0,Yes,Yes,6,No,No phone service,Fiber optic,No,No,Yes,Yes,No,No,One year,Yes,Mailed check,70.58,454.59,Yes
CUST-101230,Female,0,No,No,4,Yes,No,DSL,No,Yes,No,No,Yes,Yes,Two year,Yes,Mailed check,65.37,240.41,No
CUST-106439,Male,0,Yes,Yes,10,Yes,No,No,No internet service,No internet service,No internet service,No internet service,No internet service,No internet service,Two year,Yes,Mailed check,28.07,251.12,No
CUST-104791,Female,1,Yes,No,51,Yes,No,Fiber optic,No,Yes,No,Yes,Yes,Yes,Two year,No,Electronic check,92.91,4695.14,No
CUST-106217,Male,0,Yes,No,6,Yes,No,DSL,No,No,Yes,No,No,No,Month-to-month,Yes,Bank transfer (automatic),52.79,337.7,Yes
CUST-100605,Female,0,Yes,No,63,Yes,Yes,DSL,No,No,Yes,No,No,Yes,Two year,No,Mailed check,64.15,4053.08,No
CUST-100104,Female,1,Yes,Yes,17,Yes,Yes,No,No internet service,No internet service,No internet service,No internet service,No internet service,No internet service,Month-to-month,Yes,Mailed check,22.53,362.25,No
CUST-100645,Male,0,No,No,35,Yes,No,DSL,No,No,Yes,Yes,No,No,Month-to-month,Yes,Bank transfer (automatic),54.31,1884.53,Yes
CUST-105500,Female,1,No,No,44,Yes,Yes,DSL,No,Yes,Yes,Yes,Yes,Yes,Month-to-month,Yes,Bank transfer (automatic),79.52,3457.92,No
CUST-104590,Female,0,Yes,No,16,Yes,Yes,No,No internet service,No internet service,No internet service,No internet service,No internet service,No internet service,One year,Yes,Credit card (automatic),27.31,455.16,No
CUST-103088,Male,1,No,No,54,Yes,Yes,DSL,No,No,No,No,No,No,Two year,No,Mailed check,50.75,2746.66,No
CUST-106583,Female,1,No,Yes,51,Yes,Yes,No,No internet service,No internet service,No internet service,No internet service,No internet service,No internet service,Two year,Yes,Mailed check,27.24,1381.16,No
CUST-101019,Male,0,No,No,58,No,No phone service,Fiber optic,No,No,No,Yes,No,No,Month-to-month,Yes,Electronic check,69.56,4012.0,Yes
CUST-100091,Female,0,No,Yes,14,Yes,No,No,No internet service,No internet service,No internet service,No internet service,No internet service,No internet service,One year,Yes,Bank transfer (automatic),21.96,329.68,No
CUST-105208,Male,0,Yes,Yes,23,Yes,No,DSL,Yes,No,Yes,Yes,Yes,No,Month-to-month,Yes,Credit card (automatic),65.53,1504.43,No
CUST-102870,Male,1,Yes,No,52,Yes,No,Fiber optic,No,No,Yes,No,No,Yes,Two year,No,Bank transfer (automatic),81.13,4204.63,No
CUST-100908,Male,1,No,No,26,Yes,No,Fiber optic,No,Yes,Yes,Yes,Yes,No,Two year,Yes,Credit card (automatic),92.63,2377.48,No
CUST-105570,Female,0,Yes,No,20,Yes,No,DSL,Yes,No,No,Yes,No,Yes,One year,Yes,Mailed check,59.97,1211.61,No
CUST-105837,Male,0,No,No,32,Yes,No,DSL,No,No,Yes,Yes,No,No,Two year,No,Bank transfer (automatic),58.79,1883.71,No
CUST-102150,Male,1,Yes,Yes,29,Yes,No,No,No internet service,No internet service,No internet service,No internet service,No internet service,No internet service,Two year,No,Electronic check,26.09,722.99,No
CUST-100238,Male,0,No,No,25,No,No phone service,DSL,Yes,No,No,No,Yes,Yes,Two year,Yes,Electronic check,56.79,1364.06,Yes
CUST-103140,Male,0,Yes,No,62,No,No phone service,Fiber optic,No,Yes,Yes,No,No,No,Month-to-month,Yes,Electronic check,72.03,4455.61,No
CUST-100942,Female,1,Yes,Yes,68,Yes,No,Fiber optic,No,No,Yes,Yes,Yes,No,Two year,Yes,Bank transfer (automatic),81.73,5551.06,Yes
CUST-101270,Male,0,Yes,Yes,66,Yes,Yes,Fiber optic,No,No,No,Yes,Yes,Yes,Two year,Yes,Electronic check,91.16,6001.0,No
CUST-100938,Male,0,No,Yes,41,Yes,Yes,Fiber optic,Yes,No,Yes,No,No,No,Month-to-month,Yes,Bank transfer (automatic),78.56,3218.8,No
CUST-105520,Male,0,Yes,No,28,Yes,No,No,No internet service,No internet service,No internet service,No internet service,No internet service,No internet service,Two year,Yes,Credit card (automatic),20.86,554.44,No
CUST-103229,Female,0,No,Yes,11,Yes,No,Fiber optic,No,No,No,No,Yes,Yes,Month-to-month,Yes,Electronic check,81.88,920.83,Yes
CUST-103551,Female,0,No,Yes,51,Yes,No,Fiber optic,No,Yes,No,Yes,No,Yes,Month-to-month,No,Credit card (automatic),82.1,4186.26,No
CUST-101862,Female,0,Yes,No,50,Yes,No,No,No internet service,No internet service,No internet service,No internet service,No internet service,No internet service,One year,No,Mailed check,22.14,1075.0,No
CUST-101669,Female,0,No,No,57,Yes,No,Fiber optic,No,Yes,No,No,No,No,Month-to-month,No,Bank transfer (automatic),70.13,3996.38,No
CUST-100005,Female,0,No,No,37,Yes,No,Fiber optic,Yes,No,Yes,No,Yes,Yes,Two year,Yes,Mailed check,90.76,3367.3,No
CUST-104343,Male,0,No,No,64,Yes,No,Fiber optic,No,No,No,Yes,No,No,Month-to-month,Yes,Mailed check,70.13,4510.81,No
CUST-103943,Female,0,Yes,No,44,Yes,No,DSL,Yes,Yes,Yes,Yes,Yes,No,One year,No,Bank transfer (automatic),76.25,3333.35,Yes
CUST-103013,Female,0,No,No,63,Yes,Yes,Fiber optic,No,Yes,Yes,Yes,No,No,Month-to-month,No,Credit card (automatic),85.79,5381.81,No
CUST-100018,Female,0,No,No,3,Yes,No,DSL,No,No,No,Yes,Yes,Yes,One year,Yes,Bank transfer (automatic),67.45,181.7,No
CUST-106265,Male,0,No,No,66,Yes,Yes,Fiber optic,Yes,Yes,Yes,No,Yes,No,One year,Yes,Mailed check,91.53,6034.26,No
CUST-101970,Female,0,No,Yes,28,Yes,Yes,Fiber optic,Yes,No,Yes,No,Yes,No,Month-to-month,No,Electronic check,86.1,2438.51,No
CUST-102709,Female,1,No,No,21,Yes,No,DSL,No,No,Yes,Yes,No,No,Two year,Yes,Electronic check,56.0,1159.31,No
CUST-102232,Female,0,Yes,Yes,38,Yes,No,Fiber optic,Yes,Yes,No,No,Yes,No,Month-to-month,Yes,Credit card (automatic),91.17,3465.41,Yes
CUST-106418,Female,0,Yes,Yes,28,Yes,Yes,DSL,Yes,Yes,No,Yes,No,No,One year,No,Mailed check,63.3,1797.35,No
CUST-106577,Male,0,No,No,11,Yes,Yes,Fiber optic,No,Yes,Yes,No,No,No,Month-to-month,Yes,Credit card (automatic),83.98,936.29,No
CUST-100811,Female,0,No,No,12,No,No phone service,Fiber optic,Yes,No,Yes,No,Yes,No,Two year,Yes,Electronic check,77.04,926.41,No
CUST-101300,Female,0,No,No,2,Yes,No,Fiber optic,No,No,No,No,Yes,Yes,Month-to-month,Yes,Electronic check,78.79,133.72,Yes
CUST-105431,Male,0,No,Yes,15,Yes,Yes,DSL,No,No,No,No,No,No,Month-to-month,Yes,Credit card (automatic),51.15,779.3,Yes
CUST-106882,Female,0,No,No,56,Yes,No,Fiber optic,Yes,No,Yes,No,No,Yes,Month-to-month,No,Mailed check,85.01,4749.05,Yes
CUST-100260,Female,1,Yes,No,22,Yes,No,Fiber optic,Yes,Yes,Yes,No,No,No,Month-to-month,Yes,Electronic check,80.67,1802.22,Yes
CUST-101804,Male,0,No,No,23,Yes,Yes,Fiber optic,Yes,No,Yes,No,No,No,Two year,Yes,Mailed check,80.03,1846.28,No
CUST-101570,Male,0,No,No,25,Yes,No,No,No internet service,No internet service,No internet service,No internet service,No internet service,No internet service,Two year,Yes,Electronic check,26.2,631.18,No
CUST-106325,Male,0,No,No,35,Yes,No,No,No internet service,No internet service,No internet service,No internet service,No internet service,No internet service,Month-to-month,Yes,Credit card (automatic),21.85,760.28,No
CUST-104280,Male,0,No,No,11,Yes,Yes,DSL,Yes,No,No,Yes,No,No,One year,Yes,Electronic check,60.08,657.52,Yes
CUST-102454,Female,0,No,No,3,Yes,Yes,Fiber optic,No,No,Yes,Yes,No,No,One year,Yes,Electronic check,77.6,184.67,Yes
CUST-101743,Male,0,No,No,25,Yes,No,DSL,Yes,No,Yes,No,No,No,One year,Yes,Mailed check,62.2,1564.83,No
CUST-101630,Female,0,No,No,52,Yes,No,Fiber optic,No,No,No,Yes,Yes,No,Two year,No,Bank transfer (automatic),76.54,4012.22,No
CUST-101716,Female,0,Yes,No,40,Yes,No,DSL,Yes,Yes,No,Yes,No,Yes,One year,Yes,Bank transfer (automatic),67.07,2650.17,Yes
CUST-100520,Male,0,Yes,No,32,Yes,No,No,No internet service,No internet service,No internet service,No internet service,No internet service,No internet service,Month-to-month,No,Electronic check,25.44,820.64,No
CUST-103937,Male,0,No,Yes,62,Yes,Yes,DSL,No,No,Yes,Yes,Yes,No,Month-to-month,No,Credit card (automatic),71.9,4485.75,No
CUST-106524,Male,0,Yes,Yes,8,Yes,No,No,No internet service,No internet service,No internet service,No internet service,No internet service,No internet service,Month-to-month,Yes,Electronic check,21.27,178.5,No
CUST-106112,Male,0,Yes,No,17,Yes,Yes,DSL,No,Yes,Yes,No,No,Yes,Month-to-month,No,Mailed check,75.99,1256.86,No
CUST-103482,Female,0,No,No,29,Yes,Yes,Fiber optic,Yes,Yes,Yes,No,No,Yes,Month-to-month,Yes,Electronic check,96.67,2778.81,Yes
CUST-101658,Female,0,Yes,Yes,46,Yes,No,Fiber optic,No,No,No,Yes,No,Yes,Month-to-month,Yes,Mailed check,83.1,3827.18,No
CUST-103472,Female,0,Yes,Yes,54,Yes,No,Fiber optic,No,No,Yes,Yes,Yes,Yes,Month-to-month,No,Bank transfer (automatic),89.95,4894.0,Yes
CUST-105708,Female,0,No,No,55,Yes,No,DSL,No,Yes,No,No,No,No,Two year,Yes,Mailed check,48.24,2654.44,No
CUST-102475,Male,0,Yes,Yes,25,Yes,No,DSL,No,No,No,No,Yes,Yes,Month-to-month,No,Mailed check,62.38,1565.93,No
CUST-103948,Female,0,No,No,26,No,No phone service,No,No internet service,No internet service,No internet service,No internet service,No internet service,No internet service,One year,Yes,Electronic check,26.96,693.14,No
CUST-106222,Female,0,Yes,Yes,24,Yes,No,Fiber optic,Yes,Yes,No,Yes,Yes,Yes,One year,No,Bank transfer (automatic),100.05,2415.81,Yes
CUST-103934,Male,0,Yes,Yes,18,Yes,Yes,No,No internet service,No internet service,No internet service,No internet service,No internet service,No internet service,Month-to-month,Yes,Mailed check,23.85,445.3,No
CUST-103645,Female,0,No,No,36,Yes,Yes,Fiber optic,Yes,Yes,Yes,No,No,Yes,Month-to-month,Yes,Mailed check,96.13,3407.67,No
CUST-100763,Female,0,Yes,Yes,43,No,No phone service,Fiber optic,Yes,No,Yes,Yes,No,Yes,Month-to-month,No,Electronic check,82.01,3511.86,No
CUST-104703,Female,0,No,No,30,Yes,No,No,No internet service,No internet service,No internet service,No internet service,No internet service,No internet service,One year,No,Mailed check,21.6,671.67,Yes
CUST-104326,Female,0,No,No,25,Yes,No,Fiber optic,Yes,Yes,Yes,No,No,Yes,Two year,Yes,Credit card (automatic),90.16,2243.32,No
CUST-104427,Male,0,No,No,13,Yes,No,Fiber optic,No,No,No,No,No,No,Month-to-month,Yes,Credit card (automatic),63.82,866.76,Yes
CUST-105536,Male,1,Yes,No,67,Yes,Yes,DSL,Yes,Yes,Yes,No,No,Yes,One year,No,Bank transfer (automatic),69.27,4626.68,No
CUST-106023,Female,0,Yes,Yes,46,Yes,No,DSL,No,No,No,Yes,No,No,One year,Yes,Credit card (automatic),48.27,2212.71,No
CUST-101091,Male,0,Yes,Yes,40,No,No phone service,Fiber optic,No,No,No,Yes,No,Yes,Month-to-month,No,Electronic check,74.81,2974.45,No
CUST-103608,Female,0,Yes,Yes,34,Yes,No,Fiber optic,No,Yes,Yes,No,No,Yes,Month-to-month,No,Electronic check,76.8,2628.09,No
CUST-101101,Male,1,Yes,Yes,69,Yes,No,No,No internet service,No internet service,No internet service,No internet service,No internet service,No internet service,Month-to-month,Yes,Mailed check,20.01,1391.53,No
CUST-105225,Male,1,Yes,Yes,12,Yes,No,No,No internet service,No internet service,No internet service,No internet service,No internet service,No internet service,Two year,Yes,Mailed check,24.44,287.82,No
CUST-104557,Female,0,No,No,57,Yes,No,DSL,Yes,No,Yes,No,No,No,Month-to-month,Yes,Credit card (automatic),51.18,2892.43,No
CUST-100958,Female,0,No,No,63,Yes,No,Fiber optic,Yes,Yes,Yes,No,No,Yes,Month-to-month,Yes,Electronic check,89.52,5633.06,No
CUST-105758,Female,0,No,No,62,Yes,No,DSL,Yes,No,No,No,Yes,No,Month-to-month,No,Mailed check,58.4,3620.6,No
CUST-100559,Female,0,Yes,No,61,Yes,No,No,No internet service,No internet service,No internet service,No internet service,No internet service,No internet service,Two year,No,Mailed check,23.81,1455.37,No
CUST-106777,Male,0,Yes,No,68,Yes,No,DSL,Yes,Yes,No,No,Yes,Yes,One year,Yes,Electronic check,68.35,4605.68,No
CUST-101519,Male,0,Yes,Yes,64,Yes,No,Fiber optic,Yes,Yes,Yes,Yes,Yes,No,One year,Yes,Electronic check,91.9,5877.23,No
CUST-106236,Female,0,No,No,34,Yes,No,Fiber optic,No,No,Yes,No,No,Yes,Month-to-month,Yes,Credit card (automatic),73.19,2521.9,No
CUST-106880,Male,0,No,No,40,Yes,No,No,No internet service,No internet service,No internet service,No internet service,No internet service,No internet service,Two year,No,Mailed check,20.48,804.33,No
CUST-106128,Male,1,Yes,Yes,63,Yes,No,Fiber optic,No,No,No,No,Yes,Yes,Month-to-month,No,Electronic check,82.57,5219.12,No
CUST-102484,Male,0,Yes,No,17,No,No phone service,Fiber optic,No,No,No,No,Yes,No,Month-to-month,Yes,Mailed check,68.1,1156.54,No
CUST-106634,Female,0,Yes,No,15,Yes,No,DSL,No,No,No,Yes,No,No,Month-to-month,No,Electronic check,54.94,804.52,Yes
CUST-100366,Male,0,Yes,Yes,39,Yes,Yes,DSL,Yes,Yes,No,Yes,No,No,Month-to-month,No,Bank transfer (automatic),69.47,2666.09,No
CUST-103901,Female,0,Yes,No,56,Yes,Yes,Fiber optic,No,Yes,Yes,Yes,No,No,Month-to-month,No,Bank transfer (automatic),87.63,4900.1,No
CUST-106193,Male,0,Yes,Yes,54,Yes,Yes,DSL,No,Yes,Yes,No,No,No,Month-to-month,No,Electronic check,62.71,3370.29,No
CUST-101948,Male,0,No,No,8,Yes,Yes,Fiber optic,No,Yes,No,Yes,No,No,Month-to-month,No,Mailed check,76.69,644.85,No
CUST-104165,Female,0,No,No,33,Yes,Yes,Fiber optic,No,No,No,No,Yes,Yes,One year,Yes,Credit card (automatic),85.6,2803.34,No
CUST-101572,Female,0,Yes,No,33,Yes,No,Fiber optic,Yes,Yes,Yes,No,No,No,Two year,No,Bank transfer (automatic),80.05,2657.26,No
CUST-100808,Male,1,Yes,Yes,5,Yes,No,DSL,Yes,Yes,Yes,No,Yes,Yes,Month-to-month,Yes,Electronic check,72.9,331.46,No
CUST-103232,Female,1,Yes,No,26,Yes,Yes,Fiber optic,Yes,Yes,Yes,No,Yes,No,Two year,No,Electronic check,87.65,2249.02,No
CUST-103946,Male,0,No,Yes,40,Yes,No,Fiber optic,No,Yes,Yes,No,Yes,No,Month-to-month,Yes,Electronic check,85.37,3423.9,Yes
CUST-100011,Female,0,No,No,58,Yes,No,No,No internet service,No internet service,No internet service,No internet service,No internet service,No internet service,Month-to-month,No,Electronic check,21.71,1255.23,No
CUST-102025,Male,1,Yes,No,15,Yes,Yes,DSL,No,Yes,Yes,Yes,No,No,One year,Yes,Electronic check,66.9,998.57,Yes
CUST-106288,Male,0,No,No,32,Yes,No,DSL,Yes,Yes,Yes,No,No,Yes,Two year,No,Electronic check,63.81,2049.14,No
CUST-105013,Female,1,Yes,No,2,Yes,No,DSL,No,No,No,No,No,Yes,Month-to-month,Yes,Credit card (automatic),52.74,105.09,No
CUST-105547,Male,0,Yes,Yes,63,Yes,No,Fiber optic,No,No,No,No,Yes,No,Month-to-month,No,Mailed check,76.33,4817.02,No
CUST-100176,Female,0,No,Yes,40,Yes,No,Fiber optic,No,No,Yes,No,Yes,Yes,Month-to-month,Yes,Bank transfer (automatic),86.11,3423.16,No
CUST-105090,Female,0,No,No,40,Yes,No,Fiber optic,Yes,No,Yes,No,Yes,No,Month-to-month,Yes,Electronic check,79.04,3182.54,Yes
CUST-102488,Female,1,No,No,6,Yes,No,Fiber optic,No,No,No,No,No,Yes,Two year,Yes,Electronic check,72.94,432.55,Yes
CUST-103886,Male,0,No,Yes,1,Yes,No,Fiber optic,No,Yes,Yes,No,No,Yes,Month-to-month,Yes,Bank transfer (automatic),84.38,54.93,Yes
CUST-102569,Female,0,No,No,40,Yes,No,Fiber optic,No,No,No,No,No,Yes,Month-to-month,No,Credit card (automatic),74.57,2977.24,No
CUST-103520,Female,1,No,No,35,Yes,No,DSL,No,No,No,Yes,No,Yes,One year,Yes,Mailed check,55.45,1922.58,Yes
CUST-103760,Male,1,No,No,7,Yes,No,DSL,Yes,No,Yes,No,No,Yes,One year,No,Credit card (automatic),59.44,422.7,No
CUST-105351,Female,0,Yes,Yes,35,Yes,No,DSL,Yes,No,Yes,No,Yes,No,Month-to-month,Yes,Electronic check,62.66,2173.8,No
CUST-103282,Female,0,No,Yes,26,Yes,Yes,DSL,Yes,No,No,No,No,No,One year,Yes,Electronic check,51.09,1323.72,No
CUST-101664,Female,0,Yes,No,8,Yes,Yes,Fiber optic,No,Yes,Yes,Yes,No,No,One year,Yes,Credit card (automatic),85.78,696.51,No
CUST-102191,Male,0,No,No,61,Yes,Yes,Fiber optic,Yes,No,No,No,No,Yes,Two year,Yes,Credit card (automatic),83.57,5106.05,Yes
CUST-106663,Male,0,Yes,Yes,15,Yes,Yes,No,No internet service,No internet service,No internet service,No internet service,No internet service,No internet service,Month-to-month,No,Electronic check,29.26,455.96,Yes
CUST-101528,Male,0,Yes,Yes,8,Yes,No,Fiber optic,Yes,Yes,No,Yes,No,Yes,Month-to-month,No,Credit card (automatic),90.31,693.07,Yes
CUST-103370,Female,0,Yes,Yes,62,Yes,Yes,Fiber optic,Yes,No,Yes,Yes,No,No,Month-to-month,Yes,Credit card (automatic),84.07,5218.33,No
CUST-105886,Female,1,Yes,No,8,Yes,No,Fiber optic,Yes,No,No,No,No,No,Two year,Yes,Electronic check,70.77,581.15,Yes
CUST-106572,Male,0,Yes,Yes,0,Yes,No,DSL,Yes,No,Yes,No,No,Yes,Month-to-month,Yes,Electronic check,64.78,64.78,No
CUST-102660,Male,0,Yes,Yes,34,No,No phone service,DSL,Yes,Yes,Yes,No,Yes,Yes,Month-to-month,Yes,Bank transfer (automatic),72.07,2448.67,No
CUST-104252,Female,1,Yes,No,13,Yes,No,No,No internet service,No internet service,No internet service,No internet service,No internet service,No internet service,Two year,Yes,Mailed check,24.1,269.35,No
CUST-106683,Female,0,Yes,No,60,Yes,No,No,No internet service,No internet service,No internet service,No internet service,No internet service,No internet service,Month-to-month,No,Credit card (automatic),23.33,1391.62,No
CUST-103578,Female,0,Yes,No,68,Yes,Yes,DSL,No,No,No,No,Yes,Yes,One year,Yes,Electronic check,66.85,4513.62,Yes
CUST-105556,Male,0,No,No,0,Yes,Yes,DSL,No,No,No,Yes,Yes,Yes,Month-to-month,Yes,Mailed check,66.42,66.42,No
CUST-102046,Male,1,No,No,56,Yes,No,DSL,Yes,No,Yes,No,Yes,No,One year,Yes,Bank transfer (automatic),58.23,3282.35,No
CUST-105946,Male,0,Yes,Yes,63,Yes,No,Fiber optic,No,No,No,Yes,No,Yes,Month-to-month,Yes,Mailed check,74.4,4663.1,No
CUST-106605,Male,0,No,No,53,Yes,No,DSL,No,Yes,No,Yes,No,Yes,Month-to-month,Yes,Bank transfer (automatic),60.96,3221.14,No
CUST-102624,Female,0,No,No,60,Yes,Yes,No,No internet service,No internet service,No internet service,No internet service,No internet service,No internet service,Month-to-month,No,Mailed check,23.44,1438.9,No
CUST-103410,Male,0,No,No,18,Yes,No,No,No internet service,No internet service,No internet service,No internet service,No internet service,No internet service,One year,Yes,Bank transfer (automatic),21.84,392.01,No
CUST-106399,Female,1,Yes,Yes,2,Yes,No,DSL,Yes,Yes,No,Yes,Yes,No,Two year,No,Bank transfer (automatic),68.89,159.27,Yes
CUST-106101,Female,0,Yes,No,68,Yes,No,DSL,No,No,No,Yes,Yes,No,Two year,No,Bank transfer (automatic),59.88,4060.88,No
CUST-101185,Male,0,No,No,69,Yes,Yes,Fiber optic,Yes,Yes,No,No,Yes,Yes,One year,No,Electronic check,93.63,6470.19,No
CUST-101006,Female,0,No,No,53,Yes,Yes,No,No internet service,No internet service,No internet service,No internet service,No internet service,No internet service,Two year,Yes,Mailed check,28.56,1545.53,No
CUST-103569,Male,0,No,No,61,Yes,No,Fiber optic,Yes,No,Yes,No,Yes,No,Month-to-month,No,Credit card (automatic),77.72,4741.52,No
CUST-103737,Female,0,No,No,28,Yes,No,DSL,No,No,Yes,Yes,Yes,Yes,One year,Yes,Electronic check,69.82,1981.29,No
CUST-104656,Male,1,Yes,Yes,63,Yes,No,Fiber optic,No,Yes,No,No,No,No,Two year,Yes,Mailed check,72.78,4565.02,No
CUST-106352,Male,0,Yes,Yes,34,Yes,No,DSL,No,No,Yes,No,Yes,No,Two year,No,Electronic check,53.25,1808.11,No
CUST-105006,Male,0,No,No,1,Yes,No,Fiber optic,No,No,Yes,No,No,Yes,Month-to-month,Yes,Electronic check,77.22,72.28,No
CUST-105407,Female,0,Yes,Yes,58,Yes,Yes,DSL,No,No,Yes,No,Yes,Yes,Two year,Yes,Credit card (automatic),70.57,4114.34,No
CUST-102049,Female,0,Yes,Yes,2,Yes,Yes,Fiber optic,No,No,No,No,No,Yes,Month-to-month,No,Mailed check,79.99,158.36,Yes
CUST-104011,Female,0,No,No,24,Yes,No,Fiber optic,No,No,No,No,No,Yes,Two year,No,Mailed check,70.5,1674.67,No
CUST-100269,Female,0,No,Yes,24,Yes,No,DSL,Yes,Yes,Yes,No,No,Yes,Month-to-month,Yes,Electronic check,70.46,1683.55,No
CUST-101993,female ,0,No,No,56,No,No phone service,Fiber optic,No,No,Yes,No,No,No,One year,Yes,Credit card (automatic),68.06,3843.18,No
CUST-100265,Female,0,Yes,Yes,6,Yes,No,Fiber optic,No,No,No,Yes,Yes,Yes,Two year,No,Credit card (automatic),86.3,486.46,No
CUST-100914,Female,0,No,No,40,Yes,No,Fiber optic,No,Yes,No,No,Yes,No,Month-to-month,Yes,Mailed check,81.86,3271.19,Yes
CUST-102278,Male,0,Yes,Yes,68,No,No phone service,No,No internet service,No internet service,No internet service,No internet service,No internet service,No internet service,One year,Yes,Mailed check,18.32,1257.14,No
CUST-102231,Male,1,Yes,Yes,17,Yes,No,No,No internet service,No internet service,No internet service,No internet service,No internet service,No internet service,Month-to-month,No,Mailed check,21.16,390.32,No
CUST-100290,Female,0,No,No,31,Yes,Yes,Fiber optic,No,Yes,No,Yes,Yes,Yes,One year,No,Electronic check,90.58,2816.52,Yes
CUST-102912,Male,0,No,No,42,Yes,No,No,No internet service,No internet service,No internet service,No internet service,No internet service,No internet service,Month-to-month,No,Credit card (automatic),29.15,1236.32,Yes
CUST-104969,Female,0,Yes,Yes,51,Yes,Yes,DSL,Yes,No,No,Yes,Yes,Yes,Month-to-month,No,Mailed check,76.54,3894.41,No
CUST-102093,Male,0,Yes,Yes,11,Yes,No,DSL,No,No,No,No,No,No,Month-to-month,Yes,Electronic check,48.65,547.83,No
CUST-106542,Male,0,Yes,No,40,Yes,No,DSL,No,Yes,No,No,No,Yes,Two year,No,Mailed check,55.83,2252.92,No
CUST-104571,Male,0,No,No,31,Yes,No,DSL,No,Yes,No,No,Yes,No,One year,Yes,Electronic check,56.87,1798.98,Yes
CUST-101652,Male,0,No,No,32,Yes,Yes,DSL,No,Yes,Yes,No,Yes,No,Month-to-month,No,Credit card (automatic),69.12,2240.23,Yes
CUST-106056,Male,0,Yes,No,41,Yes,No,Fiber optic,Yes,No,Yes,Yes,No,Yes,Two year,Yes,Electronic check,93.66,3879.93,No
CUST-104141,Female,1,No,No,63,Yes,Yes,Fiber optic,Yes,Yes,Yes,No,No,No,Month-to-month,Yes,Credit card (automatic),80.25,5048.03,No
CUST-104257,Male,0,No,Yes,31,Yes,No,Fiber optic,No,No,No,No,No,Yes,Two year,Yes,Mailed check,71.92,2234.84,No
CUST-103039,Male,0,No,Yes,44,Yes,Yes,Fiber optic,Yes,No,Yes,No,No,Yes,One year,Yes,Electronic check,88.66,3899.47,No
CUST-102677,Female,0,Yes,No,36,Yes,Yes,Fiber optic,No,No,Yes,No,No,Yes,One year,Yes,Mailed check,79.41,2847.53,No
CUST-100288,Female,0,Yes,No,26,No,No phone service,Fiber optic,No,No,Yes,Yes,Yes,No,Month-to-month,No,Electronic check,78.48,2064.03,No
CUST-103107,Male,0,No,No,0,Yes,No,Fiber optic,No,No,No,Yes,Yes,Yes,One year,Yes,Electronic check,84.09,84.09,No
CUST-106966,Female,0,Yes,Yes,3,Yes,Yes,DSL,No,Yes,No,Yes,Yes,Yes,Two year,Yes,Bank transfer (automatic),76.1,212.04,No
CUST-106044,Female,0,No,No,16,Yes,Yes,DSL,No,No,No,Yes,No,Yes,Month-to-month,Yes,Bank transfer (automatic),63.32,987.47,Yes
CUST-100575,Male,0,Yes,No,11,Yes,No,No,No internet service,No internet service,No internet service,No internet service,No internet service,No internet service,Month-to-month,No,Bank transfer (automatic),21.2,234.34,No
CUST-100850,Female,0,Yes,Yes,42,Yes,Yes,Fiber optic,Yes,Yes,No,Yes,No,No,One year,Yes,Credit card (automatic),88.79,3717.09,Yes
CUST-103883,Male,0,Yes,Yes,70,Yes,No,No,No internet service,No internet service,No internet service,No internet service,No internet service,No internet service,Month-to-month,Yes,Bank transfer (automatic),23.32,1636.1,No
CUST-105007,Female,0,No,No,46,Yes,Yes,Fiber optic,No,No,Yes,No,Yes,Yes,One year,No,Mailed check,92.12,4222.99,No
CUST-105350,Male,0,Yes,Yes,47,Yes,No,No,No internet service,No internet service,No internet service,No internet service,No internet service,No internet service,One year,Yes,Credit card (automatic),21.42,1038.66,No
CUST-105929,Male,0,Yes,Yes,50,Yes,Yes,No,No internet service,No internet service,No internet service,No internet service,No internet service,No internet service,Two year,Yes,Electronic check,26.28,1291.46,No
CUST-101722,Female,0,No,No,1,Yes,No,DSL,Yes,No,No,No,No,Yes,One year,No,Bank transfer (automatic),58.48,40.15,No
CUST-106229,Male,1,No,No,22,Yes,Yes,Fiber optic,No,Yes,No,Yes,Yes,Yes,Month-to-month,Yes,Mailed check,101.24,2225.41,No
CUST-105831,Male,0,No,Yes,55,Yes,No,DSL,No,No,No,No,No,Yes,Month-to-month,Yes,Electronic check,55.77,3100.24,Yes
CUST-105028,Female,0,No,No,47,Yes,Yes,Fiber optic,Yes,Yes,No,Yes,No,No,Month-to-month,Yes,Bank transfer (automatic),84.69,3944.17,No
CUST-103949,Male,0,No,No,11,Yes,No,Fiber optic,Yes,Yes,No,Yes,Yes,No,Month-to-month,Yes,Mailed check,88.69,972.34,Yes
CUST-101100,Male,0,No,No,13,Yes,No,Fiber optic,Yes,No,No,No,Yes,Yes,One year,Yes,Mailed check,83.78,1052.02,No
CUST-101207,Female,0,Yes,Yes,51,Yes,No,DSL,No,Yes,Yes,No,Yes,Yes,Month-to-month,Yes,Bank transfer (automatic),70.4,3584.48,No
CUST-106391,Male,0,Yes,Yes,42,Yes,Yes,DSL,No,No,No,No,Yes,Yes,Month-to-month,No,Electronic check,64.15,2686.94,No
CUST-101843,Female,0,No,No,25,Yes,No,No,No internet service,No internet service,No internet service,No internet service,No internet service,No internet service,Month-to-month,No,Mailed check,23.67,652.96,No
CUST-101848,Female,0,No,No,8,Yes,No,Fiber optic,No,Yes,Yes,No,Yes,No,Two year,Yes,Credit card (automatic),81.21,676.12,No
CUST-102524,Male,0,Yes,No,47,Yes,Yes,Fiber optic,No,Yes,Yes,No,No,No,Month-to-month,Yes,Electronic check,86.07,4061.41,Yes
CUST-103947,Male,0,No,No,45,Yes,No,DSL,Yes,Yes,No,Yes,No,No,Month-to-month,No,Credit card (automatic),65.27,2934.31,No
CUST-101694,Male,1,Yes,No,19,Yes,No,No,No internet service,No internet service,No internet service,No internet service,No internet service,No internet service,Month-to-month,No,Mailed check,20.61,399.62,No
CUST-104181,Male,0,No,No,3,Yes,No,Fiber optic,No,No,Yes,No,No,Yes,Two year,Yes,Mailed check,74.13,254.07,No
CUST-104565,Male,0,No,No,3,Yes,No,DSL,No,No,No,Yes,Yes,No,Month-to-month,Yes,Credit card (automatic),60.53,178.18,No
CUST-106369,Male,1,No,No,63,Yes,Yes,Fiber optic,No,Yes,No,No,Yes,No,Two year,No,Bank transfer (automatic),78.27,4927.15,No
CUST-103960,Female,0,No,No,16,Yes,No,No,No internet service,No internet service,No internet service,No internet service,No internet service,No internet service,Month-to-month,Yes,Electronic check,20.04,319.67,Yes
CUST-106475,Male,0,Yes,Yes,47,Yes,Yes,DSL,Yes,Yes,Yes,Yes,No,Yes,Month-to-month,No,Electronic check,82.14,3844.94,Yes
CUST-100233,Female,0,No,No,3,Yes,No,No,No internet service,No internet service,No internet service,No internet service,No internet service,No internet service,Month-to-month,No,Mailed check,28.42,118.27,No
CUST-106732,Female,0,No,No,67,Yes,No,DSL,Yes,Yes,Yes,No,Yes,Yes,Month-to-month,Yes,Bank transfer (automatic),78.39,5274.49,No
CUST-106619,Male,0,No,No,2,Yes,No,Fiber optic,Yes,Yes,Yes,No,Yes,No,Two year,Yes,Electronic check,85.26,208.78,No
CUST-103332,Male,0,Yes,Yes,1,Yes,No,DSL,No,Yes,Yes,Yes,No,No,One year,Yes,Electronic check,59.99,45.8,No
CUST-105781,Male,1,No,No,43,Yes,Yes,No,No internet service,No internet service,No internet service,No internet service,No internet service,No internet service,One year,No,Bank transfer (automatic),30.53,1298.7,No
CUST-102647,Female,0,Yes,Yes,34,Yes,Yes,Fiber optic,Yes,Yes,No,Yes,Yes,No,Two year,No,Credit card (automatic),99.1,3364.12,No
CUST-104041,Female,0,No,No,19,Yes,Yes,No,No internet service,No internet service,No internet service,No internet service,No internet service,No internet service,Month-to-month,No,Mailed check,26.34,475.42,No
CUST-106565,Male,1,Yes,No,62,Yes,Yes,Fiber optic,No,Yes,Yes,Yes,No,Yes,Two year,Yes,Credit card (automatic),92.81,5758.24,No
CUST-101711,Male,0,Yes,Yes,64,Yes,No,Fiber optic,Yes,No,No,Yes,Yes,Yes,Month-to-month,Yes,Bank transfer (automatic),91.23,5851.48,No
CUST-100182,Male,0,No,No,17,Yes,Yes,Fiber optic,Yes,No,No,No,No,No,One year,Yes,Credit card (automatic),76.38,1277.09,Yes
CUST-105084,Female,1,No,No,17,Yes,No,No,No internet service,No internet service,No internet service,No internet service,No internet service,No internet service,Month-to-month,No,Mailed check,22.76,339.55,No
CUST-105096,Female,0,Yes,Yes,69,Yes,No,DSL,No,No,No,No,No,Yes,One year,Yes,Credit card (automatic),47.81,3312.65,No
CUST-105737,Female,0,No,No,51,Yes,Yes,Fiber optic,Yes,No,Yes,No,Yes,Yes,Two year,Yes,Electronic check,96.08,4912.68,No
CUST-105452,Female,0,No,Yes,9,Yes,Yes,DSL,No,No,Yes,No,No,Yes,One year,No,Mailed check,65.25,555.41,No
CUST-101462,Male,0,No,No,43,Yes,Yes,Fiber optic,No,No,No,No,Yes,No,Month-to-month,Yes,Electronic check,74.45,3196.02,Yes
CUST-100049,Female,1,No,No,60,Yes,No,DSL,Yes,No,No,Yes,No,Yes,Month-to-month,Yes,Electronic check,67.92,4100.85,No
CUST-106889,Female,0,No,No,68,Yes,No,Fiber optic,Yes,Yes,Yes,No,No,No,One year,Yes,Electronic check,79.6,5366.07,No
CUST-106673,Female,0,Yes,Yes,45,Yes,No,Fiber optic,No,No,Yes,No,No,Yes,One year,No,Electronic check,75.37,3383.8,No
CUST-105354,Female,0,No,No,7,Yes,No,Fiber optic,Yes,No,No,No,No,Yes,One year,Yes,Electronic check,75.51,501.42,Yes
CUST-104582,Male,0,Yes,No,3,No,No phone service,No,No internet service,No internet service,No internet service,No internet service,No internet service,No internet service,Month-to-month,No,Bank transfer (automatic),18.0,68.66,No
CUST-106964,Male,0,No,No,8,Yes,Yes,Fiber optic,No,No,No,No,No,Yes,One year,No,Electronic check,78.63,652.53,Yes
CUST-106641,Male,0,Yes,No,6,Yes,Yes,No,No internet service,No internet service,No internet service,No internet service,No internet service,No internet service,Month-to-month,No,Bank transfer (automatic),30.3,170.04,Yes
CUST-106004,Male,0,Yes,No,72,Yes,No,No,No internet service,No internet service,No internet service,No internet service,No internet service,No internet service,Month-to-month,No,Bank transfer (automatic),21.47,1560.22,No
CUST-100106,Female,0,Yes,No,5,Yes,No,DSL,No,No,Yes,Yes,Yes,Yes,One year,No,Electronic check,72.39,364.56,No
CUST-100443,Male,0,Yes,Yes,30,Yes,Yes,Fiber optic,No,Yes,Yes,Yes,Yes,Yes,One year,No,Electronic check,105.91,3162.07,Yes
CUST-101954,Female,1,No,No,50,Yes,Yes,Fiber optic,No,No,No,Yes,Yes,No,Month-to-month,Yes,Electronic check,83.73,4177.87,Yes
CUST-104742,Male,1,Yes,Yes,34,Yes,No,DSL,No,Yes,Yes,Yes,Yes,Yes,Month-to-month,No,Mailed check,78.11,2654.3,No
CUST-105858,Male,0,No,No,15,Yes,No,Fiber optic,Yes,Yes,No,No,No,Yes,Month-to-month,Yes,Electronic check,80.99,1233.76,Yes
CUST-100726,Female,0,Yes,Yes,22,Yes,Yes,DSL,Yes,Yes,No,No,Yes,Yes,One year,No,Bank transfer (automatic),71.74,1592.53,Yes
CUST-102238,Male,1,Yes,Yes,32,Yes,No,No,No internet service,No internet service,No internet service,No internet service,No internet service,No internet service,One year,Yes,Mailed check,19.7,633.5,No
CUST-105952,Male,0,Yes,Yes,56,No,No phone service,DSL,Yes,Yes,No,No,Yes,Yes,Month-to-month,Yes,Mailed check,69.5,3887.12,Yes
CUST-102330,Male,0,Yes,No,63,Yes,No,DSL,No,No,No,No,No,No,Two year,Yes,Mailed check,51.05,3197.3,No
CUST-104125,Female,0,Yes,Yes,51,No,No phone service,No,No internet service,No internet service,No internet service,No internet service,No internet service,No internet service,One year,No,Mailed check,20.42,1046.77,No
CUST-100169,Male,0,Yes,No,22,Yes,No,DSL,Yes,No,No,No,No,No,Month-to-month,Yes,Electronic check,48.67,1091.74,No
CUST-101001,Female,0,No,No,11,No,No phone service,Fiber optic,No,No,No,Yes,Yes,No,Month-to-month,No,Mailed check,69.38,758.77,Yes
CUST-103252,Male,0,No,Yes,32,Yes,No,Fiber optic,Yes,No,No,Yes,No,No,One year,Yes,Credit card (automatic),77.95,2511.32,No
CUST-102148,Female,0,Yes,Yes,36,Yes,No,Fiber optic,Yes,No,No,Yes,No,No,Two year,Yes,Credit card (automatic),71.15,2561.37,No
CUST-100197,Male,0,No,No,5,Yes,Yes,No,No internet service,No internet service,No internet service,No internet service,No internet service,No internet service,One year,Yes,Bank transfer (automatic),33.52,129.23,No
CUST-104591,Male,0,No,No,49,Yes,No,Fiber optic,Yes,No,No,No,No,Yes,Month-to-month,Yes,Mailed check,78.26,3795.17,No
CUST-106122,Female,1,No,No,10,Yes,Yes,Fiber optic,No,No,Yes,Yes,No,No,Month-to-month,No,Credit card (automatic),79.96,797.12,No
CUST-103793,Female,0,No,No,63,No,No phone service,DSL,No,Yes,No,Yes,Yes,No,Month-to-month,No,Electronic check,57.5,3645.8,No
CUST-100647,Female,0,Yes,No,29,Yes,Yes,No,No internet service,No internet service,No internet service,No internet service,No internet service,No internet service,Month-to-month,No,Bank transfer (automatic),30.08,859.97,No
CUST-103035,Female,0,Yes,Yes,49,Yes,No,Fiber optic,No,No,No,No,Yes,No,One year,Yes,Credit card (automatic),76.76,3766.65,No
CUST-104140,Female,0,No,No,24,Yes,No,No,No internet service,No internet service,No internet service,No internet service,No internet service,No internet service,Two year,No,Bank transfer (automatic),19.22,435.54,No
CUST-103733,Female,0,Yes,Yes,42,Yes,Yes,No,No internet service,No internet service,No internet service,No internet service,No internet service,No internet service,Two year,Yes,Bank transfer (automatic),28.73,1206.21,No
CUST-102758,Male,0,Yes,Yes,65,Yes,Yes,Fiber optic,Yes,No,No,Yes,No,No,Month-to-month,Yes,Bank transfer (automatic),83.91,5439.48,No
CUST-100373,Male,0,Yes,No,71,Yes,No,No,No internet service,No internet service,No internet service,No internet service,No internet service,No internet service,Month-to-month,Yes,Credit card (automatic),18.0,1285.48,No
CUST-104774,Male,0,No,No,59,Yes,No,DSL,No,Yes,Yes,No,Yes,Yes,Two year,Yes,Bank transfer (automatic),77.44,4593.53,No
CUST-100566,Male,0,No,No,46,Yes,No,Fiber optic,No,No,Yes,No,No,No,One year,No,Mailed check,69.73,3209.29,No
CUST-103720,Female,0,Yes,Yes,32,Yes,No,Fiber optic,Yes,No,No,Yes,No,No,Two year,Yes,Electronic check,77.05,2473.02,No
CUST-102895,Female,0,No,Yes,54,Yes,No,Fiber optic,No,Yes,Yes,No,Yes,No,Month-to-month,No,Electronic check,83.14,4506.94,Yes
CUST-104556,Male,0,No,No,36,Yes,No,Fiber optic,Yes,No,No,Yes,No,No,Month-to-month,No,Electronic check,70.52,2531.47,No
CUST-106028,Female,0,Yes,No,10,Yes,No,No,No internet service,No internet service,No internet service,No internet service,No internet service,No internet service,One year,Yes,Electronic check,22.98,235.64,Yes
CUST-103485,Male,0,Yes,No,20,Yes,No,DSL,No,Yes,Yes,No,Yes,No,Month-to-month,Yes,Mailed check,59.96,1244.76,No
CUST-101155,Female,1,No,No,2,Yes,No,No,No internet service,No internet service,No internet service,No internet service,No internet service,No internet service,Month-to-month,Yes,Bank transfer (automatic),24.15,78.6,No
CUST-104135,Female,0,No,No,1,Yes,No,No,No internet service,No internet service,No internet service,No internet service,No internet service,No internet service,One year,Yes,Credit card (automatic),25.89,13.74,No
CUST-106578,Male,0,No,No,2,Yes,No,Fiber optic,Yes,No,No,No,No,Yes,Month-to-month,Yes,Credit card (automatic),72.96,123.86,Yes
CUST-100973,Male,0,Yes,Yes,9,Yes,No,Fiber optic,No,No,No,Yes,No,No,Month-to-month,Yes,Bank transfer (automatic),70.03,642.88,No
CUST-103287,Male,0,Yes,Yes,43,Yes,Yes,DSL,No,No,Yes,No,No,No,Month-to-month,Yes,Electronic check,57.58,2499.44,No
CUST-103627,Male,0,No,No,23,No,No phone service,Fiber optic,Yes,Yes,No,Yes,Yes,Yes,Two year,Yes,Bank transfer (automatic),86.03,1991.95,No
CUST-103638,Male,0,Yes,Yes,71,Yes,No,DSL,No,No,No,No,No,No,One year,No,Bank transfer (automatic),43.62,3109.21,No
CUST-105882,Female,0,No,No,64,Yes,No,No,No internet service,No internet service,No internet service,No internet service,No internet service,No internet service,Month-to-month,Yes,Mailed check,28.43,1827.83,No
CUST-105594,Female,0,No,No,28,Yes,No,Fiber optic,No,No,Yes,Yes,Yes,No,Month-to-month,No,Electronic check,82.13,2292.74,Yes
CUST-106600,Male,1,Yes,Yes,22,Yes,No,No,No internet service,No internet service,No internet service,No internet service,No internet service,No internet service,Month-to-month,No,Electronic check,24.93,551.8,Yes
CUST-101835,Male,0,No,No,56,No,No phone service,DSL,Yes,No,Yes,No,Yes,No,One year,Yes,Mailed check,59.3,3291.57,No
CUST-102308,Male,0,No,No,2,Yes,No,DSL,Yes,No,No,No,No,Yes,One year,Yes,Mailed check,58.34,145.08,No
CUST-101840,Male,0,Yes,No,1,Yes,Yes,No,No internet service,No internet service,No internet service,No internet service,No internet service,No internet service,Month-to-month,No,Credit card (automatic),26.46,82.91,Yes
CUST-106179,female ,0,Yes,Yes,9,Yes,No,Fiber optic,Yes,Yes,Yes,No,No,Yes,Month-to-month,Yes,Mailed check,82.13,752.47,No
CUST-104923,Female,1,Yes,Yes,18,Yes,Yes,Fiber optic,No,No,Yes,No,No,No,One year,Yes,Mailed check,76.68,1392.71,No
CUST-106031,Female,0,Yes,No,10,Yes,No,No,No internet service,No internet service,No internet service,No internet service,No internet service,No internet service,Two year,Yes,Electronic check,24.47,253.28,No
CUST-102044,Male,0,Yes,Yes,37,No,No phone service,DSL,Yes,No,No,No,No,No,Month-to-month,No,Bank transfer (automatic),46.16,1701.42,No
CUST-104405,Female,0,No,No,31,Yes,Yes,Fiber optic,No,No,No,Yes,Yes,Yes,Month-to-month,Yes,Electronic check,89.35,2761.6,Yes
CUST-104372,Male,0,No,No,19,Yes,Yes,Fiber optic,No,No,Yes,Yes,No,No,Month-to-month,Yes,Electronic check,79.37,1484.27,No
CUST-104732,Female,1,Yes,No,5,Yes,No,Fiber optic,Yes,No,Yes,No,No,Yes,Two year,Yes,Electronic check,85.24,427.06,Yes
CUST-104750,Male,0,No,No,51,Yes,No,Fiber optic,No,No,Yes,Yes,Yes,No,Two year,Yes,Credit card (automatic),81.6,4184.49,No
CUST-104718,Male,0,Yes,Yes,25,Yes,No,Fiber optic,No,No,No,Yes,No,No,Month-to-month,No,Mailed check,69.67,1707.53,No
CUST-105955,Female,0,No,No,58,Yes,No,DSL,Yes,Yes,Yes,No,Yes,Yes,Month-to-month,No,Bank transfer (automatic),73.7,4310.33,No
CUST-100844,Male,0,No,No,12,Yes,No,No,No internet service,No internet service,No internet service,No internet service,No internet service,No internet service,Month-to-month,No,Bank transfer (automatic),24.06,284.47,No
CUST-104489,Male,1,No,No,28,Yes,Yes,Fiber optic,No,Yes,Yes,Yes,No,No,Month-to-month,Yes,Credit card (automatic),86.18,2467.8,No
CUST-102155,Male,0,Yes,No,2,Yes,No,DSL,Yes,Yes,Yes,No,No,Yes,One year,Yes,Mailed check,69.13,128.68,No
CUST-100349,Male,0,No,No,26,Yes,Yes,Fiber optic,No,Yes,No,Yes,No,No,Month-to-month,Yes,Electronic check,85.44,2205.63,No
CUST-106668,Male,1,No,No,47,Yes,No,Fiber optic,No,No,No,No,No,No,Two year,Yes,Electronic check,62.94,2975.4,No
CUST-100784,Male,1,No,No,40,Yes,No,DSL,Yes,No,No,No,No,Yes,Two year,No,Mailed check,63.45,2542.82,No
CUST-100047,Female,1,Yes,No,37,Yes,Yes,DSL,No,No,No,No,Yes,No,One year,No,Credit card (automatic),55.91,2042.5,No
CUST-106074,Female,0,No,No,0,Yes,No,No,No internet service,No internet service,No internet service,No internet service,No internet service,No internet service,One year,Yes,Electronic check,28.11,28.11,No
CUST-106347,Female,0,Yes,Yes,46,Yes,Yes,Fiber optic,No,No,No,No,Yes,Yes,One year,No,Mailed check,91.11,4189.06,Yes
CUST-103651,Male,0,Yes,No,8,Yes,No,DSL,No,No,No,Yes,No,No,One year,Yes,Electronic check,49.05,362.26,No
CUST-105751,Male,0,No,No,37,No,No phone service,Fiber optic,Yes,No,Yes,No,Yes,No,One year,Yes,Bank transfer (automatic),73.02,2721.24,Yes
CUST-106165,Female,0,Yes,Yes,20,Yes,No,Fiber optic,Yes,Yes,Yes,No,Yes,Yes,One year,Yes,Bank transfer (automatic),95.07,1867.93,Yes
CUST-104498,Male,0,Yes,Yes,41,Yes,Yes,Fiber optic,Yes,No,No,Yes,No,Yes,Month-to-month,Yes,Credit card (automatic),85.57,3503.02,No
CUST-104018,Male,0,Yes,Yes,27,Yes,No,Fiber optic,Yes,No,Yes,No,Yes,Yes,Month-to-month,No,Electronic check,91.45,2491.45,No
CUST-105203,Female,0,No,No,9,Yes,No,DSL,No,Yes,No,No,No,No,Month-to-month,No,Mailed check,47.42,398.39,No
CUST-105250,Male,0,Yes,No,26,Yes,Yes,DSL,No,Yes,No,No,Yes,No,Month-to-month,No,Electronic check,67.22,1758.06,Yes
CUST-101439,Female,0,No,No,14,Yes,Yes,Fiber optic,No,No,No,Yes,Yes,No,Month-to-month,Yes,Bank transfer (automatic),83.07,1154.15,Yes
CUST-106993,Female,0,Yes,Yes,62,Yes,No,Fiber optic,Yes,Yes,No,No,No,No,Month-to-month,Yes,Mailed check,75.53,4712.14,No
CUST-106097,Female,0,Yes,Yes,61,Yes,No,No,No internet service,No internet service,No internet service,No internet service,No internet service,No internet service,Month-to-month,Yes,Credit card (automatic),20.03,1231.53,No
CUST-105085,Male,0,No,No,42,Yes,No,DSL,No,Yes,Yes,No,Yes,Yes,Month-to-month,Yes,Electronic check,67.03,2832.44,Yes
CUST-101865,Male,1,No,No,44,Yes,No,Fiber optic,No,No,No,No,Yes,Yes,One year,Yes,Mailed check,78.96,3460.25,Yes
CUST-106885,Male,0,Yes,Yes,42,Yes,No,No,No internet service,No internet service,No internet service,No internet service,No internet service,No internet service,Two year,Yes,Mailed check,23.18,943.08,No
CUST-105406,Female,0,No,No,65,Yes,No,Fiber optic,No,No,No,No,Yes,Yes,Month-to-month,Yes,Bank transfer (automatic),80.4,5185.56,Yes
CUST-103195,Male,0,Yes,Yes,49,Yes,No,Fiber optic,No,Yes,No,Yes,Yes,No,One year,No,Mailed check,81.3,4010.45,Yes
CUST-100033,Female,0,No,No,32,Yes,Yes,No,No internet service,No internet service,No internet service,No internet service,No internet service,No internet service,One year,Yes,Electronic check,23.69,741.21,No
CUST-100787,Female,0,No,No,27,No,No phone service,No,No internet service,No internet service,No internet service,No internet service,No internet service,No internet service,Two year,Yes,Electronic check,18.0,474.77,No
CUST-105139,Female,0,Yes,No,60,Yes,Yes,No,No internet service,No internet service,No internet service,No internet service,No internet service,No internet service,One year,Yes,Electronic check,23.36,1362.55,No
CUST-104577,Male,0,No,No,25,Yes,Yes,DSL,No,No,Yes,Yes,Yes,Yes,Month-to-month,Yes,Mailed check,82.2,2033.25,No
CUST-105339,Male,0,No,No,43,Yes,Yes,Fiber optic,Yes,Yes,No,Yes,No,Yes,Month-to-month,Yes,Mailed check,92.56,3975.7,Yes
CUST-102627,Male,0,No,No,8,Yes,No,DSL,Yes,Yes,No,No,Yes,No,Two year,No,Bank transfer (automatic),63.65,506.17,No
CUST-106625,Female,0,No,No,20,No,No phone service,No,No internet service,No internet service,No internet service,No internet service,No internet service,No internet service,Month-to-month,Yes,Electronic check,19.47,375.55,No
CUST-100931,Female,1,Yes,No,16,Yes,No,Fiber optic,No,No,No,Yes,Yes,No,One year,Yes,Electronic check,77.84,1271.1,No
CUST-102404,Male,0,Yes,Yes,46,Yes,No,DSL,Yes,Yes,Yes,No,Yes,Yes,One year,Yes,Bank transfer (automatic),76.77,3526.84,No
CUST-101685,Female,1,Yes,No,16,Yes,No,DSL,No,No,No,No,No,No,Two year,Yes,Electronic check,44.93,728.93,No
CUST-101248,Male,1,Yes,Yes,11,Yes,No,Fiber optic,Yes,Yes,No,Yes,No,Yes,Two year,Yes,Mailed check,81.56,910.03,No
CUST-104855,Female,0,Yes,Yes,39,Yes,No,No,No internet service,No internet service,No internet service,No internet service,No internet service,No internet service,Month-to-month,Yes,Electronic check,22.09,,Yes
CUST-100092,Female,0,No,No,12,Yes,No,DSL,No,No,Yes,Yes,No,No,Month-to-month,Yes,Mailed check,54.21,635.86,No
CUST-105271,Male,1,Yes,Yes,40,Yes,No,Fiber optic,Yes,Yes,No,Yes,Yes,No,One year,No,Electronic check,87.23,3515.24,No
CUST-105511,Female,0,Yes,Yes,37,Yes,Yes,No,No internet service,No internet service,No internet service,No internet service,No internet service,No internet service,Month-to-month,No,Electronic check,25.26,964.47,No
CUST-105437,Male,0,No,No,67,Yes,No,DSL,Yes,Yes,No,Yes,No,No,Two year,Yes,Electronic check,65.7,4423.28,No
CUST-105568,Male,0,Yes,Yes,64,Yes,No,Fiber optic,No,No,Yes,No,No,Yes,Month-to-month,No,Bank transfer (automatic),80.33,5110.29,No
CUST-102851,Male,1,No,No,51,Yes,No,DSL,No,Yes,Yes,No,No,Yes,One year,No,Credit card (automatic),63.6,3252.46,No
CUST-102793,Female,1,Yes,Yes,16,Yes,No,DSL,No,Yes,Yes,No,No,Yes,One year,Yes,Mailed check,69.39,1123.2,No
CUST-106423,Female,0,No,No,69,Yes,No,No,No internet service,No internet service,No internet service,No internet service,No internet service,No internet service,Two year,Yes,Credit card (automatic),21.56,1496.06,No
CUST-105703,Male,0,No,No,51,Yes,No,No,No internet service,No internet service,No internet service,No internet service,No internet service,No internet service,Month-to-month,No,Electronic check,21.86,1119.3,No
CUST-100764,Male,0,Yes,Yes,42,Yes,Yes,Fiber optic,No,No,No,Yes,Yes,No,Month-to-month,No,Electronic check,86.02,3614.27,No
CUST-106748,Male,0,Yes,No,53,Yes,No,Fiber optic,No,Yes,No,No,Yes,Yes,Two year,No,Electronic check,87.34,4627.78,No
CUST-102988,Female,0,No,No,2,Yes,Yes,Fiber optic,No,No,Yes,Yes,No,Yes,Two year,Yes,Mailed check,86.97,219.57,No
CUST-105469,Male,0,No,No,15,Yes,Yes,No,No internet service,No internet service,No internet service,No internet service,No internet service,No internet service,Two year,No,Credit card (automatic),30.76,482.23,No
CUST-106047,Female,0,No,No,63,Yes,Yes,DSL,No,Yes,Yes,Yes,No,Yes,One year,No,Bank transfer (automatic),69.02,4353.66,No
CUST-102448,Female,0,Yes,Yes,52,Yes,Yes,DSL,Yes,No,Yes,No,No,No,Two year,Yes,Bank transfer (automatic),62.02,3219.6,No
CUST-101728,Male,0,No,Yes,71,Yes,Yes,DSL,No,Yes,No,No,No,No,Month-to-month,Yes,Mailed check,57.49,4114.33,No
CUST-100257,Male,0,No,No,4,Yes,Yes,DSL,No,Yes,Yes,No,Yes,Yes,Month-to-month,Yes,Credit card (automatic),74.59,302.94,Yes
CUST-105040,Male,0,Yes,Yes,7,Yes,Yes,Fiber optic,No,Yes,Yes,No,No,Yes,Month-to-month,No,Bank transfer (automatic),87.5,592.49,No
CUST-101219,Male,0,No,No,18,Yes,Yes,DSL,No,No,No,No,No,No,One year,No,Credit card (automatic),49.02,882.1,Yes
CUST-101161,Male,1,Yes,Yes,28,Yes,No,No,No internet service,No internet service,No internet service,No internet service,No internet service,No internet service,Two year,Yes,Credit card (automatic),23.95,667.05,Yes
CUST-106638,Female,0,No,No,66,Yes,No,DSL,Yes,Yes,No,No,Yes,Yes,Two year,Yes,Electronic check,65.95,4353.06,No
CUST-100772,Male,0,No,No,16,Yes,No,No,No internet service,No internet service,No internet service,No internet service,No internet service,No internet service,Month-to-month,Yes,Electronic check,18.0,280.49,Yes
CUST-106694,Male,0,Yes,Yes,51,No,No phone service,No,No internet service,No internet service,No internet service,No internet service,No internet service,No internet service,Month-to-month,No,Electronic check,18.64,911.93,No
CUST-105582,Female,0,No,No,66,Yes,No,No,No internet service,No internet service,No internet service,No internet service,No internet service,No internet service,Two year,No,Mailed check,25.14,1672.07,No
CUST-106345,Female,0,Yes,No,30,Yes,Yes,No,No internet service,No internet service,No internet service,No internet service,No internet service,No internet service,Month-to-month,Yes,Electronic check,32.27,958.69,No
CUST-100312,Male,0,Yes,Yes,61,Yes,No,DSL,No,Yes,No,No,Yes,No,Month-to-month,No,Bank transfer (automatic),52.89,,No
CUST-104386,Male,0,No,No,65,Yes,No,No,No internet service,No internet service,No internet service,No internet service,No internet service,No internet service,Month-to-month,Yes,Electronic check,22.93,1486.14,No
CUST-104032,Male,0,No,No,12,Yes,No,DSL,Yes,No,No,No,No,Yes,Month-to-month,Yes,Electronic check,58.9,740.66,No
CUST-104859,Female,0,Yes,No,10,Yes,Yes,DSL,Yes,No,Yes,No,No,Yes,Two year,Yes,Electronic check,72.77,724.35,No
CUST-102997,Male,0,Yes,No,6,Yes,Yes,No,No internet service,No internet service,No internet service,No internet service,No internet service,No internet service,One year,No,Electronic check,22.06,132.93,Yes
CUST-104279,Female,0,Yes,Yes,20,Yes,No,DSL,No,No,Yes,No,No,No,Two year,Yes,Bank transfer (automatic),53.15,1074.42,No
CUST-101176,Male,0,Yes,No,53,No,No phone service,DSL,No,Yes,Yes,No,Yes,No,Month-to-month,Yes,Electronic check,56.11,2997.42,No
CUST-103896,Female,0,No,No,67,Yes,Yes,DSL,No,Yes,Yes,No,No,No,One year,No,Bank transfer (automatic),56.72,3802.73,No
CUST-101349,Female,0,Yes,Yes,16,Yes,Yes,DSL,Yes,Yes,No,No,No,No,One year,Yes,Electronic check,61.15,1021.62,No
CUST-103775,Male,0,No,No,70,Yes,No,Fiber optic,No,No,No,No,Yes,No,Two year,No,Mailed check,71.09,4970.07,No
CUST-103116,Female,0,Yes,Yes,6,Yes,No,Fiber optic,No,Yes,Yes,No,No,Yes,Two year,No,Bank transfer (automatic),86.53,480.89,No
CUST-103516,Male,0,Yes,Yes,28,No,No phone service,Fiber optic,No,No,No,No,No,Yes,Month-to-month,Yes,Bank transfer (automatic),68.21,1885.19,No
CUST-102298,Male,0,No,No,6,Yes,No,Fiber optic,No,No,No,No,Yes,No,Two year,No,Mailed check,70.99,438.56,No
CUST-102871,Female,0,No,Yes,72,Yes,No,No,No internet service,No internet service,No internet service,No internet service,No internet service,No internet service,One year,No,Mailed check,20.24,1449.4,No
CUST-105195,Male,0,No,No,67,Yes,No,Fiber optic,Yes,No,Yes,No,No,No,Month-to-month,No,Electronic check,75.45,5048.68,No
CUST-100391,Male,0,Yes,Yes,36,Yes,Yes,No,No internet service,No internet service,No internet service,No internet service,No internet service,No internet service,Month-to-month,Yes,Credit card (automatic),23.72,858.03,No
CUST-106015,Male,1,No,No,34,Yes,No,DSL,Yes,Yes,No,No,No,No,Month-to-month,No,Electronic check,54.17,1836.41,No
CUST-101456,Female,1,No,No,33,Yes,No,No,No internet service,No internet service,No internet service,No internet service,No internet service,No internet service,Month-to-month,Yes,Electronic check,30.62,1010.89,No
CUST-101092,Female,0,No,No,18,No,No phone service,DSL,Yes,Yes,Yes,No,No,No,Month-to-month,No,Credit card (automatic),51.42,922.41,Yes
CUST-106118,Female,0,No,No,15,Yes,No,DSL,No,No,No,No,No,Yes,Month-to-month,Yes,Bank transfer (automatic),50.56,750.8,No
CUST-103239,Male,0,No,No,52,Yes,Yes,Fiber optic,No,Yes,Yes,No,No,No,Month-to-month,Yes,Credit card (automatic),78.91,4137.19,Yes
CUST-105000,Male,0,No,No,42,Yes,Yes,No,No internet service,No internet service,No internet service,No internet service,No internet service,No internet service,Month-to-month,Yes,Electronic check,27.12,1125.86,No
CUST-102778,Male,0,Yes,Yes,4,Yes,No,Fiber optic,No,No,No,Yes,No,No,Two year,Yes,Bank transfer (automatic),65.94,228.77,No
CUST-106698,Male,0,Yes,Yes,46,Yes,No,No,No internet service,No internet service,No internet service,No internet service,No internet service,No internet service,Two year,Yes,Bank transfer (automatic),27.18,1273.48,No
CUST-104462,Female,0,Yes,Yes,68,Yes,No,DSL,No,No,No,No,Yes,No,Month-to-month,Yes,Electronic check,52.08,3546.55,Yes
CUST-104441,Male,0,No,Yes,36,Yes,Yes,No,No internet service,No internet service,No internet service,No internet service,No internet service,No internet service,One year,Yes,Bank transfer (automatic),24.08,883.44,No
CUST-103656,Female,1,No,No,34,Yes,Yes,Fiber optic,No,No,No,No,Yes,No,Two year,No,Mailed check,78.9,2719.67,Yes
CUST-102583,Female,0,No,Yes,1,Yes,Yes,DSL,No,No,No,No,No,No,Month-to-month,Yes,Electronic check,50.01,39.23,Yes
CUST-103257,Male,1,Yes,No,6,Yes,No,Fiber optic,No,No,No,No,Yes,Yes,One year,No,Credit card (automatic),77.61,467.98,Yes
CUST-101372,Male,0,No,No,41,Yes,No,DSL,Yes,Yes,No,No,No,Yes,One year,Yes,Electronic check,59.8,2454.79,No
CUST-105735,Female,0,Yes,Yes,9,Yes,No,DSL,Yes,Yes,Yes,No,No,No,Two year,Yes,Credit card (automatic),59.59,519.86,Yes
CUST-100919,Female,0,No,No,39,Yes,No,Fiber optic,Yes,Yes,No,Yes,No,Yes,Month-to-month,Yes,Electronic check,90.43,3538.64,No
CUST-104307,Female,0,Yes,Yes,3,Yes,No,DSL,No,No,No,Yes,No,Yes,Month-to-month,No,Electronic check,58.77,174.59,No
CUST-105699,Male,0,Yes,Yes,24,Yes,No,Fiber optic,No,No,No,No,No,No,One year,Yes,Electronic check,68.56,1617.39,Yes
CUST-102550,Female,0,Yes,Yes,20,Yes,Yes,DSL,Yes,No,No,Yes,No,Yes,Month-to-month,Yes,Electronic check,68.87,1355.98,No
CUST-100537,Male,1,Yes,No,34,Yes,No,DSL,No,No,Yes,No,Yes,Yes,Month-to-month,Yes,Credit card (automatic),65.99,2246.97,Yes
CUST-101220,Female,0,Yes,No,70,Yes,No,Fiber optic,No,No,Yes,No,No,No,Month-to-month,Yes,Electronic check,67.15, ,No
CUST-104271,Female,0,No,No,51,Yes,Yes,Fiber optic,No,Yes,Yes,Yes,No,Yes,Month-to-month,Yes,Electronic check,94.08,4768.81,No
